{
  "gev_params": {
    "mu": {
      "bias": -6.6652845754896,
      "call_true": 92.6897759237562,
      "n_valid": 100,
      "nbias": -0.07190959854053657,
      "nrmse": 0.07193361612239146,
      "nstd": 0.0018587001324688098,
      "rmse": 6.667510759769961,
      "std": 0.17228249878798996
    },
    "sigma": {
      "bias": -0.7310041715956599,
      "call_true": 18.58101597689281,
      "n_valid": 100,
      "nbias": -0.039341453260937416,
      "nrmse": 0.040103434148186456,
      "nstd": 0.007780455371982087,
      "rmse": 0.7451625506357213,
      "std": 0.14456876557430065
    },
    "xi": {
      "bias": 0.05317958064377308,
      "call_true": 0.04999999999999999,
      "n_valid": 100,
      "nbias": 1.063591612875462,
      "nrmse": 1.074308515611656,
      "nstd": 0.15136600588207905,
      "rmse": 0.05371542578058279,
      "std": 0.00756830029410395
    }
  },
  "n_runs": 100,
  "pixel": [
    2,
    1
  ],
  "return_levels": {
    "10": {
      "bias": -5.7054276820607175,
      "call_true": 136.94708417620134,
      "n_valid": 100,
      "nbias": -0.041661549177052185,
      "nrmse": 0.041836124608257245,
      "nstd": 0.0038179369305540722,
      "rmse": 5.729335278333053,
      "std": 0.5228553302080163
    },
    "100": {
      "bias": 2.337507447783539,
      "call_true": 188.79428408664037,
      "n_valid": 100,
      "nbias": 0.012381240560814986,
      "nrmse": 0.0162448412471502,
      "nstd": 0.010516641541877435,
      "rmse": 3.066933173356848,
      "std": 1.9854818108945722
    }
  },
  "success_rate": 1.0,
  "t_idx": 30,
  "true_params": {
    "mu": 92.6897759237562,
    "sigma": 18.58101597689281,
    "xi": 0.05
  },
  "true_return_levels": {
    "10": 136.94708417620134,
    "100": 188.7942840866403
  }
}
