{
  "gev_params": {
    "mu": {
      "bias": -1.8479417410169434,
      "call_true": 92.6897759237562,
      "n_valid": 100,
      "nbias": -0.019936845489161654,
      "nrmse": 0.020278388957107957,
      "nstd": 0.003706109906229506,
      "rmse": 1.8795993285291088,
      "std": 0.343518496757226
    },
    "sigma": {
      "bias": -0.16119098484134806,
      "call_true": 18.58101597689281,
      "n_valid": 100,
      "nbias": -0.008675036125139968,
      "nrmse": 0.016857943931700037,
      "nstd": 0.01445455021202177,
      "rmse": 0.3132377255324816,
      "std": 0.26858022842837587
    },
    "xi": {
      "bias": 0.057763755097985266,
      "call_true": 0.04999999999999999,
      "n_valid": 100,
      "nbias": 1.1552751019597056,
      "nrmse": 1.1847546219535716,
      "nstd": 0.26264606037849175,
      "rmse": 0.05923773109767857,
      "std": 0.013132303018924586
    }
  },
  "n_runs": 100,
  "pixel": [
    2,
    1
  ],
  "return_levels": {
    "10": {
      "bias": 0.811218436103344,
      "call_true": 136.94708417620134,
      "n_valid": 100,
      "nbias": 0.00592359042168141,
      "nrmse": 0.009964625869785422,
      "nstd": 0.008012792599397613,
      "rmse": 1.3646264577738578,
      "std": 1.097328582596148
    },
    "100": {
      "bias": 11.804062318389006,
      "call_true": 188.79428408664037,
      "n_valid": 100,
      "nbias": 0.06252340941091179,
      "nrmse": 0.06585169755699152,
      "nstd": 0.020670494594300065,
      "rmse": 12.43242409616218,
      "std": 3.902471228647651
    }
  },
  "success_rate": 1.0,
  "t_idx": 30,
  "true_params": {
    "mu": 92.6897759237562,
    "sigma": 18.58101597689281,
    "xi": 0.05
  },
  "true_return_levels": {
    "10": 136.94708417620134,
    "100": 188.7942840866403
  }
}
