{
  "gev_params": {
    "mu": {
      "bias": 0.12041952717404995,
      "call_true": 92.6897759237562,
      "n_valid": 97,
      "nbias": 0.0012991673134812992,
      "nrmse": 0.023549452696512124,
      "nstd": 0.023513589402659133,
      "rmse": 2.182793493566805,
      "std": 2.1794693328956836
    },
    "sigma": {
      "bias": 0.05428576521443583,
      "call_true": 18.58101597689281,
      "n_valid": 97,
      "nbias": 0.002921571419019559,
      "nrmse": 0.08399267839735522,
      "nstd": 0.08394185156883967,
      "rmse": 1.560669299243277,
      "std": 1.5597248851305747
    },
    "xi": {
      "bias": 0.0551018284537743,
      "call_true": 0.049999999999999996,
      "n_valid": 97,
      "nbias": 1.102036569075486,
      "nrmse": 1.8627619234549424,
      "nstd": 1.5017980503029986,
      "rmse": 0.09313809617274711,
      "std": 0.07508990251514992
    }
  },
  "n_runs": 100,
  "pixel": [
    2,
    1
  ],
  "return_levels": {
    "10": {
      "bias": 3.3671642922566947,
      "call_true": 136.94708417620134,
      "n_valid": 97,
      "nbias": 0.02458733833225958,
      "nrmse": 0.05282927712543913,
      "nstd": 0.04675890626748496,
      "rmse": 7.234815461465381,
      "std": 6.403495872600372
    },
    "100": {
      "bias": 16.506354643123725,
      "call_true": 188.79428408664032,
      "n_valid": 97,
      "nbias": 0.08743037281546474,
      "nrmse": 0.1472265584262759,
      "nstd": 0.1184550100898838,
      "rmse": 27.795532696628683,
      "std": 22.363628826395367
    }
  },
  "success_rate": 0.97,
  "t_idx": 30,
  "true_params": {
    "mu": 92.6897759237562,
    "sigma": 18.58101597689281,
    "xi": 0.05
  },
  "true_return_levels": {
    "10": 136.94708417620134,
    "100": 188.7942840866403
  }
}
