{
  "full": {
    "gev_params": {
      "mu": {
        "bias": -6.6652845754896,
        "call_true": 92.6897759237562,
        "n_valid": 100,
        "nbias": -0.07190959854053657,
        "nrmse": 0.07193361612239146,
        "nstd": 0.0018587001324688098,
        "rmse": 6.667510759769961,
        "std": 0.17228249878798996
      },
      "sigma": {
        "bias": -0.7310041715956599,
        "call_true": 18.58101597689281,
        "n_valid": 100,
        "nbias": -0.039341453260937416,
        "nrmse": 0.040103434148186456,
        "nstd": 0.007780455371982087,
        "rmse": 0.7451625506357213,
        "std": 0.14456876557430065
      },
      "xi": {
        "bias": 0.05317958064377308,
        "call_true": 0.04999999999999999,
        "n_valid": 100,
        "nbias": 1.063591612875462,
        "nrmse": 1.074308515611656,
        "nstd": 0.15136600588207905,
        "rmse": 0.05371542578058279,
        "std": 0.00756830029410395
      }
    },
    "n_runs": 100,
    "pixel": [
      2,
      1
    ],
    "return_levels": {
      "10": {
        "bias": -5.7054276820607175,
        "call_true": 136.94708417620134,
        "n_valid": 100,
        "nbias": -0.041661549177052185,
        "nrmse": 0.041836124608257245,
        "nstd": 0.0038179369305540722,
        "rmse": 5.729335278333053,
        "std": 0.5228553302080163
      },
      "100": {
        "bias": 2.337507447783539,
        "call_true": 188.79428408664037,
        "n_valid": 100,
        "nbias": 0.012381240560814986,
        "nrmse": 0.0162448412471502,
        "nstd": 0.010516641541877435,
        "rmse": 3.066933173356848,
        "std": 1.9854818108945722
      }
    },
    "success_rate": 1.0,
    "t_idx": 30,
    "true_params": {
      "mu": 92.6897759237562,
      "sigma": 18.58101597689281,
      "xi": 0.05
    },
    "true_return_levels": {
      "10": 136.94708417620134,
      "100": 188.7942840866403
    }
  },
  "local": {
    "gev_params": {
      "mu": {
        "bias": -1.8479417410169434,
        "call_true": 92.6897759237562,
        "n_valid": 100,
        "nbias": -0.019936845489161654,
        "nrmse": 0.020278388957107957,
        "nstd": 0.003706109906229506,
        "rmse": 1.8795993285291088,
        "std": 0.343518496757226
      },
      "sigma": {
        "bias": -0.16119098484134806,
        "call_true": 18.58101597689281,
        "n_valid": 100,
        "nbias": -0.008675036125139968,
        "nrmse": 0.016857943931700037,
        "nstd": 0.01445455021202177,
        "rmse": 0.3132377255324816,
        "std": 0.26858022842837587
      },
      "xi": {
        "bias": 0.057763755097985266,
        "call_true": 0.04999999999999999,
        "n_valid": 100,
        "nbias": 1.1552751019597056,
        "nrmse": 1.1847546219535716,
        "nstd": 0.26264606037849175,
        "rmse": 0.05923773109767857,
        "std": 0.013132303018924586
      }
    },
    "n_runs": 100,
    "pixel": [
      2,
      1
    ],
    "return_levels": {
      "10": {
        "bias": 0.811218436103344,
        "call_true": 136.94708417620134,
        "n_valid": 100,
        "nbias": 0.00592359042168141,
        "nrmse": 0.009964625869785422,
        "nstd": 0.008012792599397613,
        "rmse": 1.3646264577738578,
        "std": 1.097328582596148
      },
      "100": {
        "bias": 11.804062318389006,
        "call_true": 188.79428408664037,
        "n_valid": 100,
        "nbias": 0.06252340941091179,
        "nrmse": 0.06585169755699152,
        "nstd": 0.020670494594300065,
        "rmse": 12.43242409616218,
        "std": 3.902471228647651
      }
    },
    "success_rate": 1.0,
    "t_idx": 30,
    "true_params": {
      "mu": 92.6897759237562,
      "sigma": 18.58101597689281,
      "xi": 0.05
    },
    "true_return_levels": {
      "10": 136.94708417620134,
      "100": 188.7942840866403
    }
  },
  "pointwise": {
    "gev_params": {
      "mu": {
        "bias": 0.12041952717404995,
        "call_true": 92.6897759237562,
        "n_valid": 97,
        "nbias": 0.0012991673134812992,
        "nrmse": 0.023549452696512124,
        "nstd": 0.023513589402659133,
        "rmse": 2.182793493566805,
        "std": 2.1794693328956836
      },
      "sigma": {
        "bias": 0.05428576521443583,
        "call_true": 18.58101597689281,
        "n_valid": 97,
        "nbias": 0.002921571419019559,
        "nrmse": 0.08399267839735522,
        "nstd": 0.08394185156883967,
        "rmse": 1.560669299243277,
        "std": 1.5597248851305747
      },
      "xi": {
        "bias": 0.0551018284537743,
        "call_true": 0.049999999999999996,
        "n_valid": 97,
        "nbias": 1.102036569075486,
        "nrmse": 1.8627619234549424,
        "nstd": 1.5017980503029986,
        "rmse": 0.09313809617274711,
        "std": 0.07508990251514992
      }
    },
    "n_runs": 100,
    "pixel": [
      2,
      1
    ],
    "return_levels": {
      "10": {
        "bias": 3.3671642922566947,
        "call_true": 136.94708417620134,
        "n_valid": 97,
        "nbias": 0.02458733833225958,
        "nrmse": 0.05282927712543913,
        "nstd": 0.04675890626748496,
        "rmse": 7.234815461465381,
        "std": 6.403495872600372
      },
      "100": {
        "bias": 16.506354643123725,
        "call_true": 188.79428408664032,
        "n_valid": 97,
        "nbias": 0.08743037281546474,
        "nrmse": 0.1472265584262759,
        "nstd": 0.1184550100898838,
        "rmse": 27.795532696628683,
        "std": 22.363628826395367
      }
    },
    "success_rate": 0.97,
    "t_idx": 30,
    "true_params": {
      "mu": 92.6897759237562,
      "sigma": 18.58101597689281,
      "xi": 0.05
    },
    "true_return_levels": {
      "10": 136.94708417620134,
      "100": 188.7942840866403
    }
  },
  "weighted": {
    "gev_params": {
      "mu": {
        "bias": -1.7295639028821779,
        "call_true": 92.6897759237562,
        "n_valid": 100,
        "nbias": -0.01865970529807802,
        "nrmse": 0.019046578865578187,
        "nstd": 0.0038193670511707557,
        "rmse": 1.7654231271645926,
        "std": 0.3540162761435948
      },
      "sigma": {
        "bias": -0.35572784017481385,
        "call_true": 18.58101597689281,
        "n_valid": 100,
        "nbias": -0.019144692659281596,
        "nrmse": 0.024394981923788597,
        "nstd": 0.015119387753597089,
        "rmse": 0.45328354888192723,
        "std": 0.280933585410425
      },
      "xi": {
        "bias": 0.05755065269768238,
        "call_true": 0.04999999999999999,
        "n_valid": 100,
        "nbias": 1.1510130539536478,
        "nrmse": 1.181720102980384,
        "nstd": 0.2676403396655051,
        "rmse": 0.0590860051490192,
        "std": 0.013382016983275253
      }
    },
    "n_runs": 100,
    "pixel": [
      2,
      1
    ],
    "return_levels": {
      "10": {
        "bias": 0.42287966046857833,
        "call_true": 136.94708417620134,
        "n_valid": 100,
        "nbias": 0.0030879055440456494,
        "nrmse": 0.009261295432753553,
        "nstd": 0.008731347687716596,
        "rmse": 1.2683074052099699,
        "std": 1.1957326067614056
      },
      "100": {
        "bias": 10.708848237578458,
        "call_true": 188.79428408664037,
        "n_valid": 100,
        "nbias": 0.05672231174469252,
        "nrmse": 0.06063665683788973,
        "nstd": 0.021433233606106054,
        "rmse": 11.447854217116678,
        "std": 4.046471994326514
      }
    },
    "success_rate": 1.0,
    "t_idx": 30,
    "true_params": {
      "mu": 92.6897759237562,
      "sigma": 18.58101597689281,
      "xi": 0.05
    },
    "true_return_levels": {
      "10": 136.94708417620134,
      "100": 188.7942840866403
    }
  }
}
