{
  "gev_params": {
    "mu": {
      "bias": -1.7295639028821779,
      "call_true": 92.6897759237562,
      "n_valid": 100,
      "nbias": -0.01865970529807802,
      "nrmse": 0.019046578865578187,
      "nstd": 0.0038193670511707557,
      "rmse": 1.7654231271645926,
      "std": 0.3540162761435948
    },
    "sigma": {
      "bias": -0.35572784017481385,
      "call_true": 18.58101597689281,
      "n_valid": 100,
      "nbias": -0.019144692659281596,
      "nrmse": 0.024394981923788597,
      "nstd": 0.015119387753597089,
      "rmse": 0.45328354888192723,
      "std": 0.280933585410425
    },
    "xi": {
      "bias": 0.05755065269768238,
      "call_true": 0.04999999999999999,
      "n_valid": 100,
      "nbias": 1.1510130539536478,
      "nrmse": 1.181720102980384,
      "nstd": 0.2676403396655051,
      "rmse": 0.0590860051490192,
      "std": 0.013382016983275253
    }
  },
  "n_runs": 100,
  "pixel": [
    2,
    1
  ],
  "return_levels": {
    "10": {
      "bias": 0.42287966046857833,
      "call_true": 136.94708417620134,
      "n_valid": 100,
      "nbias": 0.0030879055440456494,
      "nrmse": 0.009261295432753553,
      "nstd": 0.008731347687716596,
      "rmse": 1.2683074052099699,
      "std": 1.1957326067614056
    },
    "100": {
      "bias": 10.708848237578458,
      "call_true": 188.79428408664037,
      "n_valid": 100,
      "nbias": 0.05672231174469252,
      "nrmse": 0.06063665683788973,
      "nstd": 0.021433233606106054,
      "rmse": 11.447854217116678,
      "std": 4.046471994326514
    }
  },
  "success_rate": 1.0,
  "t_idx": 30,
  "true_params": {
    "mu": 92.6897759237562,
    "sigma": 18.58101597689281,
    "xi": 0.05
  },
  "true_return_levels": {
    "10": 136.94708417620134,
    "100": 188.7942840866403
  }
}
