{
  "gev_params": {
    "mu": {
      "bias": 12.46313223174264,
      "call_true": 73.56135911652393,
      "n_valid": 100,
      "nbias": 0.16942498590871022,
      "nrmse": 0.16944117247148152,
      "nstd": 0.0023420244114180666,
      "rmse": 12.46432293729952,
      "std": 0.17228249878798998
    },
    "sigma": {
      "bias": 5.906596088529607,
      "call_true": 11.943415716767543,
      "n_valid": 100,
      "nbias": 0.49454831252647824,
      "nrmse": 0.49469642379416684,
      "nstd": 0.012104474046845608,
      "rmse": 5.908365042971949,
      "std": 0.14456876557430065
    },
    "xi": {
      "bias": 0.05317958064377308,
      "call_true": 0.04999999999999999,
      "n_valid": 100,
      "nbias": 1.063591612875462,
      "nrmse": 1.074308515611656,
      "nstd": 0.15136600588207905,
      "rmse": 0.05371542578058279,
      "std": 0.00756830029410395
    }
  },
  "n_runs": 100,
  "pixel": [
    3,
    8
  ],
  "return_levels": {
    "10": {
      "bias": 29.232798509878716,
      "call_true": 102.00885798426191,
      "n_valid": 100,
      "nbias": 0.2865711771264884,
      "nrmse": 0.2866170113708642,
      "nstd": 0.005125587527787865,
      "rmse": 29.237474008804067,
      "std": 0.5228553302080163
    },
    "100": {
      "bias": 55.796840776182364,
      "call_true": 135.33495075824146,
      "n_valid": 100,
      "nbias": 0.4122869995043355,
      "nrmse": 0.41254794201518424,
      "nstd": 0.014670872526058556,
      "rmse": 55.832155418038816,
      "std": 1.9854818108945722
    }
  },
  "success_rate": 1.0,
  "t_idx": 30,
  "true_params": {
    "mu": 73.56135911652396,
    "sigma": 11.943415716767545,
    "xi": 0.05
  },
  "true_return_levels": {
    "10": 102.00885798426192,
    "100": 135.33495075824146
  }
}
