{
  "gev_params": {
    "mu": {
      "bias": 2.544204085380337,
      "call_true": 73.56135911652393,
      "n_valid": 100,
      "nbias": 0.03458614843358485,
      "nrmse": 0.03527439981481984,
      "nstd": 0.006934091059814409,
      "rmse": 2.5948327923978076,
      "std": 0.5100811625976858
    },
    "sigma": {
      "bias": 1.6346346696122986,
      "call_true": 11.943415716767543,
      "n_valid": 100,
      "nbias": 0.13686492276387988,
      "nrmse": 0.14030270626459462,
      "nstd": 0.030868143805650585,
      "rmse": 1.6756935471055794,
      "std": 0.36867107387584785
    },
    "xi": {
      "bias": 0.05208406075835228,
      "call_true": 0.04999999999999999,
      "n_valid": 100,
      "nbias": 1.0416812151670458,
      "nrmse": 1.1640496809662118,
      "nstd": 0.5195304666000312,
      "rmse": 0.05820248404831057,
      "std": 0.025976523330001555
    }
  },
  "n_runs": 100,
  "pixel": [
    3,
    8
  ],
  "return_levels": {
    "10": {
      "bias": 8.468011827749796,
      "call_true": 102.00885798426191,
      "n_valid": 100,
      "nbias": 0.08301251474706496,
      "nrmse": 0.08424751870438325,
      "nstd": 0.014372432056326778,
      "rmse": 8.59399317104188,
      "std": 1.4661153805222915
    },
    "100": {
      "bias": 20.704322465635485,
      "call_true": 135.33495075824146,
      "n_valid": 100,
      "nbias": 0.15298577602929123,
      "nrmse": 0.15837645202580153,
      "nstd": 0.0409689258950798,
      "rmse": 21.43386933617684,
      "std": 5.544527568628668
    }
  },
  "success_rate": 1.0,
  "t_idx": 30,
  "true_params": {
    "mu": 73.56135911652396,
    "sigma": 11.943415716767545,
    "xi": 0.05
  },
  "true_return_levels": {
    "10": 102.00885798426192,
    "100": 135.33495075824146
  }
}
