{
  "gev_params": {
    "mu": {
      "bias": 0.032121619794300976,
      "call_true": 73.56135911652393,
      "n_valid": 99,
      "nbias": 0.00043666430555502835,
      "nrmse": 0.017951293180573126,
      "nstd": 0.017945981476061582,
      "rmse": 1.3205215242621469,
      "std": 1.3201307880590523
    },
    "sigma": {
      "bias": -0.18109040824737174,
      "call_true": 11.943415716767543,
      "n_valid": 99,
      "nbias": -0.015162363308943199,
      "nrmse": 0.08240093842127039,
      "nstd": 0.08099393428889355,
      "rmse": 0.9841486630169952,
      "std": 0.9673442277488088
    },
    "xi": {
      "bias": 0.06881464238941783,
      "call_true": 0.049999999999999996,
      "n_valid": 99,
      "nbias": 1.3762928477883567,
      "nrmse": 2.230431948728326,
      "nstd": 1.7551765367149401,
      "rmse": 0.11152159743641628,
      "std": 0.087758826835747
    }
  },
  "n_runs": 100,
  "pixel": [
    3,
    8
  ],
  "return_levels": {
    "10": {
      "bias": 2.0803542984775825,
      "call_true": 102.00885798426191,
      "n_valid": 99,
      "nbias": 0.02039385931365434,
      "nrmse": 0.04051039495862358,
      "nstd": 0.03500260850277519,
      "rmse": 4.132419126220593,
      "std": 3.570576119838312
    },
    "100": {
      "bias": 12.183749427206767,
      "call_true": 135.33495075824146,
      "n_valid": 99,
      "nbias": 0.09002662918148523,
      "nrmse": 0.14569174868916526,
      "nstd": 0.11454820677045202,
      "rmse": 19.71718563473027,
      "std": 15.502375922723985
    }
  },
  "success_rate": 0.99,
  "t_idx": 30,
  "true_params": {
    "mu": 73.56135911652396,
    "sigma": 11.943415716767545,
    "xi": 0.05
  },
  "true_return_levels": {
    "10": 102.00885798426192,
    "100": 135.33495075824146
  }
}
