{
  "full": {
    "gev_params": {
      "mu": {
        "bias": 12.46313223174264,
        "call_true": 73.56135911652393,
        "n_valid": 100,
        "nbias": 0.16942498590871022,
        "nrmse": 0.16944117247148152,
        "nstd": 0.0023420244114180666,
        "rmse": 12.46432293729952,
        "std": 0.17228249878798998
      },
      "sigma": {
        "bias": 5.906596088529607,
        "call_true": 11.943415716767543,
        "n_valid": 100,
        "nbias": 0.49454831252647824,
        "nrmse": 0.49469642379416684,
        "nstd": 0.012104474046845608,
        "rmse": 5.908365042971949,
        "std": 0.14456876557430065
      },
      "xi": {
        "bias": 0.05317958064377308,
        "call_true": 0.04999999999999999,
        "n_valid": 100,
        "nbias": 1.063591612875462,
        "nrmse": 1.074308515611656,
        "nstd": 0.15136600588207905,
        "rmse": 0.05371542578058279,
        "std": 0.00756830029410395
      }
    },
    "n_runs": 100,
    "pixel": [
      3,
      8
    ],
    "return_levels": {
      "10": {
        "bias": 29.232798509878716,
        "call_true": 102.00885798426191,
        "n_valid": 100,
        "nbias": 0.2865711771264884,
        "nrmse": 0.2866170113708642,
        "nstd": 0.005125587527787865,
        "rmse": 29.237474008804067,
        "std": 0.5228553302080163
      },
      "100": {
        "bias": 55.796840776182364,
        "call_true": 135.33495075824146,
        "n_valid": 100,
        "nbias": 0.4122869995043355,
        "nrmse": 0.41254794201518424,
        "nstd": 0.014670872526058556,
        "rmse": 55.832155418038816,
        "std": 1.9854818108945722
      }
    },
    "success_rate": 1.0,
    "t_idx": 30,
    "true_params": {
      "mu": 73.56135911652396,
      "sigma": 11.943415716767545,
      "xi": 0.05
    },
    "true_return_levels": {
      "10": 102.00885798426192,
      "100": 135.33495075824146
    }
  },
  "local": {
    "gev_params": {
      "mu": {
        "bias": 2.544204085380337,
        "call_true": 73.56135911652393,
        "n_valid": 100,
        "nbias": 0.03458614843358485,
        "nrmse": 0.03527439981481984,
        "nstd": 0.006934091059814409,
        "rmse": 2.5948327923978076,
        "std": 0.5100811625976858
      },
      "sigma": {
        "bias": 1.6346346696122986,
        "call_true": 11.943415716767543,
        "n_valid": 100,
        "nbias": 0.13686492276387988,
        "nrmse": 0.14030270626459462,
        "nstd": 0.030868143805650585,
        "rmse": 1.6756935471055794,
        "std": 0.36867107387584785
      },
      "xi": {
        "bias": 0.05208406075835228,
        "call_true": 0.04999999999999999,
        "n_valid": 100,
        "nbias": 1.0416812151670458,
        "nrmse": 1.1640496809662118,
        "nstd": 0.5195304666000312,
        "rmse": 0.05820248404831057,
        "std": 0.025976523330001555
      }
    },
    "n_runs": 100,
    "pixel": [
      3,
      8
    ],
    "return_levels": {
      "10": {
        "bias": 8.468011827749796,
        "call_true": 102.00885798426191,
        "n_valid": 100,
        "nbias": 0.08301251474706496,
        "nrmse": 0.08424751870438325,
        "nstd": 0.014372432056326778,
        "rmse": 8.59399317104188,
        "std": 1.4661153805222915
      },
      "100": {
        "bias": 20.704322465635485,
        "call_true": 135.33495075824146,
        "n_valid": 100,
        "nbias": 0.15298577602929123,
        "nrmse": 0.15837645202580153,
        "nstd": 0.0409689258950798,
        "rmse": 21.43386933617684,
        "std": 5.544527568628668
      }
    },
    "success_rate": 1.0,
    "t_idx": 30,
    "true_params": {
      "mu": 73.56135911652396,
      "sigma": 11.943415716767545,
      "xi": 0.05
    },
    "true_return_levels": {
      "10": 102.00885798426192,
      "100": 135.33495075824146
    }
  },
  "pointwise": {
    "gev_params": {
      "mu": {
        "bias": 0.032121619794300976,
        "call_true": 73.56135911652393,
        "n_valid": 99,
        "nbias": 0.00043666430555502835,
        "nrmse": 0.017951293180573126,
        "nstd": 0.017945981476061582,
        "rmse": 1.3205215242621469,
        "std": 1.3201307880590523
      },
      "sigma": {
        "bias": -0.18109040824737174,
        "call_true": 11.943415716767543,
        "n_valid": 99,
        "nbias": -0.015162363308943199,
        "nrmse": 0.08240093842127039,
        "nstd": 0.08099393428889355,
        "rmse": 0.9841486630169952,
        "std": 0.9673442277488088
      },
      "xi": {
        "bias": 0.06881464238941783,
        "call_true": 0.049999999999999996,
        "n_valid": 99,
        "nbias": 1.3762928477883567,
        "nrmse": 2.230431948728326,
        "nstd": 1.7551765367149401,
        "rmse": 0.11152159743641628,
        "std": 0.087758826835747
      }
    },
    "n_runs": 100,
    "pixel": [
      3,
      8
    ],
    "return_levels": {
      "10": {
        "bias": 2.0803542984775825,
        "call_true": 102.00885798426191,
        "n_valid": 99,
        "nbias": 0.02039385931365434,
        "nrmse": 0.04051039495862358,
        "nstd": 0.03500260850277519,
        "rmse": 4.132419126220593,
        "std": 3.570576119838312
      },
      "100": {
        "bias": 12.183749427206767,
        "call_true": 135.33495075824146,
        "n_valid": 99,
        "nbias": 0.09002662918148523,
        "nrmse": 0.14569174868916526,
        "nstd": 0.11454820677045202,
        "rmse": 19.71718563473027,
        "std": 15.502375922723985
      }
    },
    "success_rate": 0.99,
    "t_idx": 30,
    "true_params": {
      "mu": 73.56135911652396,
      "sigma": 11.943415716767545,
      "xi": 0.05
    },
    "true_return_levels": {
      "10": 102.00885798426192,
      "100": 135.33495075824146
    }
  },
  "weighted": {
    "gev_params": {
      "mu": {
        "bias": -0.7497961587602879,
        "call_true": 73.56135911652393,
        "n_valid": 100,
        "nbias": -0.010192799151149219,
        "nrmse": 0.012274034247103703,
        "nstd": 0.006838037888415535,
        "rmse": 0.902894641059709,
        "std": 0.5030153607621322
      },
      "sigma": {
        "bias": 0.06453180214422938,
        "call_true": 11.943415716767543,
        "n_valid": 100,
        "nbias": 0.005403127855093597,
        "nrmse": 0.029916460868755743,
        "nstd": 0.02942449388338405,
        "rmse": 0.3573047289299585,
        "std": 0.3514289627047395
      },
      "xi": {
        "bias": 0.05583872627466917,
        "call_true": 0.04999999999999999,
        "n_valid": 100,
        "nbias": 1.1167745254933836,
        "nrmse": 1.2582775079253894,
        "nstd": 0.5797214384167242,
        "rmse": 0.06291387539626946,
        "std": 0.028986071920836205
      }
    },
    "n_runs": 100,
    "pixel": [
      3,
      8
    ],
    "return_levels": {
      "10": {
        "bias": 1.3357030966706946,
        "call_true": 102.00885798426191,
        "n_valid": 100,
        "nbias": 0.013093991277470914,
        "nrmse": 0.01895383253513373,
        "nstd": 0.013703837425896787,
        "rmse": 1.9334588113339395,
        "std": 1.3979128058177186
      },
      "100": {
        "bias": 8.866650804258539,
        "call_true": 135.33495075824146,
        "n_valid": 100,
        "nbias": 0.0655163411563778,
        "nrmse": 0.07655023417704487,
        "nstd": 0.03959226432071707,
        "rmse": 10.35992217288222,
        "std": 5.358217142251525
      }
    },
    "success_rate": 1.0,
    "t_idx": 30,
    "true_params": {
      "mu": 73.56135911652396,
      "sigma": 11.943415716767545,
      "xi": 0.05
    },
    "true_return_levels": {
      "10": 102.00885798426192,
      "100": 135.33495075824146
    }
  }
}
