{
  "gev_params": {
    "mu": {
      "bias": -0.7497961587602879,
      "call_true": 73.56135911652393,
      "n_valid": 100,
      "nbias": -0.010192799151149219,
      "nrmse": 0.012274034247103703,
      "nstd": 0.006838037888415535,
      "rmse": 0.902894641059709,
      "std": 0.5030153607621322
    },
    "sigma": {
      "bias": 0.06453180214422938,
      "call_true": 11.943415716767543,
      "n_valid": 100,
      "nbias": 0.005403127855093597,
      "nrmse": 0.029916460868755743,
      "nstd": 0.02942449388338405,
      "rmse": 0.3573047289299585,
      "std": 0.3514289627047395
    },
    "xi": {
      "bias": 0.05583872627466917,
      "call_true": 0.04999999999999999,
      "n_valid": 100,
      "nbias": 1.1167745254933836,
      "nrmse": 1.2582775079253894,
      "nstd": 0.5797214384167242,
      "rmse": 0.06291387539626946,
      "std": 0.028986071920836205
    }
  },
  "n_runs": 100,
  "pixel": [
    3,
    8
  ],
  "return_levels": {
    "10": {
      "bias": 1.3357030966706946,
      "call_true": 102.00885798426191,
      "n_valid": 100,
      "nbias": 0.013093991277470914,
      "nrmse": 0.01895383253513373,
      "nstd": 0.013703837425896787,
      "rmse": 1.9334588113339395,
      "std": 1.3979128058177186
    },
    "100": {
      "bias": 8.866650804258539,
      "call_true": 135.33495075824146,
      "n_valid": 100,
      "nbias": 0.0655163411563778,
      "nrmse": 0.07655023417704487,
      "nstd": 0.03959226432071707,
      "rmse": 10.35992217288222,
      "std": 5.358217142251525
    }
  },
  "success_rate": 1.0,
  "t_idx": 30,
  "true_params": {
    "mu": 73.56135911652396,
    "sigma": 11.943415716767545,
    "xi": 0.05
  },
  "true_return_levels": {
    "10": 102.00885798426192,
    "100": 135.33495075824146
  }
}
