{
  "gev_params": {
    "mu": {
      "bias": -10.369647684743732,
      "call_true": 96.39413903301036,
      "n_valid": 100,
      "nbias": -0.10757549980494796,
      "nrmse": 0.10759034574602076,
      "nstd": 0.001787271513769022,
      "rmse": 10.37107874645158,
      "std": 0.17228249878798998
    },
    "sigma": {
      "bias": -2.391375293082304,
      "call_true": 20.241387098379448,
      "n_valid": 100,
      "nbias": -0.11814285658682751,
      "nrmse": 0.11835854890523008,
      "nstd": 0.007142236096353051,
      "rmse": 2.395741204793237,
      "std": 0.14456876557430065
    },
    "xi": {
      "bias": 0.05317958064377308,
      "call_true": 0.04999999999999999,
      "n_valid": 100,
      "nbias": 1.063591612875462,
      "nrmse": 1.074308515611656,
      "nstd": 0.15136600588207905,
      "rmse": 0.05371542578058279,
      "std": 0.00756830029410395
    }
  },
  "n_runs": 100,
  "pixel": [
    8,
    8
  ],
  "return_levels": {
    "10": {
      "bias": -13.364556054337918,
      "call_true": 144.60621254847857,
      "n_valid": 100,
      "nbias": -0.09242034501012543,
      "nrmse": 0.09249104600271162,
      "nstd": 0.0036157183083177116,
      "rmse": 13.374779857099226,
      "std": 0.5228553302080163
    },
    "100": {
      "bias": -9.954607278323465,
      "call_true": 201.08639881274723,
      "n_valid": 100,
      "nbias": -0.049504130249969074,
      "nrmse": 0.05047920700630931,
      "nstd": 0.009873774768543465,
      "rmse": 10.150681951821939,
      "std": 1.9854818108945722
    }
  },
  "success_rate": 1.0,
  "t_idx": 30,
  "true_params": {
    "mu": 96.39413903301033,
    "sigma": 20.241387098379455,
    "xi": 0.05
  },
  "true_return_levels": {
    "10": 144.60621254847854,
    "100": 201.0863988127473
  }
}
