{
  "gev_params": {
    "mu": {
      "bias": -6.061100626638263,
      "call_true": 96.39413903301036,
      "n_valid": 100,
      "nbias": -0.06287831072968686,
      "nrmse": 0.0631363010163236,
      "nstd": 0.0057018019787405776,
      "rmse": 6.085969378197491,
      "std": 0.5496202926774129
    },
    "sigma": {
      "bias": -1.0887532735229808,
      "call_true": 20.241387098379448,
      "n_valid": 100,
      "nbias": -0.05378847152279143,
      "nrmse": 0.05771847869016066,
      "nstd": 0.02093377924667178,
      "rmse": 1.1683020698971072,
      "std": 0.4237287291639056
    },
    "xi": {
      "bias": 0.0479876222833991,
      "call_true": 0.04999999999999999,
      "n_valid": 100,
      "nbias": 0.9597524456679822,
      "nrmse": 1.0393896081820486,
      "nstd": 0.3990062664058794,
      "rmse": 0.051969480409102424,
      "std": 0.019950313320293966
    }
  },
  "n_runs": 100,
  "pixel": [
    8,
    8
  ],
  "return_levels": {
    "10": {
      "bias": -6.0337510006269754,
      "call_true": 144.60621254847857,
      "n_valid": 100,
      "nbias": -0.0417253926666822,
      "nrmse": 0.04321515603502331,
      "nstd": 0.011249058535832876,
      "rmse": 6.249180038916247,
      "std": 1.6266837496029258
    },
    "100": {
      "bias": 0.7372181306120842,
      "call_true": 201.08639881274723,
      "n_valid": 100,
      "nbias": 0.0036661760067551153,
      "nrmse": 0.029796316955593916,
      "nstd": 0.029569911356067777,
      "rmse": 5.9916340744835805,
      "std": 5.946106987803828
    }
  },
  "success_rate": 1.0,
  "t_idx": 30,
  "true_params": {
    "mu": 96.39413903301033,
    "sigma": 20.241387098379455,
    "xi": 0.05
  },
  "true_return_levels": {
    "10": 144.60621254847854,
    "100": 201.0863988127473
  }
}
