{
  "gev_params": {
    "mu": {
      "bias": 0.5432830546879386,
      "call_true": 96.39413903301035,
      "n_valid": 99,
      "nbias": 0.005636058998378421,
      "nrmse": 0.023498155378247083,
      "nstd": 0.02281223674142981,
      "rmse": 2.265084456550029,
      "std": 2.198965920107332
    },
    "sigma": {
      "bias": 0.15550986677972625,
      "call_true": 20.241387098379448,
      "n_valid": 99,
      "nbias": 0.0076827672937580735,
      "nrmse": 0.08706688196176848,
      "nstd": 0.08672725650713556,
      "rmse": 1.7623544612370667,
      "std": 1.7554799709413786
    },
    "xi": {
      "bias": 0.045375509626900005,
      "call_true": 0.049999999999999996,
      "n_valid": 99,
      "nbias": 0.9075101925380001,
      "nrmse": 1.7019441650562759,
      "nstd": 1.4398052616269834,
      "rmse": 0.08509720825281379,
      "std": 0.07199026308134916
    }
  },
  "n_runs": 100,
  "pixel": [
    8,
    8
  ],
  "return_levels": {
    "10": {
      "bias": 3.686320940710224,
      "call_true": 144.60621254847857,
      "n_valid": 99,
      "nbias": 0.025492133952919913,
      "nrmse": 0.04976882400916608,
      "nstd": 0.04274443764727445,
      "rmse": 7.196881142957293,
      "std": 6.181111235686958
    },
    "100": {
      "bias": 15.643240876380311,
      "call_true": 201.08639881274726,
      "n_valid": 99,
      "nbias": 0.07779362984637953,
      "nrmse": 0.13288925446016014,
      "nstd": 0.10773906026275559,
      "rmse": 26.722221620304413,
      "std": 21.664859639707082
    }
  },
  "success_rate": 0.99,
  "t_idx": 30,
  "true_params": {
    "mu": 96.39413903301033,
    "sigma": 20.241387098379455,
    "xi": 0.05
  },
  "true_return_levels": {
    "10": 144.60621254847854,
    "100": 201.0863988127473
  }
}
