{
  "full": {
    "gev_params": {
      "mu": {
        "bias": -10.369647684743732,
        "call_true": 96.39413903301036,
        "n_valid": 100,
        "nbias": -0.10757549980494796,
        "nrmse": 0.10759034574602076,
        "nstd": 0.001787271513769022,
        "rmse": 10.37107874645158,
        "std": 0.17228249878798998
      },
      "sigma": {
        "bias": -2.391375293082304,
        "call_true": 20.241387098379448,
        "n_valid": 100,
        "nbias": -0.11814285658682751,
        "nrmse": 0.11835854890523008,
        "nstd": 0.007142236096353051,
        "rmse": 2.395741204793237,
        "std": 0.14456876557430065
      },
      "xi": {
        "bias": 0.05317958064377308,
        "call_true": 0.04999999999999999,
        "n_valid": 100,
        "nbias": 1.063591612875462,
        "nrmse": 1.074308515611656,
        "nstd": 0.15136600588207905,
        "rmse": 0.05371542578058279,
        "std": 0.00756830029410395
      }
    },
    "n_runs": 100,
    "pixel": [
      8,
      8
    ],
    "return_levels": {
      "10": {
        "bias": -13.364556054337918,
        "call_true": 144.60621254847857,
        "n_valid": 100,
        "nbias": -0.09242034501012543,
        "nrmse": 0.09249104600271162,
        "nstd": 0.0036157183083177116,
        "rmse": 13.374779857099226,
        "std": 0.5228553302080163
      },
      "100": {
        "bias": -9.954607278323465,
        "call_true": 201.08639881274723,
        "n_valid": 100,
        "nbias": -0.049504130249969074,
        "nrmse": 0.05047920700630931,
        "nstd": 0.009873774768543465,
        "rmse": 10.150681951821939,
        "std": 1.9854818108945722
      }
    },
    "success_rate": 1.0,
    "t_idx": 30,
    "true_params": {
      "mu": 96.39413903301033,
      "sigma": 20.241387098379455,
      "xi": 0.05
    },
    "true_return_levels": {
      "10": 144.60621254847854,
      "100": 201.0863988127473
    }
  },
  "local": {
    "gev_params": {
      "mu": {
        "bias": -6.061100626638263,
        "call_true": 96.39413903301036,
        "n_valid": 100,
        "nbias": -0.06287831072968686,
        "nrmse": 0.0631363010163236,
        "nstd": 0.0057018019787405776,
        "rmse": 6.085969378197491,
        "std": 0.5496202926774129
      },
      "sigma": {
        "bias": -1.0887532735229808,
        "call_true": 20.241387098379448,
        "n_valid": 100,
        "nbias": -0.05378847152279143,
        "nrmse": 0.05771847869016066,
        "nstd": 0.02093377924667178,
        "rmse": 1.1683020698971072,
        "std": 0.4237287291639056
      },
      "xi": {
        "bias": 0.0479876222833991,
        "call_true": 0.04999999999999999,
        "n_valid": 100,
        "nbias": 0.9597524456679822,
        "nrmse": 1.0393896081820486,
        "nstd": 0.3990062664058794,
        "rmse": 0.051969480409102424,
        "std": 0.019950313320293966
      }
    },
    "n_runs": 100,
    "pixel": [
      8,
      8
    ],
    "return_levels": {
      "10": {
        "bias": -6.0337510006269754,
        "call_true": 144.60621254847857,
        "n_valid": 100,
        "nbias": -0.0417253926666822,
        "nrmse": 0.04321515603502331,
        "nstd": 0.011249058535832876,
        "rmse": 6.249180038916247,
        "std": 1.6266837496029258
      },
      "100": {
        "bias": 0.7372181306120842,
        "call_true": 201.08639881274723,
        "n_valid": 100,
        "nbias": 0.0036661760067551153,
        "nrmse": 0.029796316955593916,
        "nstd": 0.029569911356067777,
        "rmse": 5.9916340744835805,
        "std": 5.946106987803828
      }
    },
    "success_rate": 1.0,
    "t_idx": 30,
    "true_params": {
      "mu": 96.39413903301033,
      "sigma": 20.241387098379455,
      "xi": 0.05
    },
    "true_return_levels": {
      "10": 144.60621254847854,
      "100": 201.0863988127473
    }
  },
  "pointwise": {
    "gev_params": {
      "mu": {
        "bias": 0.5432830546879386,
        "call_true": 96.39413903301035,
        "n_valid": 99,
        "nbias": 0.005636058998378421,
        "nrmse": 0.023498155378247083,
        "nstd": 0.02281223674142981,
        "rmse": 2.265084456550029,
        "std": 2.198965920107332
      },
      "sigma": {
        "bias": 0.15550986677972625,
        "call_true": 20.241387098379448,
        "n_valid": 99,
        "nbias": 0.0076827672937580735,
        "nrmse": 0.08706688196176848,
        "nstd": 0.08672725650713556,
        "rmse": 1.7623544612370667,
        "std": 1.7554799709413786
      },
      "xi": {
        "bias": 0.045375509626900005,
        "call_true": 0.049999999999999996,
        "n_valid": 99,
        "nbias": 0.9075101925380001,
        "nrmse": 1.7019441650562759,
        "nstd": 1.4398052616269834,
        "rmse": 0.08509720825281379,
        "std": 0.07199026308134916
      }
    },
    "n_runs": 100,
    "pixel": [
      8,
      8
    ],
    "return_levels": {
      "10": {
        "bias": 3.686320940710224,
        "call_true": 144.60621254847857,
        "n_valid": 99,
        "nbias": 0.025492133952919913,
        "nrmse": 0.04976882400916608,
        "nstd": 0.04274443764727445,
        "rmse": 7.196881142957293,
        "std": 6.181111235686958
      },
      "100": {
        "bias": 15.643240876380311,
        "call_true": 201.08639881274726,
        "n_valid": 99,
        "nbias": 0.07779362984637953,
        "nrmse": 0.13288925446016014,
        "nstd": 0.10773906026275559,
        "rmse": 26.722221620304413,
        "std": 21.664859639707082
      }
    },
    "success_rate": 0.99,
    "t_idx": 30,
    "true_params": {
      "mu": 96.39413903301033,
      "sigma": 20.241387098379455,
      "xi": 0.05
    },
    "true_return_levels": {
      "10": 144.60621254847854,
      "100": 201.0863988127473
    }
  },
  "weighted": {
    "gev_params": {
      "mu": {
        "bias": -1.9081203562525206,
        "call_true": 96.39413903301036,
        "n_valid": 100,
        "nbias": -0.01979498313273052,
        "nrmse": 0.020611895595796247,
        "nstd": 0.005745335745360663,
        "rmse": 1.9868659297950773,
        "std": 0.55381669262962
      },
      "sigma": {
        "bias": -0.6142824311962903,
        "call_true": 20.241387098379448,
        "n_valid": 100,
        "nbias": -0.03034784267553831,
        "nrmse": 0.037921561648841404,
        "nstd": 0.022738805659657125,
        "rmse": 0.7675850087092593,
        "std": 0.4602649675119413
      },
      "xi": {
        "bias": 0.05376359686255455,
        "call_true": 0.04999999999999999,
        "n_valid": 100,
        "nbias": 1.0752719372510913,
        "nrmse": 1.1428869840074454,
        "nstd": 0.38727370059677396,
        "rmse": 0.05714434920037225,
        "std": 0.019363685029838693
      }
    },
    "n_runs": 100,
    "pixel": [
      8,
      8
    ],
    "return_levels": {
      "10": {
        "bias": -0.35198708461135086,
        "call_true": 144.60621254847857,
        "n_valid": 100,
        "nbias": -0.0024341076251710057,
        "nrmse": 0.01259918951658044,
        "nstd": 0.012361824159232924,
        "rmse": 1.821921077173194,
        "std": 1.7875965718569535
      },
      "100": {
        "bias": 9.290390127682395,
        "call_true": 201.08639881274723,
        "n_valid": 100,
        "nbias": 0.04620098715047186,
        "nrmse": 0.05569914846151704,
        "nstd": 0.03111051149788522,
        "rmse": 11.200341181063031,
        "std": 6.2559007223323055
      }
    },
    "success_rate": 1.0,
    "t_idx": 30,
    "true_params": {
      "mu": 96.39413903301033,
      "sigma": 20.241387098379455,
      "xi": 0.05
    },
    "true_return_levels": {
      "10": 144.60621254847854,
      "100": 201.0863988127473
    }
  }
}
