{
  "gev_params": {
    "mu": {
      "bias": -1.9081203562525206,
      "call_true": 96.39413903301036,
      "n_valid": 100,
      "nbias": -0.01979498313273052,
      "nrmse": 0.020611895595796247,
      "nstd": 0.005745335745360663,
      "rmse": 1.9868659297950773,
      "std": 0.55381669262962
    },
    "sigma": {
      "bias": -0.6142824311962903,
      "call_true": 20.241387098379448,
      "n_valid": 100,
      "nbias": -0.03034784267553831,
      "nrmse": 0.037921561648841404,
      "nstd": 0.022738805659657125,
      "rmse": 0.7675850087092593,
      "std": 0.4602649675119413
    },
    "xi": {
      "bias": 0.05376359686255455,
      "call_true": 0.04999999999999999,
      "n_valid": 100,
      "nbias": 1.0752719372510913,
      "nrmse": 1.1428869840074454,
      "nstd": 0.38727370059677396,
      "rmse": 0.05714434920037225,
      "std": 0.019363685029838693
    }
  },
  "n_runs": 100,
  "pixel": [
    8,
    8
  ],
  "return_levels": {
    "10": {
      "bias": -0.35198708461135086,
      "call_true": 144.60621254847857,
      "n_valid": 100,
      "nbias": -0.0024341076251710057,
      "nrmse": 0.01259918951658044,
      "nstd": 0.012361824159232924,
      "rmse": 1.821921077173194,
      "std": 1.7875965718569535
    },
    "100": {
      "bias": 9.290390127682395,
      "call_true": 201.08639881274723,
      "n_valid": 100,
      "nbias": 0.04620098715047186,
      "nrmse": 0.05569914846151704,
      "nstd": 0.03111051149788522,
      "rmse": 11.200341181063031,
      "std": 6.2559007223323055
    }
  },
  "success_rate": 1.0,
  "t_idx": 30,
  "true_params": {
    "mu": 96.39413903301033,
    "sigma": 20.241387098379455,
    "xi": 0.05
  },
  "true_return_levels": {
    "10": 144.60621254847854,
    "100": 201.0863988127473
  }
}
