{
  "i": 0,
  "j": 2,
  "local_selector_args": {
    "include_center": true,
    "max_points": 26,
    "mode": "circle",
    "radius": null
  },
  "local_selector_points": 26,
  "location": "(0,2)",
  "location_index": 2,
  "raw_report_path": "C:\\github\\EVT_Univariate\\EVT_Classes\\SIM\\_output\\sim_results_all\\blob\\bootstrap_k001\\t_030\\runs_100\\demo_weights_k001_9d1f86fa96ade42e\\raw\\loc_002_i00_j02.json",
  "reports": {
    "full": {
      "gev_params": {
        "mu": {
          "bias": -3.183851591256498,
          "call_true": 89.2083426343473,
          "n_valid": 100,
          "nbias": -0.03569006549428529,
          "nrmse": 0.03574227795917671,
          "nstd": 0.0019312324367296123,
          "rmse": 3.188509378714316,
          "std": 0.1722820449223407
        },
        "sigma": {
          "bias": 0.7050855005881069,
          "call_true": 17.144925217520342,
          "n_valid": 100,
          "nbias": 0.04112502630618548,
          "nrmse": 0.041980575846474334,
          "nstd": 0.008432138502013355,
          "rmse": 0.7197538334762432,
          "std": 0.14456838404079297
        },
        "xi": {
          "bias": -0.046820398569107094,
          "call_true": 0.15,
          "n_valid": 100,
          "nbias": -0.312135990460714,
          "nrmse": 0.3161876209032193,
          "nstd": 0.05045527793548512,
          "rmse": 0.04742814313548289,
          "std": 0.007568291690322768
        }
      },
      "n_runs": 100,
      "pixel": [
        0,
        2
      ],
      "return_levels": {
        "10": {
          "bias": -3.859861301345832,
          "call_true": 135.10151596443174,
          "n_valid": 100,
          "nbias": -0.02857008134802884,
          "nrmse": 0.028831009757076146,
          "nstd": 0.0038700872573669827,
          "rmse": 3.89511312496631,
          "std": 0.5228546553849093
        },
        "100": {
          "bias": -11.66284482169027,
          "call_true": 202.7946336095321,
          "n_valid": 100,
          "nbias": -0.057510618570638904,
          "nrmse": 0.0583380393551648,
          "nstd": 0.009790586674313132,
          "rmse": 11.83064131652911,
          "std": 1.9854784374396988
        }
      },
      "success_rate": 1.0,
      "t_idx": 30,
      "true_params": {
        "mu": 89.20834263434732,
        "sigma": 17.144925217520342,
        "xi": 0.15000000000000002
      },
      "true_return_levels": {
        "10": 135.10151596443177,
        "100": 202.79463360953207
      }
    },
    "local": {
      "gev_params": {
        "mu": {
          "bias": 2.1032869280306112,
          "call_true": 89.2083426343473,
          "n_valid": 100,
          "nbias": 0.02357724474998593,
          "nrmse": 0.02393404464555891,
          "nstd": 0.004117283460592391,
          "rmse": 2.1351164553667847,
          "std": 0.3672960336752572
        },
        "sigma": {
          "bias": 1.5982429532659692,
          "call_true": 17.144925217520342,
          "n_valid": 100,
          "nbias": 0.09321959314425764,
          "nrmse": 0.09447361401689042,
          "nstd": 0.015341812129975757,
          "rmse": 1.6197430473484677,
          "std": 0.2630342216696808
        },
        "xi": {
          "bias": -0.041054373383522066,
          "call_true": 0.15,
          "n_valid": 100,
          "nbias": -0.2736958225568138,
          "nrmse": 0.2902309570442082,
          "nstd": 0.0965639950589564,
          "rmse": 0.043534643556631225,
          "std": 0.01448459925884346
        }
      },
      "n_runs": 100,
      "pixel": [
        0,
        2
      ],
      "return_levels": {
        "10": {
          "bias": 4.0179130516815125,
          "call_true": 135.10151596443174,
          "n_valid": 100,
          "nbias": 0.029739955343945294,
          "nrmse": 0.03090744781673735,
          "nstd": 0.00841459367316581,
          "rmse": 4.175643054632782,
          "std": 1.136824361469417
        },
        "100": {
          "bias": 0.5460620386612891,
          "call_true": 202.7946336095321,
          "n_valid": 100,
          "nbias": 0.0026926848553236182,
          "nrmse": 0.021286554485426778,
          "nstd": 0.021115559432109625,
          "rmse": 4.316799017681466,
          "std": 4.282122138494971
        }
      },
      "success_rate": 1.0,
      "t_idx": 30,
      "true_params": {
        "mu": 89.20834263434732,
        "sigma": 17.144925217520342,
        "xi": 0.15000000000000002
      },
      "true_return_levels": {
        "10": 135.10151596443177,
        "100": 202.79463360953207
      }
    },
    "pointwise": {
      "gev_params": {
        "mu": {
          "bias": 0.13035678512654655,
          "call_true": 89.2083426343473,
          "n_valid": 97,
          "nbias": 0.001461262268495011,
          "nrmse": 0.02378528825438453,
          "nstd": 0.02374035909431101,
          "rmse": 2.1218461442538517,
          "std": 2.1178380883477397
        },
        "sigma": {
          "bias": -0.1837758510621514,
          "call_true": 17.144925217520345,
          "n_valid": 97,
          "nbias": -0.010718964867478772,
          "nrmse": 0.09256564442818976,
          "nstd": 0.09194292969323857,
          "rmse": 1.5870310514328922,
          "std": 1.5763546538703062
        },
        "xi": {
          "bias": -0.0475802001677761,
          "call_true": 0.15,
          "n_valid": 97,
          "nbias": -0.3172013344518407,
          "nrmse": 0.6647425169956224,
          "nstd": 0.584179704648875,
          "rmse": 0.09971137754934335,
          "std": 0.08762695569733125
        }
      },
      "n_runs": 100,
      "pixel": [
        0,
        2
      ],
      "return_levels": {
        "10": {
          "bias": -2.6220120575525407,
          "call_true": 135.10151596443174,
          "n_valid": 97,
          "nbias": -0.019407717514012497,
          "nrmse": 0.04770277776565592,
          "nstd": 0.04357631819527494,
          "rmse": 6.444717591854503,
          "std": 5.887226648330095
        },
        "100": {
          "bias": -11.21533934582999,
          "call_true": 202.79463360953204,
          "n_valid": 97,
          "nbias": -0.055303925681901435,
          "nrmse": 0.12027335492162348,
          "nstd": 0.10680428693771395,
          "rmse": 24.390790944319843,
          "std": 21.65933623746103
        }
      },
      "success_rate": 0.97,
      "t_idx": 30,
      "true_params": {
        "mu": 89.20834263434732,
        "sigma": 17.144925217520342,
        "xi": 0.15000000000000002
      },
      "true_return_levels": {
        "10": 135.10151596443177,
        "100": 202.79463360953207
      }
    },
    "weighted": {
      "gev_params": {
        "mu": {
          "bias": 0.37794986138022124,
          "call_true": 89.2083426343473,
          "n_valid": 100,
          "nbias": 0.004236709821293123,
          "nrmse": 0.005800916224014637,
          "nstd": 0.003962438507812409,
          "rmse": 0.517490122105042,
          "std": 0.35348257207246125
        },
        "sigma": {
          "bias": 0.4112384806079172,
          "call_true": 17.144925217520342,
          "n_valid": 100,
          "nbias": 0.023986017751052885,
          "nrmse": 0.02910494980745031,
          "nstd": 0.01648541948936629,
          "rmse": 0.49900218790841866,
          "std": 0.2826412843246375
        },
        "xi": {
          "bias": -0.044462437257170716,
          "call_true": 0.15,
          "n_valid": 100,
          "nbias": -0.2964162483811381,
          "nrmse": 0.31233381445428887,
          "nstd": 0.0984368800156611,
          "rmse": 0.04685007216814333,
          "std": 0.014765532002349164
        }
      },
      "n_runs": 100,
      "pixel": [
        0,
        2
      ],
      "return_levels": {
        "10": {
          "bias": -0.9139221228790347,
          "call_true": 135.10151596443174,
          "n_valid": 100,
          "nbias": -0.006764706645628192,
          "nrmse": 0.010757228303281624,