{
  "i": 0,
  "j": 3,
  "local_selector_args": {
    "include_center": true,
    "max_points": 6,
    "mode": "circle",
    "radius": null
  },
  "local_selector_points": 6,
  "location": "(0,3)",
  "location_index": 3,
  "raw_report_path": "C:\\github\\EVT_Univariate\\EVT_Classes\\SIM\\_output\\sim_results_all\\blob\\bootstrap_k001\\t_030\\runs_100\\demo_weights_k001_9d1f86fa96ade42e\\raw\\loc_003_i00_j03.json",
  "reports": {
    "full": {
      "gev_params": {
        "mu": {
          "bias": 1.6749033632436305,
          "call_true": 84.34958767984723,
          "n_valid": 100,
          "nbias": 0.019856687024965715,
          "nrmse": 0.01996145609880515,
          "nstd": 0.0020424764324426243,
          "rmse": 1.6837405914235863,
          "std": 0.1722820449223407
        },
        "sigma": {
          "bias": 2.5256901258036657,
          "call_true": 15.324320592304781,
          "n_valid": 100,
          "nbias": 0.16481579790701842,
          "nrmse": 0.1650855718976187,
          "nstd": 0.009433918010915867,
          "rmse": 2.5298242289230894,
          "std": 0.14456838404079297
        },
        "xi": {
          "bias": 0.053179601430892946,
          "call_true": 0.04999999999999999,
          "n_valid": 100,
          "nbias": 1.063592028617859,
          "nrmse": 1.0743089029619817,
          "nstd": 0.1513658338064554,
          "rmse": 0.05371544514809907,
          "std": 0.007568291690322769
        }
      },
      "n_runs": 100,
      "pixel": [
        0,
        3
      ],
      "return_levels": {
        "10": {
          "bias": 10.391738849602488,
          "call_true": 120.84991581348346,
          "n_valid": 100,
          "nbias": 0.0859887967620997,
          "nrmse": 0.0860975701832272,
          "nstd": 0.0043264792686481405,
          "rmse": 10.40488410838849,
          "std": 0.5228546553849093
        },
        "100": {
          "bias": 27.521933785406336,
          "call_true": 163.60985500243552,
          "n_valid": 100,
          "nbias": 0.1682168460145426,
          "nrmse": 0.16865401363279545,
          "nstd": 0.012135445248149277,
          "rmse": 27.59345871604045,
          "std": 1.9854784374396985
        }
      },
      "success_rate": 1.0,
      "t_idx": 30,
      "true_params": {
        "mu": 84.34958767984719,
        "sigma": 15.324320592304783,
        "xi": 0.05
      },
      "true_return_levels": {
        "10": 120.84991581348345,
        "100": 163.60985500243547
      }
    },
    "local": {
      "gev_params": {
        "mu": {
          "bias": 2.3624060335317165,
          "call_true": 84.34958767984723,
          "n_valid": 100,
          "nbias": 0.02800732165399952,
          "nrmse": 0.029492635423897535,
          "nstd": 0.00924150842754284,
          "rmse": 2.4876916375978135,
          "std": 0.7795174254030719
        },
        "sigma": {
          "bias": 1.5884697785277087,
          "call_true": 15.324320592304781,
          "n_valid": 100,
          "nbias": 0.10365678327855984,
          "nrmse": 0.11038963393382224,
          "nstd": 0.03796238349188513,
          "rmse": 1.6916461404690588,
          "std": 0.5817477350776664
        },
        "xi": {
          "bias": 0.05471234913915396,
          "call_true": 0.04999999999999999,
          "n_valid": 100,
          "nbias": 1.0942469827830794,
          "nrmse": 1.274500122321204,
          "nstd": 0.6534325538775152,
          "rmse": 0.06372500611606019,
          "std": 0.03267162769387575
        }
      },
      "n_runs": 100,
      "pixel": [
        0,
        3
      ],
      "return_levels": {
        "10": {
          "bias": 8.817290531121044,
          "call_true": 120.84991581348346,
          "n_valid": 100,
          "nbias": 0.07296066755006611,
          "nrmse": 0.07544285782253822,
          "nstd": 0.019192857710107848,
          "rmse": 9.117263016582346,
          "std": 2.3194552384867007
        },
        "100": {
          "bias": 23.456326638189537,
          "call_true": 163.60985500243552,
          "n_valid": 100,
          "nbias": 0.143367443469957,
          "nrmse": 0.15280553367026403,
          "nstd": 0.05287066552581767,
          "rmse": 25.000491207361677,
          "std": 8.650161920561295
        }
      },
      "success_rate": 1.0,
      "t_idx": 30,
      "true_params": {
        "mu": 84.34958767984719,
        "sigma": 15.324320592304783,
        "xi": 0.05
      },
      "true_return_levels": {
        "10": 120.84991581348345,
        "100": 163.60985500243547
      }
    },
    "pointwise": {
      "gev_params": {
        "mu": {
          "bias": 0.06811349638746426,
          "call_true": 84.34958767984722,
          "n_valid": 98,
          "nbias": 0.0008075142779119704,
          "nrmse": 0.021757490319652087,
          "nstd": 0.021742499987368574,
          "rmse": 1.8352353374109207,
          "std": 1.8339709090636227
        },
        "sigma": {
          "bias": -0.2515743277043927,
          "call_true": 15.324320592304783,
          "n_valid": 98,
          "nbias": -0.016416670885280392,
          "nrmse": 0.08984133634482849,
          "nstd": 0.08832869654460541,
          "rmse": 1.3767574405892353,
          "std": 1.353577263349937
        },
        "xi": {
          "bias": 0.06378394710660285,
          "call_true": 0.049999999999999996,
          "n_valid": 98,
          "nbias": 1.275678942132057,
          "nrmse": 2.190338670640966,
          "nstd": 1.7805130521021377,
          "rmse": 0.10951693353204829,
          "std": 0.08902565260510688
        }
      },
      "n_runs": 100,
      "pixel": [
        0,
        3
      ],
      "return_levels": {
        "10": {
          "bias": 2.369173071765475,
          "call_true": 120.84991581348345,
          "n_valid": 98,
          "nbias": 0.019604259182290154,
          "nrmse": 0.04520519613343013,
          "nstd": 0.04073306739463011,
          "rmse": 5.463044147057039,
          "std": 4.922587765465996
        },
        "100": {
          "bias": 14.10630614158757,
          "call_true": 163.60985500243552,
          "n_valid": 98,
          "nbias": 0.08621917146358685,
          "nrmse": 0.14381132951009631,
          "nstd": 0.11509975224818735,
          "rmse": 23.528950768854333,
          "std": 18.831453776142183
        }
      },
      "success_rate": 0.98,
      "t_idx": 30,
      "true_params": {
        "mu": 84.34958767984719,
        "sigma": 15.324320592304783,
        "xi": 0.05
      },
      "true_return_levels": {
        "10": 120.84991581348345,
        "100": 163.60985500243547
      }
    },
    "weighted": {
      "gev_params": {
        "mu": {
          "bias": -1.8933957395395726,
          "call_true": 84.34958767984723,
          "n_valid": 100,
          "nbias": -0.022447006459901664,
          "nrmse": 0.02382654621599014,
          "nstd": 0.007989756289890631,
          "rmse": 2.0097593491535926,
          "std": 0.6739326487147408
        },
        "sigma": {
          "bias": -0.28109863297684706,
          "call_true": 15.324320592304781,
          "n_valid": 100,
          "nbias": -0.018343301504538008,
          "nrmse": 0.03441422711909755,
          "nstd": 0.02911807545354677,
          "rmse": 0.5273746493094402,
          "std": 0.44621472328107115
        },
        "xi": {
          "bias": 0.05136897963471711,
          "call_true": 0.04999999999999999,
          "n_valid": 100,
          "nbias": 1.0273795926943423,
          "nrmse": 1.220612996179943,
          "nstd": 0.6590806164336691,
          "rmse": 0.06103064980899714,
          "std": 0.032954030821683446
        }
      },
      "n_runs": 100,
      "pixel": [
        0,
        3
      ],
      "return_levels": {
        "10": {
          "bias": -0.3362653770820816,
          "call_true": 120.84991581348346,
          "n_valid": 100,
          "nbias": -0.002782504024256538,
          "nrmse": 0.016129720882316585,