{
  "i": 0,
  "j": 1,
  "local_selector_args": {
    "include_center": true,
    "max_points": 24,
    "mode": "circle",
    "radius": null
  },
  "local_selector_points": 24,
  "location": "(0,1)",
  "location_index": 1,
  "raw_report_path": "C:\\github\\EVT_Univariate\\EVT_Classes\\SIM\\_output\\sim_results_all\\blob\\bootstrap_k001\\t_030\\runs_100\\demo_weights_k001_9d1f86fa96ade42e\\raw\\loc_001_i00_j01.json",
  "reports": {
    "full": {
      "gev_params": {
        "mu": {
          "bias": -5.143004086510018,
          "call_true": 91.16749512960085,
          "n_valid": 100,
          "nbias": -0.056412694888664926,
          "nrmse": 0.05644433743065765,
          "nstd": 0.001889731034920176,
          "rmse": 5.145888857803029,
          "std": 0.17228204492234073
        },
        "sigma": {
          "bias": -0.08883042739313883,
          "call_true": 17.938841145501584,
          "n_valid": 100,
          "nbias": -0.0049518487104399335,
          "nrmse": 0.0094587327208341,
          "nstd": 0.00805895892985515,
          "rmse": 0.1696787037168009,
          "std": 0.14456838404079297
        },
        "xi": {
          "bias": 0.053179601430892946,
          "call_true": 0.04999999999999999,
          "n_valid": 100,
          "nbias": 1.063592028617859,
          "nrmse": 1.0743089029619817,
          "nstd": 0.1513658338064554,
          "rmse": 0.05371544514809907,
          "std": 0.007568291690322769
        }
      },
      "n_runs": 100,
      "pixel": [
        0,
        1
      ],
      "return_levels": {
        "10": {
          "bias": -2.653580610295394,
          "call_true": 133.89523527338133,
          "n_valid": 100,
          "nbias": -0.01981833487112093,
          "nrmse": 0.02019938261897474,
          "nstd": 0.0039049534086658716,
          "rmse": 2.7046010881446727,
          "std": 0.5228546553849093
        },
        "100": {
          "bias": 7.181234462527755,
          "call_true": 183.95055432531404,
          "n_valid": 100,
          "nbias": 0.03903893896306417,
          "nrmse": 0.0405035720845507,
          "nstd": 0.010793544193013994,
          "rmse": 7.450654537108417,
          "std": 1.9854784374396988
        }
      },
      "success_rate": 1.0,
      "t_idx": 30,
      "true_params": {
        "mu": 91.16749512960084,
        "sigma": 17.938841145501588,
        "xi": 0.05
      },
      "true_return_levels": {
        "10": 133.89523527338133,
        "100": 183.95055432531404
      }
    },
    "local": {
      "gev_params": {
        "mu": {
          "bias": -0.44780717183716545,
          "call_true": 91.16749512960085,
          "n_valid": 100,
          "nbias": -0.004911917029206262,
          "nrmse": 0.0065116732623224,
          "nstd": 0.004274922195015713,
          "rmse": 0.5936529404283295,
          "std": 0.3897339483935176
        },
        "sigma": {
          "bias": 0.5856372421598889,
          "call_true": 17.938841145501584,
          "n_valid": 100,
          "nbias": 0.03264632522300615,
          "nrmse": 0.036188987858622075,
          "nstd": 0.015616026756675607,
          "rmse": 0.6491885044123069,
          "std": 0.28013342331190605
        },
        "xi": {
          "bias": 0.060146230086684224,
          "call_true": 0.04999999999999999,
          "n_valid": 100,
          "nbias": 1.2029246017336848,
          "nrmse": 1.2375736061570901,
          "nstd": 0.2907934545352088,
          "rmse": 0.06187868030785449,
          "std": 0.014539672726760435
        }
      },
      "n_runs": 100,
      "pixel": [
        0,
        1
      ],
      "return_levels": {
        "10": {
          "bias": 4.140968339899919,
          "call_true": 133.89523527338133,
          "n_valid": 100,
          "nbias": 0.03092692829169816,
          "nrmse": 0.03218937505871757,
          "nstd": 0.008926419949282515,
          "rmse": 4.310003946790102,
          "std": 1.195205099258187
        },
        "100": {
          "bias": 17.823393276004317,
          "call_true": 183.95055432531404,
          "n_valid": 100,
          "nbias": 0.09689230533376861,
          "nrmse": 0.09971416174105073,
          "nstd": 0.023554091339471808,
          "rmse": 18.342475326350304,
          "std": 4.3327881585249175
        }
      },
      "success_rate": 1.0,
      "t_idx": 30,
      "true_params": {
        "mu": 91.16749512960084,
        "sigma": 17.938841145501588,
        "xi": 0.05
      },
      "true_return_levels": {
        "10": 133.89523527338133,
        "100": 183.95055432531404
      }
    },
    "pointwise": {
      "gev_params": {
        "mu": {
          "bias": -0.023823380986766955,
          "call_true": 91.16749512960085,
          "n_valid": 99,
          "nbias": -0.00026131441861927196,
          "nrmse": 0.022978339691106117,
          "nstd": 0.022976853782328083,
          "rmse": 2.094877671875231,
          "std": 2.0947422052939464
        },
        "sigma": {
          "bias": -0.2892789336392757,
          "call_true": 17.938841145501584,
          "n_valid": 99,
          "nbias": -0.016125842873178933,
          "nrmse": 0.09331533058053962,
          "nstd": 0.091911414486912,
          "rmse": 1.6739688917242663,
          "std": 1.6487842639390673
        },
        "xi": {
          "bias": 0.0620990942175867,
          "call_true": 0.049999999999999996,
          "n_valid": 99,
          "nbias": 1.241981884351734,
          "nrmse": 2.236873973894803,
          "nstd": 1.8603994662518168,
          "rmse": 0.11184369869474015,
          "std": 0.09301997331259083
        }
      },
      "n_runs": 100,
      "pixel": [
        0,
        1
      ],
      "return_levels": {
        "10": {
          "bias": 2.680396995350913,
          "call_true": 133.89523527338133,
          "n_valid": 99,
          "nbias": 0.020018613730938203,
          "nrmse": 0.048483277337670154,
          "nstd": 0.04415748278256963,
          "rmse": 6.491679825951943,
          "std": 5.912476546252446
        },
        "100": {
          "bias": 16.6569356747846,
          "call_true": 183.95055432531404,
          "n_valid": 99,
          "nbias": 0.09055115781454529,
          "nrmse": 0.16423886434186588,
          "nstd": 0.13702150334436977,
          "rmse": 30.211830137446285,
          "std": 25.20518149468469
        }
      },
      "success_rate": 0.99,
      "t_idx": 30,
      "true_params": {
        "mu": 91.16749512960084,
        "sigma": 17.938841145501588,
        "xi": 0.05
      },
      "true_return_levels": {
        "10": 133.89523527338133,
        "100": 183.95055432531404
      }
    },
    "weighted": {
      "gev_params": {
        "mu": {
          "bias": -2.014334424034431,
          "call_true": 91.16749512960085,
          "n_valid": 100,
          "nbias": -0.02209487516544045,
          "nrmse": 0.022465281168637986,
          "nstd": 0.004062677615755804,
          "rmse": 2.048103411526917,
          "std": 0.37038414174755563
        },
        "sigma": {
          "bias": -0.5243992642734819,
          "call_true": 17.938841145501584,
          "n_valid": 100,
          "nbias": -0.029232616534150112,
          "nrmse": 0.033748710639604634,
          "nstd": 0.016865040776799112,
          "rmse": 0.6054127590293668,
          "std": 0.30253928740740593
        },
        "xi": {
          "bias": 0.054791689366102216,
          "call_true": 0.04999999999999999,
          "n_valid": 100,
          "nbias": 1.0958337873220445,
          "nrmse": 1.1394205442465875,
          "nstd": 0.312133764938389,
          "rmse": 0.056971027212329356,
          "std": 0.015606688246919447
        }
      },
      "n_runs": 100,
      "pixel": [
        0,
        1
      ],
      "return_levels": {
        "10": {
          "bias": -0.5376254101000814,
          "call_true": 133.89523527338133,
          "n_valid": 100,
          "nbias": -0.004015269169230568,
          "nrmse": 0.009944982217184904,