{
  "i": 0,
  "j": 0,
  "local_selector_args": {
    "include_center": true,
    "max_points": 14,
    "mode": "circle",
    "radius": null
  },
  "local_selector_points": 14,
  "location": "(0,0)",
  "location_index": 0,
  "raw_report_path": "C:\\github\\EVT_Univariate\\EVT_Classes\\SIM\\_output\\sim_results_all\\blob\\bootstrap_k001\\t_030\\runs_100\\demo_weights_k001_9d1f86fa96ade42e\\raw\\loc_000_i00_j00.json",
  "reports": {
    "full": {
      "gev_params": {
        "mu": {
          "bias": -7.217842568313513,
          "call_true": 93.24233361140433,
          "n_valid": 100,
          "nbias": -0.07740950155102842,
          "nrmse": 0.07743154947268514,
          "nstd": 0.0018476805357568735,
          "rmse": 7.2198983679800675,
          "std": 0.1722820449223407
        },
        "sigma": {
          "bias": -0.9697459857891936,
          "call_true": 18.81975670389764,
          "n_valid": 100,
          "nbias": -0.05152808301652251,
          "nrmse": 0.05209752769752101,
          "nstd": 0.007681735014717398,
          "rmse": 0.980462796141914,
          "std": 0.14456838404079297
        },
        "xi": {
          "bias": 0.053179601430892946,
          "call_true": 0.04999999999999999,
          "n_valid": 100,
          "nbias": 1.063592028617859,
          "nrmse": 1.0743089029619817,
          "nstd": 0.1513658338064554,
          "rmse": 0.05371544514809907,
          "std": 0.007568291690322769
        }
      },
      "n_runs": 100,
      "pixel": [
        0,
        0
      ],
      "return_levels": {
        "10": {
          "bias": -6.826633283443043,
          "call_true": 138.06828794652895,
          "n_valid": 100,
          "nbias": -0.04944389030221668,
          "nrmse": 0.04958869943180536,
          "nstd": 0.0037869279264721545,
          "rmse": 6.84662683204438,
          "std": 0.5228546553849093
        },
        "100": {
          "bias": 0.5501350863809171,
          "call_true": 190.58165370146094,
          "n_valid": 100,
          "nbias": 0.0028866109391761457,
          "nrmse": 0.010810509338154129,
          "nstd": 0.010417993541759674,
          "rmse": 2.0602847470205,
          "std": 1.9854784374396988
        }
      },
      "success_rate": 1.0,
      "t_idx": 30,
      "true_params": {
        "mu": 93.24233361140433,
        "sigma": 18.819756703897642,
        "xi": 0.05
      },
      "true_return_levels": {
        "10": 138.06828794652898,
        "100": 190.58165370146088
      }
    },
    "local": {
      "gev_params": {
        "mu": {
          "bias": -0.5378066338652713,
          "call_true": 93.24233361140433,
          "n_valid": 100,
          "nbias": -0.005767837558706198,
          "nrmse": 0.00815828937274376,
          "nstd": 0.0057697257634832105,
          "rmse": 0.7606979393917483,
          "std": 0.5379826944850161
        },
        "sigma": {
          "bias": 0.24337268881699423,
          "call_true": 18.81975670389764,
          "n_valid": 100,
          "nbias": 0.012931765943955634,
          "nrmse": 0.027071041485579102,
          "nstd": 0.023782571700400566,
          "rmse": 0.5094704144797184,
          "std": 0.44758221319453984
        },
        "xi": {
          "bias": 0.061874188520014285,
          "call_true": 0.04999999999999999,
          "n_valid": 100,
          "nbias": 1.237483770400286,
          "nrmse": 1.310513305201404,
          "nstd": 0.4313687994115943,
          "rmse": 0.06552566526007018,
          "std": 0.02156843997057971
        }
      },
      "n_runs": 100,
      "pixel": [
        0,
        0
      ],
      "return_levels": {
        "10": {
          "bias": 3.436473100834298,
          "call_true": 138.06828794652895,
          "n_valid": 100,
          "nbias": 0.024889662586134002,
          "nrmse": 0.028215762810048336,
          "nstd": 0.013290371225112861,
          "rmse": 3.8957020642887166,
          "std": 1.8349788012251453
        },
        "100": {
          "bias": 17.005716446244197,
          "call_true": 190.58165370146094,
          "n_valid": 100,
          "nbias": 0.08923060596841613,
          "nrmse": 0.09566978921025608,
          "nstd": 0.0345051811478231,
          "rmse": 18.232906636960788,
          "std": 6.5760544844206
        }
      },
      "success_rate": 1.0,
      "t_idx": 30,
      "true_params": {
        "mu": 93.24233361140433,
        "sigma": 18.819756703897642,
        "xi": 0.05
      },
      "true_return_levels": {
        "10": 138.06828794652898,
        "100": 190.58165370146088
      }
    },
    "pointwise": {
      "gev_params": {
        "mu": {
          "bias": 0.04846307309199675,
          "call_true": 93.24233361140433,
          "n_valid": 99,
          "nbias": 0.0005197539702724612,
          "nrmse": 0.020026086291291892,
          "nstd": 0.020019340347690154,
          "rmse": 1.8672790189034094,
          "std": 1.8666500113795725
        },
        "sigma": {
          "bias": -0.04228428869449753,
          "call_true": 18.81975670389764,
          "n_valid": 99,
          "nbias": -0.00224680315265395,
          "nrmse": 0.08702035728545642,
          "nstd": 0.08699134702763091,
          "rmse": 1.637701952398536,
          "std": 1.6371559864043428
        },
        "xi": {
          "bias": 0.06068886224029943,
          "call_true": 0.049999999999999996,
          "n_valid": 99,
          "nbias": 1.2137772448059887,
          "nrmse": 1.964476398716642,
          "nstd": 1.5446398677704434,
          "rmse": 0.0982238199358321,
          "std": 0.07723199338852216
        }
      },
      "n_runs": 100,
      "pixel": [
        0,
        0
      ],
      "return_levels": {
        "10": {
          "bias": 3.3886824995085405,
          "call_true": 138.06828794652895,
          "n_valid": 99,
          "nbias": 0.024543525163583605,
          "nrmse": 0.05061551016948946,
          "nstd": 0.044266750979287256,
          "rmse": 6.988396832641535,
          "std": 6.111834520665526
        },
        "100": {
          "bias": 17.59519674267777,
          "call_true": 190.5816537014609,
          "n_valid": 99,
          "nbias": 0.09232366495381551,
          "nrmse": 0.14751104032467774,
          "nstd": 0.115047155145898,
          "rmse": 28.112898004299968,
          "std": 21.92587708135378
        }
      },
      "success_rate": 0.99,
      "t_idx": 30,
      "true_params": {
        "mu": 93.24233361140433,
        "sigma": 18.819756703897642,
        "xi": 0.05
      },
      "true_return_levels": {
        "10": 138.06828794652898,
        "100": 190.58165370146088
      }
    },
    "weighted": {
      "gev_params": {
        "mu": {
          "bias": 0.5158663092499631,
          "call_true": 93.24233361140433,
          "n_valid": 100,
          "nbias": 0.00553253323109524,
          "nrmse": 0.007635276599381161,
          "nstd": 0.005261988673104914,
          "rmse": 0.711931007894847,
          "std": 0.49064010331707925
        },
        "sigma": {
          "bias": 0.46866382526730843,
          "call_true": 18.81975670389764,
          "n_valid": 100,
          "nbias": 0.02490275685499412,
          "nrmse": 0.03345080578787316,
          "nstd": 0.022334034764884107,
          "rmse": 0.6295360264771038,
          "std": 0.42032110049151056
        },
        "xi": {
          "bias": 0.05893159180879593,
          "call_true": 0.04999999999999999,
          "n_valid": 100,
          "nbias": 1.178631836175919,
          "nrmse": 1.229392470229636,
          "nstd": 0.3496181354133512,
          "rmse": 0.06146962351148178,
          "std": 0.017480906770667555
        }
      },
      "n_runs": 100,
      "pixel": [
        0,
        0
      ],
      "return_levels": {
        "10": {
          "bias": 4.893387163334299,
          "call_true": 138.06828794652895,
          "n_valid": 100,
          "nbias": 0.035441789248733264,
          "nrmse": 0.03748151172626675,