{
  "i": 3,
  "j": 9,
  "local_selector_args": {
    "include_center": true,
    "max_points": 8,
    "mode": "circle",
    "radius": null
  },
  "local_selector_points": 8,
  "location": "(3,9)",
  "location_index": 39,
  "raw_report_path": "C:\\github\\EVT_Univariate\\EVT_Classes\\SIM\\_output\\sim_results_all\\blob\\bootstrap_k100\\t_030\\runs_100\\demo_weights_k100_5c6fff0c30fb1252\\raw\\loc_039_i03_j09.json",
  "reports": {
    "full": {
      "gev_params": {
        "mu": {
          "bias": 14.388139584775518,
          "call_true": 71.6363514583153,
          "n_valid": 100,
          "nbias": 0.20084969839855504,
          "nrmse": 0.2008640962064182,
          "nstd": 0.0024049528125757555,
          "rmse": 14.389170991199833,
          "std": 0.1722820449223407
        },
        "sigma": {
          "bias": 6.426163640359456,
          "call_true": 11.423847077748995,
          "n_valid": 100,
          "nbias": 0.5625218542076016,
          "nrmse": 0.5626641845704504,
          "nstd": 0.012654964921788796,
          "rmse": 6.427789600659161,
          "std": 0.14456838404079297
        },
        "xi": {
          "bias": -0.046820398569107094,
          "call_true": 0.15,
          "n_valid": 100,
          "nbias": -0.312135990460714,
          "nrmse": 0.3161876209032193,
          "nstd": 0.05045527793548512,
          "rmse": 0.04742814313548289,
          "std": 0.007568291690322768
        }
      },
      "n_runs": 100,
      "pixel": [
        3,
        9
      ],
      "return_levels": {
        "10": {
          "bias": 29.02619087946536,
          "call_true": 102.21546378362058,
          "n_valid": 100,
          "nbias": 0.28397064206361927,
          "nrmse": 0.2840167090802085,
          "nstd": 0.005115220691966313,
          "rmse": 29.030899640931153,
          "std": 0.5228546553849093
        },
        "100": {
          "bias": 43.81167658012379,
          "call_true": 147.32011220771804,
          "n_valid": 100,
          "nbias": 0.2973910074026438,
          "nrmse": 0.2976962362854676,
          "nstd": 0.013477307393305667,
          "rmse": 43.85664293339043,
          "std": 1.9854784374396988
        }
      },
      "success_rate": 1.0,
      "t_idx": 30,
      "true_params": {
        "mu": 71.6363514583153,
        "sigma": 11.423847077748993,
        "xi": 0.15000000000000002
      },
      "true_return_levels": {
        "10": 102.21546378362056,
        "100": 147.320112207718
      }
    },
    "local": {
      "gev_params": {
        "mu": {
          "bias": 5.019994061704228,
          "call_true": 71.6363514583153,
          "n_valid": 100,
          "nbias": 0.07007607114978948,
          "nrmse": 0.0703846986182064,
          "nstd": 0.006584075621177931,
          "rmse": 5.042103007501433,
          "std": 0.47165915522682794
        },
        "sigma": {
          "bias": 2.4237313098724216,
          "call_true": 11.423847077748995,
          "n_valid": 100,
          "nbias": 0.21216419419630433,
          "nrmse": 0.21521858167967503,
          "nstd": 0.036130217287525794,
          "rmse": 2.458624165398639,
          "std": 0.4127460771785378
        },
        "xi": {
          "bias": -0.045694516077637706,
          "call_true": 0.15,
          "n_valid": 100,
          "nbias": -0.3046301071842514,
          "nrmse": 0.34676768122110685,
          "nstd": 0.16567535283310783,
          "rmse": 0.052015152183166026,
          "std": 0.024851302924966175
        }
      },
      "n_runs": 100,
      "pixel": [
        3,
        9
      ],
      "return_levels": {
        "10": {
          "bias": 9.58542176020268,
          "call_true": 102.21546378362058,
          "n_valid": 100,
          "nbias": 0.09377663031979205,
          "nrmse": 0.09517383199116457,
          "nstd": 0.016248135331399724,
          "rmse": 9.728237377041271,
          "std": 1.6608106885180545
        },
        "100": {
          "bias": 11.299104100875738,
          "call_true": 147.32011220771804,
          "n_valid": 100,
          "nbias": 0.07669763436606847,
          "nrmse": 0.0864941929744167,
          "nstd": 0.03998397555201969,
          "rmse": 12.742334214307085,
          "std": 5.890443764834195
        }
      },
      "success_rate": 1.0,
      "t_idx": 30,
      "true_params": {
        "mu": 71.6363514583153,
        "sigma": 11.423847077748993,
        "xi": 0.15000000000000002
      },
      "true_return_levels": {
        "10": 102.21546378362056,
        "100": 147.320112207718
      }
    },
    "pointwise": {
      "gev_params": {
        "mu": {
          "bias": 0.09658572547064244,
          "call_true": 71.6363514583153,
          "n_valid": 94,
          "nbias": 0.0013482781228304878,
          "nrmse": 0.019117642665228557,
          "nstd": 0.019070039516971747,
          "rmse": 1.3695181690207967,
          "std": 1.3661080531617495
        },
        "sigma": {
          "bias": -0.19583972568213467,
          "call_true": 11.423847077748995,
          "n_valid": 94,
          "nbias": -0.017143062608355904,
          "nrmse": 0.08817483869828092,
          "nstd": 0.08649229782977123,
          "rmse": 1.0072958733943456,
          "std": 0.9880747838104278
        },
        "xi": {
          "bias": -0.03619585067994815,
          "call_true": 0.15000000000000002,
          "n_valid": 94,
          "nbias": -0.2413056711996543,
          "nrmse": 0.5859953563194323,
          "nstd": 0.534005740301378,
          "rmse": 0.08789930344791487,
          "std": 0.08010086104520672
        }
      },
      "n_runs": 100,
      "pixel": [
        3,
        9
      ],
      "return_levels": {
        "10": {
          "bias": -1.5231239067557458,
          "call_true": 102.21546378362059,
          "n_valid": 94,
          "nbias": -0.014901110364083847,
          "nrmse": 0.04340176014696636,
          "nstd": 0.04076358293590237,
          "rmse": 4.436331042447628,
          "std": 4.166668535275343
        },
        "100": {
          "bias": -5.9995847048870194,
          "call_true": 147.32011220771807,
          "n_valid": 94,
          "nbias": -0.04072481764355256,
          "nrmse": 0.11083256294193995,
          "nstd": 0.10307932011891849,
          "rmse": 16.32786560887557,
          "std": 15.185657006214361
        }
      },
      "success_rate": 0.95,
      "t_idx": 30,
      "true_params": {
        "mu": 71.6363514583153,
        "sigma": 11.423847077748993,
        "xi": 0.15000000000000002
      },
      "true_return_levels": {
        "10": 102.21546378362056,
        "100": 147.320112207718
      }
    },
    "weighted": {
      "gev_params": {
        "mu": {
          "bias": 1.160854199643681,
          "call_true": 71.6363514583153,
          "n_valid": 100,
          "nbias": 0.01620482026250561,
          "nrmse": 0.01772747872172533,
          "nstd": 0.00718799708466218,
          "rmse": 1.2699318961793218,
          "std": 0.5149218854382057
        },
        "sigma": {
          "bias": 0.5869733578879235,
          "call_true": 11.423847077748995,
          "n_valid": 100,
          "nbias": 0.05138140889781442,
          "nrmse": 0.05984242240290907,
          "nstd": 0.030676804571594326,
          "rmse": 0.6836306822928938,
          "std": 0.35044712425988483
        },
        "xi": {
          "bias": -0.044278510957956346,
          "call_true": 0.15,
          "n_valid": 100,
          "nbias": -0.29519007305304235,
          "nrmse": 0.34687409544532094,
          "nstd": 0.18216602005299787,
          "rmse": 0.05203111431679814,
          "std": 0.02732490300794968
        }
      },
      "n_runs": 100,
      "pixel": [
        3,
        9
      ],
      "return_levels": {
        "10": {
          "bias": 1.1157460857642019,
          "call_true": 102.21546378362058,
          "n_valid": 100,
          "nbias": 0.010915629049300402,
          "nrmse": 0.017399699256643062,