{
  "i": 1,
  "j": 9,
  "local_selector_args": {
    "include_center": true,
    "max_points": 9,
    "mode": "circle",
    "radius": null
  },
  "local_selector_points": 9,
  "location": "(1,9)",
  "location_index": 19,
  "raw_report_path": "C:\\github\\EVT_Univariate\\EVT_Univariate\\EVT_Classes\\SIM\\_output\\sim_results_all\\blob\\bootstrap_k100\\t_030\\runs_100\\demo_weights_k100_5c6fff0c30fb1252\\raw\\loc_019_i01_j09.json",
  "reports": {
    "full": {
      "gev_params": {
        "mu": {
          "bias": -0.17124102023260604,
          "call_true": 86.19573236849925,
          "n_valid": 100,
          "nbias": -0.001986653115267074,
          "nrmse": 0.0028181085010387124,
          "nstd": 0.0019987358312759302,
          "rmse": 0.24290892614092544,
          "std": 0.17228249878798996
        },
        "sigma": {
          "bias": 1.8578910671940898,
          "call_true": 15.992120738103065,
          "n_valid": 100,
          "nbias": 0.11617540272613443,
          "nrmse": 0.11652658834751549,
          "nstd": 0.009039999631183935,
          "rmse": 1.8635072700527013,
          "std": 0.14456876557430065
        },
        "xi": {
          "bias": -0.04682041935622696,
          "call_true": 0.15,
          "n_valid": 100,
          "nbias": -0.31213612904151306,
          "nrmse": 0.3161877668611685,
          "nstd": 0.050455335294026335,
          "rmse": 0.047428165029175275,
          "std": 0.00756830029410395
        }
      },
      "n_runs": 100,
      "pixel": [
        1,
        9
      ],
      "return_levels": {
        "10": {
          "bias": 2.2385534525163964,
          "call_true": 129.00310304162423,
          "n_valid": 100,
          "nbias": 0.017352710126624652,
          "nrmse": 0.01781975643130076,
          "nstd": 0.004053044600324935,
          "rmse": 2.2988038750837383,
          "std": 0.5228553302080163
        },
        "100": {
          "bias": -1.0128240413465028,
          "call_true": 192.1446155757703,
          "n_valid": 100,
          "nbias": -0.005271154949159145,
          "nrmse": 0.011600064759423892,
          "nstd": 0.010333268017659424,
          "rmse": 2.228889983853544,
          "std": 1.9854818108945722
        }
      },
      "success_rate": 1.0,
      "t_idx": 30,
      "true_params": {
        "mu": 86.19573236849921,
        "sigma": 15.992120738103061,
        "xi": 0.15000000000000002
      },
      "true_return_levels": {
        "10": 129.00310304162423,
        "100": 192.14461557577033
      }
    },
    "local": {
      "gev_params": {
        "mu": {
          "bias": -5.100503181487488,
          "call_true": 86.19573236849925,
          "n_valid": 100,
          "nbias": -0.059173500141307435,
          "nrmse": 0.05944245237246341,
          "nstd": 0.005648187769476863,
          "rmse": 5.123685716024119,
          "std": 0.48684968134485845
        },
        "sigma": {
          "bias": -0.5014441639606513,
          "call_true": 15.992120738103065,
          "n_valid": 100,
          "nbias": -0.031355701484037886,
          "nrmse": 0.03897832919437498,
          "nstd": 0.023154484041519232,
          "rmse": 0.6233461466459722,
          "std": 0.37028930442045616
        },
        "xi": {
          "bias": -0.04428037375211719,
          "call_true": 0.15,
          "n_valid": 100,
          "nbias": -0.2952024916807813,
          "nrmse": 0.3427520112562966,
          "nstd": 0.174167821728627,
          "rmse": 0.05141280168844449,
          "std": 0.026125173259294046
        }
      },
      "n_runs": 100,
      "pixel": [
        1,
        9
      ],
      "return_levels": {
        "10": {
          "bias": -8.531654753660359,
          "call_true": 129.00310304162423,
          "n_valid": 100,
          "nbias": -0.06613526769900666,
          "nrmse": 0.06723427343478326,
          "nstd": 0.0121067704481387,
          "rmse": 8.673429903836084,
          "std": 1.561810955622528
        },
        "100": {
          "bias": -19.04325082967658,
          "call_true": 192.1446155757703,
          "n_valid": 100,
          "nbias": -0.09910894860421975,
          "nrmse": 0.10420195434455908,
          "nstd": 0.03217862016606206,
          "rmse": 20.02184445977927,
          "std": 6.182948601566724
        }
      },
      "success_rate": 1.0,
      "t_idx": 30,
      "true_params": {
        "mu": 86.19573236849921,
        "sigma": 15.992120738103061,
        "xi": 0.15000000000000002
      },
      "true_return_levels": {
        "10": 129.00310304162423,
        "100": 192.14461557577033
      }
    },
    "pointwise": {
      "gev_params": {
        "mu": {
          "bias": 0.06424926854999535,
          "call_true": 86.19573236849924,
          "n_valid": 99,
          "nbias": 0.0007453880463051283,
          "nrmse": 0.018393901764994804,
          "nstd": 0.0183787926371866,
          "rmse": 1.585475833747958,
          "std": 1.5841734914110805
        },
        "sigma": {
          "bias": -0.06038672724967457,
          "call_true": 15.992120738103065,
          "n_valid": 99,
          "nbias": -0.0037760299736729883,
          "nrmse": 0.09238285004787018,
          "nstd": 0.09230564760947832,
          "rmse": 1.4773976920956104,
          "std": 1.4761630613795718
        },
        "xi": {
          "bias": -0.05043389096366941,
          "call_true": 0.15,
          "n_valid": 99,
          "nbias": -0.3362259397577961,
          "nrmse": 0.6425886356569324,
          "nstd": 0.547605946013577,
          "rmse": 0.09638829534853985,
          "std": 0.08214089190203655
        }
      },
      "n_runs": 100,
      "pixel": [
        1,
        9
      ],
      "return_levels": {
        "10": {
          "bias": -2.3622016880000967,
          "call_true": 129.0031030416242,
          "n_valid": 99,
          "nbias": -0.01831120052389676,
          "nrmse": 0.046304175906597383,
          "nstd": 0.0425297148093278,
          "rmse": 5.973382375736275,
          "std": 5.486465181878605
        },
        "100": {
          "bias": -10.646055912980321,
          "call_true": 192.1446155757703,
          "n_valid": 99,
          "nbias": -0.05540647538354857,
          "nrmse": 0.12106336437737535,
          "nstd": 0.10764042307581934,
          "rmse": 23.26167360860019,
          "std": 20.68252771231658
        }
      },
      "success_rate": 0.99,
      "t_idx": 30,
      "true_params": {
        "mu": 86.19573236849921,
        "sigma": 15.992120738103061,
        "xi": 0.15000000000000002
      },
      "true_return_levels": {
        "10": 129.00310304162423,
        "100": 192.14461557577033
      }
    },
    "weighted": {
      "gev_params": {
        "mu": {
          "bias": -3.0891500320734258,
          "call_true": 86.19573236849925,
          "n_valid": 100,
          "nbias": -0.035838781656461385,
          "nrmse": 0.036299058190036926,
          "nstd": 0.005762235231589671,
          "rmse": 3.1288239049770037,
          "std": 0.4966800858664406
        },
        "sigma": {
          "bias": -0.44004855660070846,
          "call_true": 15.992120738103065,
          "n_valid": 100,
          "nbias": -0.027516585436492,
          "nrmse": 0.03742802367080498,
          "nstd": 0.02537113481534821,
          "rmse": 0.5985534735320927,
          "std": 0.4057382512297388
        },
        "xi": {
          "bias": -0.04767026659101251,
          "call_true": 0.15,
          "n_valid": 100,
          "nbias": -0.31780177727341674,
          "nrmse": 0.3621930680693294,
          "nstd": 0.17374075203973177,
          "rmse": 0.05432896021039941,
          "std": 0.026061112805959765
        }
      },
      "n_runs": 100,
      "pixel": [
        1,
        9
      ],
      "return_levels": {
        "10": {
          "bias": -6.515287489866414,
          "call_true": 129.00310304162423,
          "n_valid": 100,
          "nbias": -0.050504889698383355,