{
  "i": 9,
  "j": 4,
  "local_selector_args": {
    "include_center": true,
    "max_points": 22,
    "mode": "circle",
    "radius": null
  },
  "local_selector_points": 22,
  "location": "(9,4)",
  "location_index": 94,
  "raw_report_path": "C:\\github\\EVT_Univariate\\EVT_Classes\\SIM\\_output\\sim_results_all\\blob\\bootstrap_k100\\t_030\\runs_100\\demo_weights_k100_5c6fff0c30fb1252\\raw\\loc_094_i09_j04.json",
  "reports": {
    "full": {
      "gev_params": {
        "mu": {
          "bias": -4.411979429201037,
          "call_true": 90.43647047229186,
          "n_valid": 100,
          "nbias": -0.04878540047129316,
          "nrmse": 0.048822580309751284,
          "nstd": 0.0019050062880895478,
          "rmse": 4.41534184256392,
          "std": 0.1722820449223407
        },
        "sigma": {
          "bias": 0.21161673462114064,
          "call_true": 17.638393983487305,
          "n_valid": 100,
          "nbias": 0.01199750582843607,
          "nrmse": 0.014529913244658976,
          "nstd": 0.008196232841614425,
          "rmse": 0.2562843343551854,
          "std": 0.14456838404079295
        },
        "xi": {
          "bias": -0.046820398569107094,
          "call_true": 0.15,
          "n_valid": 100,
          "nbias": -0.312135990460714,
          "nrmse": 0.3161876209032193,
          "nstd": 0.05045527793548512,
          "rmse": 0.04742814313548289,
          "std": 0.007568291690322768
        }
      },
      "n_runs": 100,
      "pixel": [
        9,
        4
      ],
      "return_levels": {
        "10": {
          "bias": -6.408895898706391,
          "call_true": 137.65055056179233,
          "n_valid": 100,
          "nbias": -0.04655917373777151,
          "nrmse": 0.04671385936166771,
          "nstd": 0.0037984203713750933,
          "rmse": 6.430188459999697,
          "std": 0.5228546553849093
        },
        "100": {
          "bias": -16.160236662082017,
          "call_true": 207.29202544992376,
          "n_valid": 100,
          "nbias": -0.0779587956989976,
          "nrmse": 0.07854498827958198,
          "nstd": 0.009578170858865661,
          "rmse": 16.28174970941507,
          "std": 1.9854784374396988
        }
      },
      "success_rate": 1.0,
      "t_idx": 30,
      "true_params": {
        "mu": 90.43647047229186,
        "sigma": 17.63839398348731,
        "xi": 0.15000000000000002
      },
      "true_return_levels": {
        "10": 137.65055056179233,
        "100": 207.2920254499238
      }
    },
    "local": {
      "gev_params": {
        "mu": {
          "bias": -5.105059339479357,
          "call_true": 90.43647047229186,
          "n_valid": 100,
          "nbias": -0.056449121829046364,
          "nrmse": 0.05661717849705406,
          "nstd": 0.0043590762435130334,
          "rmse": 5.120257791373307,
          "std": 0.3942194699829354
        },
        "sigma": {
          "bias": -0.8071120989465004,
          "call_true": 17.638393983487305,
          "n_valid": 100,
          "nbias": -0.04575882020223054,
          "nrmse": 0.048441339763736435,
          "nstd": 0.0158963446051503,
          "rmse": 0.8544274358407531,
          "std": 0.28038598904292394
        },
        "xi": {
          "bias": -0.037829592302441616,
          "call_true": 0.15,
          "n_valid": 100,
          "nbias": -0.25219728201627745,
          "nrmse": 0.2751123216391329,
          "nstd": 0.10992415776923603,
          "rmse": 0.04126684824586993,
          "std": 0.016488623665385404
        }
      },
      "n_runs": 100,
      "pixel": [
        9,
        4
      ],
      "return_levels": {
        "10": {
          "bias": -9.225544458276705,
          "call_true": 137.65055056179233,
          "n_valid": 100,
          "nbias": -0.06702148607923868,
          "nrmse": 0.06740545695273895,
          "nstd": 0.007184429743407566,
          "rmse": 9.278398260413708,
          "std": 0.9889407096525679
        },
        "100": {
          "bias": -20.533944852999984,
          "call_true": 207.29202544992376,
          "n_valid": 100,
          "nbias": -0.09905805497549368,
          "nrmse": 0.1009660699469922,
          "nstd": 0.0195358395011064,
          "rmse": 20.92946114103069,
          "std": 4.0496237390489735
        }
      },
      "success_rate": 1.0,
      "t_idx": 30,
      "true_params": {
        "mu": 90.43647047229186,
        "sigma": 17.63839398348731,
        "xi": 0.15000000000000002
      },
      "true_return_levels": {
        "10": 137.65055056179233,
        "100": 207.2920254499238
      }
    },
    "pointwise": {
      "gev_params": {
        "mu": {
          "bias": 0.21967200092896633,
          "call_true": 90.43647047229184,
          "n_valid": 96,
          "nbias": 0.0024290200599576695,
          "nrmse": 0.024482094193171322,
          "nstd": 0.024361297125392076,
          "rmse": 2.214074188600606,
          "std": 2.2031497281472485
        },
        "sigma": {
          "bias": -0.3542686340865924,
          "call_true": 17.63839398348731,
          "n_valid": 96,
          "nbias": -0.020085084527437774,
          "nrmse": 0.09459214055878867,
          "nstd": 0.09243517963967675,
          "rmse": 1.668453442917324,
          "std": 1.630408116419043
        },
        "xi": {
          "bias": -0.04130441463506337,
          "call_true": 0.15,
          "n_valid": 96,
          "nbias": -0.2753627642337558,
          "nrmse": 0.6484480483007659,
          "nstd": 0.5870776945333703,
          "rmse": 0.09726720724511487,
          "std": 0.08806165418000554
        }
      },
      "n_runs": 100,
      "pixel": [
        9,
        4
      ],
      "return_levels": {
        "10": {
          "bias": -2.7810290233757846,
          "call_true": 137.65055056179236,
          "n_valid": 96,
          "nbias": -0.020203544497465413,
          "nrmse": 0.04503422188311472,
          "nstd": 0.040247955604683125,
          "rmse": 6.198985436332658,
          "std": 5.540153247971209
        },
        "100": {
          "bias": -11.049147012881576,
          "call_true": 207.2920254499238,
          "n_valid": 96,
          "nbias": -0.05330232549418913,
          "nrmse": 0.11707686447787208,
          "nstd": 0.10423940854053969,
          "rmse": 24.26910037094434,
          "std": 21.60799812807056
        }
      },
      "success_rate": 0.96,
      "t_idx": 30,
      "true_params": {
        "mu": 90.43647047229186,
        "sigma": 17.63839398348731,
        "xi": 0.15000000000000002
      },
      "true_return_levels": {
        "10": 137.65055056179233,
        "100": 207.2920254499238
      }
    },
    "weighted": {
      "gev_params": {
        "mu": {
          "bias": -1.4921241588152965,
          "call_true": 90.43647047229186,
          "n_valid": 100,
          "nbias": -0.016499141895110304,
          "nrmse": 0.01716287224565961,
          "nstd": 0.004726785424138583,
          "rmse": 1.5521495890643127,
          "std": 0.4274737904389685
        },
        "sigma": {
          "bias": -0.19728643433641327,
          "call_true": 17.638393983487305,
          "n_valid": 100,
          "nbias": -0.01118505656020093,
          "nrmse": 0.02166590640124713,
          "nstd": 0.01855548463211639,
          "rmse": 0.3821517931145565,
          "std": 0.3272889484958129
        },
        "xi": {
          "bias": -0.0442770749330521,
          "call_true": 0.15,
          "n_valid": 100,
          "nbias": -0.2951804995536807,
          "nrmse": 0.31859444117685526,
          "nstd": 0.1198786496088118,
          "rmse": 0.047789166176528286,
          "std": 0.017981797441321768
        }
      },
      "n_runs": 100,
      "pixel": [
        9,
        4
      ],
      "return_levels": {
        "10": {
          "bias": -4.3849145754642045,
          "call_true": 137.65055056179233,
          "n_valid": 100,
          "nbias": -0.03185540891458901,
          "nrmse": 0.0331078754782489,