{
  "i": 6,
  "j": 9,
  "local_selector_args": {
    "include_center": true,
    "max_points": 11,
    "mode": "circle",
    "radius": null
  },
  "local_selector_points": 11,
  "location": "(6,9)",
  "location_index": 69,
  "raw_report_path": "C:\\github\\EVT_Univariate\\EVT_Classes\\SIM\\_output\\sim_results_all\\blob\\bootstrap_k100\\t_030\\runs_100\\demo_weights_k100_5c6fff0c30fb1252\\raw\\loc_069_i06_j09.json",
  "reports": {
    "full": {
      "gev_params": {
        "mu": {
          "bias": -6.2823778505188965,
          "call_true": 92.3068688936097,
          "n_valid": 100,
          "nbias": -0.06805970049487638,
          "nrmse": 0.06808528696294602,
          "nstd": 0.0018664054689246164,
          "rmse": 6.2847396572724525,
          "std": 0.1722820449223407
        },
        "sigma": {
          "bias": -0.5673434634056611,
          "call_true": 18.41735418151411,
          "n_valid": 100,
          "nbias": -0.03080482993453619,
          "nrmse": 0.03178920192232669,
          "nstd": 0.00784957397332888,
          "rmse": 0.5854729909511599,
          "std": 0.14456838404079297
        },
        "xi": {
          "bias": -0.046820398569107094,
          "call_true": 0.15,
          "n_valid": 100,
          "nbias": -0.312135990460714,
          "nrmse": 0.3161876209032193,
          "nstd": 0.05045527793548512,
          "rmse": 0.04742814313548289,
          "std": 0.007568291690322768
        }
      },
      "n_runs": 100,
      "pixel": [
        6,
        9
      ],
      "return_levels": {
        "10": {
          "bias": -10.364398508682315,
          "call_true": 141.60605317176828,
          "n_valid": 100,
          "nbias": -0.07319177589188429,
          "nrmse": 0.07328485023797564,
          "nstd": 0.003692318539170681,
          "rmse": 10.377578399483854,
          "std": 0.5228546553849093
        },
        "100": {
          "bias": -23.19129916263094,
          "call_true": 214.32308795047274,
          "n_valid": 100,
          "nbias": -0.1082071902957564,
          "nrmse": 0.10860302393156973,
          "nstd": 0.009263950311776568,
          "rmse": 23.276135449773115,
          "std": 1.9854784374396988
        }
      },
      "success_rate": 1.0,
      "t_idx": 30,
      "true_params": {
        "mu": 92.30686889360972,
        "sigma": 18.41735418151411,
        "xi": 0.15000000000000002
      },
      "true_return_levels": {
        "10": 141.60605317176825,
        "100": 214.32308795047274
      }
    },
    "local": {
      "gev_params": {
        "mu": {
          "bias": -9.951016995416358,
          "call_true": 92.3068688936097,
          "n_valid": 100,
          "nbias": -0.1078036457599447,
          "nrmse": 0.10798727838772376,
          "nstd": 0.006294938796534352,
          "rmse": 9.96796754831335,
          "std": 0.5810660901849937
        },
        "sigma": {
          "bias": -0.5048058310249454,
          "call_true": 18.41735418151411,
          "n_valid": 100,
          "nbias": -0.027409248149858012,
          "nrmse": 0.03659099573190137,
          "nstd": 0.02424116508156176,
          "rmse": 0.6739093282486985,
          "std": 0.4464581230796753
        },
        "xi": {
          "bias": -0.028446902446448822,
          "call_true": 0.15,
          "n_valid": 100,
          "nbias": -0.18964601630965883,
          "nrmse": 0.24975186913236308,
          "nstd": 0.1625127214496934,
          "rmse": 0.03746278036985446,
          "std": 0.02437690821745401
        }
      },
      "n_runs": 100,
      "pixel": [
        6,
        9
      ],
      "return_levels": {
        "10": {
          "bias": -12.873910380020206,
          "call_true": 141.60605317176828,
          "n_valid": 100,
          "nbias": -0.09091355977843786,
          "nrmse": 0.09160151240541205,
          "nstd": 0.01120543276144503,
          "rmse": 12.971328636295171,
          "std": 1.5867571074298592
        },
        "100": {
          "bias": -21.352518645052815,
          "call_true": 214.32308795047274,
          "n_valid": 100,
          "nbias": -0.09962771089779698,
          "nrmse": 0.10383086896518808,
          "nstd": 0.029243265401302822,
          "rmse": 22.253352461200013,
          "std": 6.2675069425624415
        }
      },
      "success_rate": 1.0,
      "t_idx": 30,
      "true_params": {
        "mu": 92.30686889360972,
        "sigma": 18.41735418151411,
        "xi": 0.15000000000000002
      },
      "true_return_levels": {
        "10": 141.60605317176825,
        "100": 214.32308795047274
      }
    },
    "pointwise": {
      "gev_params": {
        "mu": {
          "bias": 0.29043873977078316,
          "call_true": 92.3068688936097,
          "n_valid": 98,
          "nbias": 0.0031464477481684995,
          "nrmse": 0.024906073405859132,
          "nstd": 0.024706524625411983,
          "rmse": 2.2990016525292583,
          "std": 2.2805819294146437
        },
        "sigma": {
          "bias": -0.3294121568790905,
          "call_true": 18.417354181514106,
          "n_valid": 98,
          "nbias": -0.017885965249543202,
          "nrmse": 0.08712672048649826,
          "nstd": 0.08527108343292308,
          "rmse": 1.6046436698736195,
          "std": 1.5704677450255842
        },
        "xi": {
          "bias": -0.04646229427070265,
          "call_true": 0.15,
          "n_valid": 98,
          "nbias": -0.309748628471351,
          "nrmse": 0.6146219591144878,
          "nstd": 0.5308633908886994,
          "rmse": 0.09219329386717316,
          "std": 0.07962950863330491
        }
      },
      "n_runs": 100,
      "pixel": [
        6,
        9
      ],
      "return_levels": {
        "10": {
          "bias": -2.976771757969823,
          "call_true": 141.60605317176828,
          "n_valid": 98,
          "nbias": -0.021021500785414846,
          "nrmse": 0.048703201129609054,
          "nstd": 0.04393288409608406,
          "rmse": 6.896668088794745,
          "std": 6.221162321299213
        },
        "100": {
          "bias": -12.724727460646925,
          "call_true": 214.3230879504727,
          "n_valid": 98,
          "nbias": -0.05937170643784045,
          "nrmse": 0.1233490121689105,
          "nstd": 0.1081202075363571,
          "rmse": 26.436541183681335,
          "std": 23.172656749038023
        }
      },
      "success_rate": 0.98,
      "t_idx": 30,
      "true_params": {
        "mu": 92.30686889360972,
        "sigma": 18.41735418151411,
        "xi": 0.15000000000000002
      },
      "true_return_levels": {
        "10": 141.60605317176825,
        "100": 214.32308795047274
      }
    },
    "weighted": {
      "gev_params": {
        "mu": {
          "bias": 2.5450190763609863,
          "call_true": 92.3068688936097,
          "n_valid": 100,
          "nbias": 0.02757128593858279,
          "nrmse": 0.028515010555112685,
          "nstd": 0.007275301962880658,
          "rmse": 2.6321313408106835,
          "std": 0.6715603444490462
        },
        "sigma": {
          "bias": 1.2093564657086286,
          "call_true": 18.41735418151411,
          "n_valid": 100,
          "nbias": 0.06566396311813807,
          "nrmse": 0.07155587040656172,
          "nstd": 0.02843389767971424,
          "rmse": 1.3178698090441714,
          "std": 0.5236771643282294
        },
        "xi": {
          "bias": -0.04531395088881258,
          "call_true": 0.15,
          "n_valid": 100,
          "nbias": -0.3020930059254172,
          "nrmse": 0.33207142336407663,
          "nstd": 0.13788127496505723,
          "rmse": 0.04981071350461149,
          "std": 0.020682191244758584
        }
      },
      "n_runs": 100,
      "pixel": [
        6,
        9
      ],
      "return_levels": {
        "10": {
          "bias": 3.0664736837004964,
          "call_true": 141.60605317176828,
          "n_valid": 100,
          "nbias": 0.021654961882038058,
          "nrmse": 0.025517772187188724,