{
  "i": 7,
  "j": 7,
  "local_selector_args": {
    "include_center": true,
    "max_points": 29,
    "mode": "circle",
    "radius": null
  },
  "local_selector_points": 29,
  "location": "(7,7)",
  "location_index": 77,
  "raw_report_path": "C:\\github\\EVT_Univariate\\EVT_Classes\\SIM\\_output\\sim_results_all\\blob\\bootstrap_k100\\t_030\\runs_100\\demo_weights_k100_5c6fff0c30fb1252\\raw\\loc_077_i07_j07.json",
  "reports": {
    "full": {
      "gev_params": {
        "mu": {
          "bias": -5.517611357543683,
          "call_true": 91.54210240063445,
          "n_valid": 100,
          "nbias": -0.060274029248266886,
          "nrmse": 0.06030340386690243,
          "nstd": 0.0018819979048367002,
          "rmse": 5.520300371890798,
          "std": 0.1722820449223407
        },
        "sigma": {
          "bias": -0.24476974009482208,
          "call_true": 18.094780458203275,
          "n_valid": 100,
          "nbias": -0.013527090901169549,
          "nrmse": 0.015710328393024026,
          "nstd": 0.007989507492214575,
          "rmse": 0.2842749431980472,
          "std": 0.14456838404079295
        },
        "xi": {
          "bias": 0.053179601430892946,
          "call_true": 0.04999999999999999,
          "n_valid": 100,
          "nbias": 1.063592028617859,
          "nrmse": 1.0743089029619817,
          "nstd": 0.1513658338064554,
          "rmse": 0.05371544514809907,
          "std": 0.007568291690322769
        }
      },
      "n_runs": 100,
      "pixel": [
        7,
        7
      ],
      "return_levels": {
        "10": {
          "bias": -3.3996129013331164,
          "call_true": 134.64126756441902,
          "n_valid": 100,
          "nbias": -0.02524941247828474,
          "nrmse": 0.025546290875726425,
          "nstd": 0.00388331649607168,
          "rmse": 3.439584985077158,
          "std": 0.5228546553849093
        },
        "100": {
          "bias": 6.00007974709757,
          "call_true": 185.13170904074417,
          "n_valid": 100,
          "nbias": 0.032409789647526346,
          "nrmse": 0.034138149301034815,
          "nstd": 0.010724680540829073,
          "rmse": 6.320053923588661,
          "std": 1.9854784374396988
        }
      },
      "success_rate": 1.0,
      "t_idx": 30,
      "true_params": {
        "mu": 91.5421024006345,
        "sigma": 18.09478045820327,
        "xi": 0.05
      },
      "true_return_levels": {
        "10": 134.64126756441905,
        "100": 185.13170904074423
      }
    },
    "local": {
      "gev_params": {
        "mu": {
          "bias": -8.656890227172589,
          "call_true": 91.54210240063445,
          "n_valid": 100,
          "nbias": -0.09456730837670373,
          "nrmse": 0.09464368379234984,
          "nstd": 0.0038014560594225137,
          "rmse": 8.663881793292557,
          "std": 0.3479932798631681
        },
        "sigma": {
          "bias": -0.5172915348088145,
          "call_true": 18.094780458203275,
          "n_valid": 100,
          "nbias": -0.028587886766777554,
          "nrmse": 0.032549584652906714,
          "nstd": 0.015563039268942466,
          "rmse": 0.5889775883000496,
          "std": 0.2816097788339103
        },
        "xi": {
          "bias": 0.06836744353175163,
          "call_true": 0.04999999999999999,
          "n_valid": 100,
          "nbias": 1.367348870635033,
          "nrmse": 1.4019097075189524,
          "nstd": 0.3093669245555738,
          "rmse": 0.0700954853759476,
          "std": 0.015468346227778687
        }
      },
      "n_runs": 100,
      "pixel": [
        7,
        7
      ],
      "return_levels": {
        "10": {
          "bias": -6.424205491665147,
          "call_true": 134.64126756441902,
          "n_valid": 100,
          "nbias": -0.04771349533375041,
          "nrmse": 0.04832197243995877,
          "nstd": 0.007644303992144268,
          "rmse": 6.50613162052897,
          "std": 1.0292387791500528
        },
        "100": {
          "bias": 5.321119023220617,
          "call_true": 185.13170904074417,
          "n_valid": 100,
          "nbias": 0.028742342685604085,
          "nrmse": 0.036232787041879495,
          "nstd": 0.022061110438178124,
          "rmse": 6.70783778837248,
          "std": 4.084211078756517
        }
      },
      "success_rate": 1.0,
      "t_idx": 30,
      "true_params": {
        "mu": 91.5421024006345,
        "sigma": 18.09478045820327,
        "xi": 0.05
      },
      "true_return_levels": {
        "10": 134.64126756441905,
        "100": 185.13170904074423
      }
    },
    "pointwise": {
      "gev_params": {
        "mu": {
          "bias": 0.14160884204127627,
          "call_true": 91.54210240063445,
          "n_valid": 100,
          "nbias": 0.0015469258224103757,
          "nrmse": 0.019514473791075994,
          "nstd": 0.019453064227585116,
          "rmse": 1.7863959580771758,
          "std": 1.7807743975277155
        },
        "sigma": {
          "bias": -0.2149393519271619,
          "call_true": 18.094780458203275,
          "n_valid": 100,
          "nbias": -0.01187852775686588,
          "nrmse": 0.0910606616831549,
          "nstd": 0.09028258239828633,
          "rmse": 1.647722681535411,
          "std": 1.6336435076966385
        },
        "xi": {
          "bias": 0.05126054822932929,
          "call_true": 0.04999999999999999,
          "n_valid": 100,
          "nbias": 1.025210964586586,
          "nrmse": 1.8164811088544195,
          "nstd": 1.4995152873233484,
          "rmse": 0.09082405544272096,
          "std": 0.0749757643661674
        }
      },
      "n_runs": 100,
      "pixel": [
        7,
        7
      ],
      "return_levels": {
        "10": {
          "bias": 2.3440882705418846,
          "call_true": 134.64126756441902,
          "n_valid": 100,
          "nbias": 0.017409879696953665,
          "nrmse": 0.0435771401816453,
          "nstd": 0.039948256975096755,
          "rmse": 5.867281390889101,
          "std": 5.378683956116171
        },
        "100": {
          "bias": 13.04303384866007,
          "call_true": 185.13170904074417,
          "n_valid": 100,
          "nbias": 0.07045272750001746,
          "nrmse": 0.12287715360247546,
          "nstd": 0.10067377049288773,
          "rmse": 22.748457448488317,
          "std": 18.637907186923947
        }
      },
      "success_rate": 1.0,
      "t_idx": 30,
      "true_params": {
        "mu": 91.5421024006345,
        "sigma": 18.09478045820327,
        "xi": 0.05
      },
      "true_return_levels": {
        "10": 134.64126756441905,
        "100": 185.13170904074423
      }
    },
    "weighted": {
      "gev_params": {
        "mu": {
          "bias": -2.311161314819076,
          "call_true": 91.54210240063445,
          "n_valid": 100,
          "nbias": -0.0252469765737329,
          "nrmse": 0.025493597425129674,
          "nstd": 0.0035374685242360827,
          "rmse": 2.3337375060517713,
          "std": 0.3238273058846407
        },
        "sigma": {
          "bias": -0.4436030486651019,
          "call_true": 18.094780458203275,
          "n_valid": 100,
          "nbias": -0.024515525330068004,
          "nrmse": 0.028284811211669487,
          "nstd": 0.0141074293572776,
          "rmse": 0.5118074491768859,
          "std": 0.2552708370495499
        },
        "xi": {
          "bias": 0.05572626911103726,
          "call_true": 0.04999999999999999,
          "n_valid": 100,
          "nbias": 1.1145253822207455,
          "nrmse": 1.1521869558457958,
          "nstd": 0.29217794852949336,
          "rmse": 0.057609347792289774,
          "std": 0.014608897426474666
        }
      },
      "n_runs": 100,
      "pixel": [
        7,
        7
      ],
      "return_levels": {
        "10": {
          "bias": -0.5579701401026466,
          "call_true": 134.64126756441902,
          "n_valid": 100,
          "nbias": -0.004144124236172139,
          "nrmse": 0.008413934266113364,