{
  "i": 1,
  "j": 7,
  "local_selector_args": {
    "include_center": true,
    "max_points": 26,
    "mode": "circle",
    "radius": null
  },
  "local_selector_points": 26,
  "location": "(1,7)",
  "location_index": 17,
  "raw_report_path": "C:\\github\\EVT_Univariate\\EVT_Univariate\\EVT_Classes\\SIM\\_output\\sim_results_all\\blob\\bootstrap_k100\\t_030\\runs_100\\demo_weights_k100_5c6fff0c30fb1252\\raw\\loc_017_i01_j07.json",
  "reports": {
    "full": {
      "gev_params": {
        "mu": {
          "bias": 0.6180700614935057,
          "call_true": 85.4064212867731,
          "n_valid": 100,
          "nbias": 0.0072368102091315036,
          "nrmse": 0.007512692546111004,
          "nstd": 0.002017207795295731,
          "rmse": 0.6416321845911565,
          "std": 0.17228249878798996
        },
        "sigma": {
          "bias": 2.1468954172070602,
          "call_true": 15.703116388090093,
          "n_valid": 100,
          "nbias": 0.13671779308948867,
          "nrmse": 0.1370274143125015,
          "nstd": 0.009206374199961207,
          "rmse": 2.1517574353082534,
          "std": 0.14456876557430065
        },
        "xi": {
          "bias": -0.04682041935622696,
          "call_true": 0.15,
          "n_valid": 100,
          "nbias": -0.31213612904151306,
          "nrmse": 0.3161877668611685,
          "nstd": 0.050455335294026335,
          "rmse": 0.047428165029175275,
          "std": 0.00756830029410395
        }
      },
      "n_runs": 100,
      "pixel": [
        1,
        7
      ],
      "return_levels": {
        "10": {
          "bias": 3.8014652679884877,
          "call_true": 127.44019122615217,
          "n_valid": 100,
          "nbias": 0.02982940649580871,
          "nrmse": 0.030110231732249495,
          "nstd": 0.004102750672118582,
          "rmse": 3.8372536898216305,
          "std": 0.5228553302080163
        },
        "100": {
          "bias": 1.6911604365704158,
          "call_true": 189.44063109785336,
          "n_valid": 100,
          "nbias": 0.008927126281039819,
          "nrmse": 0.013767349645506603,
          "nstd": 0.010480760116709042,
          "rmse": 2.6080954053895784,
          "std": 1.9854818108945722
        }
      },
      "success_rate": 1.0,
      "t_idx": 30,
      "true_params": {
        "mu": 85.4064212867731,
        "sigma": 15.703116388090091,
        "xi": 0.15000000000000002
      },
      "true_return_levels": {
        "10": 127.44019122615214,
        "100": 189.4406310978534
      }
    },
    "local": {
      "gev_params": {
        "mu": {
          "bias": -3.156838614653955,
          "call_true": 85.4064212867731,
          "n_valid": 100,
          "nbias": -0.03696254411660795,
          "nrmse": 0.03711167798966446,
          "nstd": 0.003323699089321452,
          "rmse": 3.169575605044347,
          "std": 0.283865244653052
        },
        "sigma": {
          "bias": 0.8818316351063885,
          "call_true": 15.703116388090093,
          "n_valid": 100,
          "nbias": 0.05615647323197623,
          "nrmse": 0.05891468498249683,
          "nstd": 0.01781546016057888,
          "rmse": 0.9251441552478112,
          "std": 0.27975824440895236
        },
        "xi": {
          "bias": -0.04132143624126915,
          "call_true": 0.15,
          "n_valid": 100,
          "nbias": -0.275476241608461,
          "nrmse": 0.2902367836466443,
          "nstd": 0.0913795977821409,
          "rmse": 0.04353551754699664,
          "std": 0.013706939667321135
        }
      },
      "n_runs": 100,
      "pixel": [
        1,
        7
      ],
      "return_levels": {
        "10": {
          "bias": -2.9037380553757703,
          "call_true": 127.44019122615217,
          "n_valid": 100,
          "nbias": -0.022785104349246226,
          "nrmse": 0.023986667927749356,
          "nstd": 0.00749661644144079,
          "rmse": 3.056865547590589,
          "std": 0.9553702328463307
        },
        "100": {
          "bias": -8.145699914992083,
          "call_true": 189.44063109785336,
          "n_valid": 100,
          "nbias": -0.04299869498842894,
          "nrmse": 0.04671355869528901,
          "nstd": 0.01825565105029856,
          "rmse": 8.849446040062166,
          "std": 3.4583620560707486
        }
      },
      "success_rate": 1.0,
      "t_idx": 30,
      "true_params": {
        "mu": 85.4064212867731,
        "sigma": 15.703116388090091,
        "xi": 0.15000000000000002
      },
      "true_return_levels": {
        "10": 127.44019122615214,
        "100": 189.4406310978534
      }
    },
    "pointwise": {
      "gev_params": {
        "mu": {
          "bias": 0.2543397873709172,
          "call_true": 85.40642128677311,
          "n_valid": 98,
          "nbias": 0.0029779937332452874,
          "nrmse": 0.023729862796095184,
          "nstd": 0.023542258635191615,
          "rmse": 2.026682659040629,
          "std": 2.0106600590393473
        },
        "sigma": {
          "bias": -0.055507724347575574,
          "call_true": 15.703116388090091,
          "n_valid": 98,
          "nbias": -0.003534822195527697,
          "nrmse": 0.08681850308773559,
          "nstd": 0.08674651295839594,
          "rmse": 1.3633210586264708,
          "std": 1.3621905892466568
        },
        "xi": {
          "bias": -0.07465944501169847,
          "call_true": 0.15,
          "n_valid": 98,
          "nbias": -0.49772963341132315,
          "nrmse": 0.7876569469992388,
          "nstd": 0.6104659516962364,
          "rmse": 0.11814854204988581,
          "std": 0.09156989275443546
        }
      },
      "n_runs": 100,
      "pixel": [
        1,
        7
      ],
      "return_levels": {
        "10": {
          "bias": -3.12463106043546,
          "call_true": 127.44019122615215,
          "n_valid": 98,
          "nbias": -0.024518411580931862,
          "nrmse": 0.05248773238967946,
          "nstd": 0.04640915367638837,
          "rmse": 6.68904665276785,
          "std": 5.914391419162816
        },
        "100": {
          "bias": -14.990801217781266,
          "call_true": 189.44063109785338,
          "n_valid": 98,
          "nbias": -0.07913192186336172,
          "nrmse": 0.13720106979357782,
          "nstd": 0.11208154395221828,
          "rmse": 25.991457248996014,
          "std": 21.232798420730024
        }
      },
      "success_rate": 0.98,
      "t_idx": 30,
      "true_params": {
        "mu": 85.4064212867731,
        "sigma": 15.703116388090091,
        "xi": 0.15000000000000002
      },
      "true_return_levels": {
        "10": 127.44019122615214,
        "100": 189.4406310978534
      }
    },
    "weighted": {
      "gev_params": {
        "mu": {
          "bias": 1.8449047782903814,
          "call_true": 85.4064212867731,
          "n_valid": 100,
          "nbias": 0.02160147621799606,
          "nrmse": 0.02198297849236094,
          "nstd": 0.0040776915772228976,
          "rmse": 1.8774875222566505,
          "std": 0.348261044721825
        },
        "sigma": {
          "bias": 1.1130263941555336,
          "call_true": 15.703116388090093,
          "n_valid": 100,
          "nbias": 0.07087933163379594,
          "nrmse": 0.07286315660224614,
          "nstd": 0.01688667928249422,
          "rmse": 1.1441786285287063,
          "std": 0.26517349018135644
        },
        "xi": {
          "bias": -0.04574889793992046,
          "call_true": 0.15,
          "n_valid": 100,
          "nbias": -0.3049926529328031,
          "nrmse": 0.3158034559019365,
          "nstd": 0.08192255133122459,
          "rmse": 0.04737051838529047,
          "std": 0.012288382699683686
        }
      },
      "n_runs": 100,
      "pixel": [
        1,
        7
      ],
      "return_levels": {
        "10": {
          "bias": 2.4646483276808704,
          "call_true": 127.44019122615217,
          "n_valid": 100,
          "nbias": 0.019339647123623405,
          "nrmse": 0.020684622790299808,