{
  "i": 1,
  "j": 6,
  "local_selector_args": {
    "include_center": true,
    "max_points": 11,
    "mode": "circle",
    "radius": null
  },
  "local_selector_points": 11,
  "location": "(1,6)",
  "location_index": 16,
  "raw_report_path": "C:\\github\\EVT_Univariate\\EVT_Univariate\\EVT_Classes\\SIM\\_output\\sim_results_all\\blob\\bootstrap_k100\\t_030\\runs_100\\demo_weights_k100_5c6fff0c30fb1252\\raw\\loc_016_i01_j06.json",
  "reports": {
    "full": {
      "gev_params": {
        "mu": {
          "bias": -8.118932139708722,
          "call_true": 94.14342348797534,
          "n_valid": 100,
          "nbias": -0.08624003503277879,
          "nrmse": 0.08625944901150916,
          "nstd": 0.00183000035907973,
          "rmse": 8.120759838129922,
          "std": 0.17228249878798996
        },
        "sigma": {
          "bias": -1.3656718658058284,
          "call_true": 19.21568367110298,
          "n_valid": 100,
          "nbias": -0.07107068835961114,
          "nrmse": 0.07146779315910852,
          "nstd": 0.007523477595111889,
          "rmse": 1.3733025060172468,
          "std": 0.14456876557430065
        },
        "xi": {
          "bias": -0.04682041935622696,
          "call_true": 0.15,
          "n_valid": 100,
          "nbias": -0.31213612904151306,
          "nrmse": 0.3161877668611685,
          "nstd": 0.050455335294026335,
          "rmse": 0.047428165029175275,
          "std": 0.00756830029410395
        }
      },
      "n_runs": 100,
      "pixel": [
        1,
        6
      ],
      "return_levels": {
        "10": {
          "bias": -14.337902770783094,
          "call_true": 145.57955926492372,
          "n_valid": 100,
          "nbias": -0.09848843370030522,
          "nrmse": 0.0985538977309615,
          "nstd": 0.0035915435714194686,
          "rmse": 14.34743299551374,
          "std": 0.5228553302080163
        },
        "100": {
          "bias": -30.316837958333508,
          "call_true": 221.44862949275728,
          "n_valid": 100,
          "nbias": -0.1369023507970053,
          "nrmse": 0.13719562914214842,
          "nstd": 0.008965879876712038,
          "rmse": 30.381784045925357,
          "std": 1.9854818108945722
        }
      },
      "success_rate": 1.0,
      "t_idx": 30,
      "true_params": {
        "mu": 94.14342348797533,
        "sigma": 19.21568367110298,
        "xi": 0.15000000000000002
      },
      "true_return_levels": {
        "10": 145.57955926492372,
        "100": 221.44862949275733
      }
    },
    "local": {
      "gev_params": {
        "mu": {
          "bias": -6.201143061949933,
          "call_true": 94.14342348797534,
          "n_valid": 100,
          "nbias": -0.06586910516104172,
          "nrmse": 0.06612796216239403,
          "nstd": 0.005845371248658266,
          "rmse": 6.225512746251071,
          "std": 0.5503032609068703
        },
        "sigma": {
          "bias": -1.7394550054514752,
          "call_true": 19.21568367110298,
          "n_valid": 100,
          "nbias": -0.09052267071128521,
          "nrmse": 0.09291074059416445,
          "nstd": 0.02092968717043673,
          "rmse": 1.7853434009053706,
          "std": 0.4021782480022546
        },
        "xi": {
          "bias": -0.039993316046893615,
          "call_true": 0.15,
          "n_valid": 100,
          "nbias": -0.2666221069792908,
          "nrmse": 0.3044509396342308,
          "nstd": 0.14697968129673458,
          "rmse": 0.04566764094513462,
          "std": 0.022046952194510187
        }
      },
      "n_runs": 100,
      "pixel": [
        1,
        6
      ],
      "return_levels": {
        "10": {
          "bias": -13.000415435578015,
          "call_true": 145.57955926492372,
          "n_valid": 100,
          "nbias": -0.08930110450410167,
          "nrmse": 0.08986192944690778,
          "nstd": 0.010023926290059514,
          "rmse": 13.082060083576504,
          "std": 1.4592787714109459
        },
        "100": {
          "bias": -28.686486090657727,
          "call_true": 221.44862949275728,
          "n_valid": 100,
          "nbias": -0.1295401382991894,
          "nrmse": 0.13200796264066908,
          "nstd": 0.025405801895771286,
          "rmse": 29.232982408907272,
          "std": 5.6260800109830456
        }
      },
      "success_rate": 1.0,
      "t_idx": 30,
      "true_params": {
        "mu": 94.14342348797533,
        "sigma": 19.21568367110298,
        "xi": 0.15000000000000002
      },
      "true_return_levels": {
        "10": 145.57955926492372,
        "100": 221.44862949275733
      }
    },
    "pointwise": {
      "gev_params": {
        "mu": {
          "bias": 0.09681439031808098,
          "call_true": 94.14342348797533,
          "n_valid": 98,
          "nbias": 0.0010283712524056107,
          "nrmse": 0.022399363377388647,
          "nstd": 0.022375744284370197,
          "rmse": 2.1087527522985448,
          "std": 2.1065291700221067
        },
        "sigma": {
          "bias": 0.030703642882252864,
          "call_true": 19.215683671102976,
          "n_valid": 98,
          "nbias": 0.0015978428562719196,
          "nrmse": 0.07584665253887413,
          "nstd": 0.07582981998896848,
          "rmse": 1.4574452826990647,
          "std": 1.4571218337446996
        },
        "xi": {
          "bias": -0.0352743156948032,
          "call_true": 0.15,
          "n_valid": 98,
          "nbias": -0.23516210463202136,
          "nrmse": 0.569799949347013,
          "nstd": 0.519009409183395,
          "rmse": 0.08546999240205194,
          "std": 0.07785141137750924
        }
      },
      "n_runs": 100,
      "pixel": [
        1,
        6
      ],
      "return_levels": {
        "10": {
          "bias": -1.6966821486230947,
          "call_true": 145.57955926492374,
          "n_valid": 98,
          "nbias": -0.011654672930665322,
          "nrmse": 0.04166501109795551,
          "nstd": 0.040001771819157865,
          "rmse": 6.065573952408519,
          "std": 5.823440311249049
        },
        "100": {
          "bias": -7.913806600587772,
          "call_true": 221.4486294927573,
          "n_valid": 98,
          "nbias": -0.035736534557539903,
          "nrmse": 0.11571679730815664,
          "nstd": 0.11006033471271456,
          "rmse": 25.625326173182476,
          "std": 24.372710283644782
        }
      },
      "success_rate": 0.98,
      "t_idx": 30,
      "true_params": {
        "mu": 94.14342348797533,
        "sigma": 19.21568367110298,
        "xi": 0.15000000000000002
      },
      "true_return_levels": {
        "10": 145.57955926492372,
        "100": 221.44862949275733
      }
    },
    "weighted": {
      "gev_params": {
        "mu": {
          "bias": 0.03269521014479096,
          "call_true": 94.14342348797534,
          "n_valid": 100,
          "nbias": 0.00034729149348352537,
          "nrmse": 0.006704089282671415,
          "nstd": 0.006695087880572122,
          "rmse": 0.6311459164397318,
          "std": 0.6302984936299125
        },
        "sigma": {
          "bias": 0.2147325545470098,
          "call_true": 19.21568367110298,
          "n_valid": 100,
          "nbias": 0.01117485894451572,
          "nrmse": 0.02638452547475787,
          "nstd": 0.0239011654966515,
          "rmse": 0.5069966953351054,
          "std": 0.45927723555433614
        },
        "xi": {
          "bias": -0.0425673105195165,
          "call_true": 0.15,
          "n_valid": 100,
          "nbias": -0.28378207013011003,
          "nrmse": 0.32277920578433955,
          "nstd": 0.15379906488479833,
          "rmse": 0.04841688086765093,
          "std": 0.023069859732719748
        }
      },
      "n_runs": 100,
      "pixel": [
        1,
        6
      ],
      "return_levels": {
        "10": {
          "bias": -1.915868011261607,
          "call_true": 145.57955926492372,
          "n_valid": 100,
          "nbias": -0.013160281710807603,