{
  "i": 6,
  "j": 7,
  "local_selector_args": {
    "include_center": true,
    "max_points": 17,
    "mode": "circle",
    "radius": null
  },
  "local_selector_points": 17,
  "location": "(6,7)",
  "location_index": 67,
  "raw_report_path": "C:\\github\\EVT_Univariate\\EVT_Classes\\SIM\\_output\\sim_results_all\\blob\\bootstrap_k100\\t_030\\runs_100\\demo_weights_k100_5c6fff0c30fb1252\\raw\\loc_067_i06_j07.json",
  "reports": {
    "full": {
      "gev_params": {
        "mu": {
          "bias": 9.952237197685282,
          "call_true": 76.07225384540553,
          "n_valid": 100,
          "nbias": 0.1308261119476002,
          "nrmse": 0.13084571259906894,
          "nstd": 0.002264715927471444,
          "rmse": 9.953728263419348,
          "std": 0.1722820449223407
        },
        "sigma": {
          "bias": 5.193216957083775,
          "call_true": 12.65679376102467,
          "n_valid": 100,
          "nbias": 0.41031062488161635,
          "nrmse": 0.4104695792152895,
          "nstd": 0.011422196392737062,
          "rmse": 5.195228809302497,
          "std": 0.14456838404079295
        },
        "xi": {
          "bias": -0.046820398569107094,
          "call_true": 0.15,
          "n_valid": 100,
          "nbias": -0.312135990460714,
          "nrmse": 0.3161876209032193,
          "nstd": 0.05045527793548512,
          "rmse": 0.04742814313548289,
          "std": 0.007568291690322768
        }
      },
      "n_runs": 100,
      "pixel": [
        6,
        7
      ],
      "return_levels": {
        "10": {
          "bias": 21.289962878560228,
          "call_true": 109.95169178452568,
          "n_valid": 100,
          "nbias": 0.19363015277911824,
          "nrmse": 0.19368853621814536,
          "nstd": 0.004755312509511514,
          "rmse": 21.296382236453457,
          "std": 0.5228546553849093
        },
        "100": {
          "bias": 31.207418895669615,
          "call_true": 159.92436989217217,
          "n_valid": 100,
          "nbias": 0.19513860781012293,
          "nrmse": 0.195533145994051,
          "nstd": 0.012415108709062872,
          "rmse": 31.270515166132714,
          "std": 1.9854784374396988
        }
      },
      "success_rate": 1.0,
      "t_idx": 30,
      "true_params": {
        "mu": 76.07225384540554,
        "sigma": 12.656793761024673,
        "xi": 0.15000000000000002
      },
      "true_return_levels": {
        "10": 109.9516917845257,
        "100": 159.92436989217217
      }
    },
    "local": {
      "gev_params": {
        "mu": {
          "bias": 2.7251797788620364,
          "call_true": 76.07225384540553,
          "n_valid": 100,
          "nbias": 0.035823570896166196,
          "nrmse": 0.036223372665688015,
          "nstd": 0.005366981975437165,
          "rmse": 2.7555936005609425,
          "std": 0.408278415219172
        },
        "sigma": {
          "bias": 3.075935934136016,
          "call_true": 12.65679376102467,
          "n_valid": 100,
          "nbias": 0.24302647196543986,
          "nrmse": 0.2444601153809373,
          "nstd": 0.026436375244962264,
          "rmse": 3.094081263172818,
          "std": 0.3345997492645454
        },
        "xi": {
          "bias": -0.01446430668234827,
          "call_true": 0.15,
          "n_valid": 100,
          "nbias": -0.09642871121565513,
          "nrmse": 0.15791549965680535,
          "nstd": 0.1250552225424683,
          "rmse": 0.0236873249485208,
          "std": 0.01875828338137024
        }
      },
      "n_runs": 100,
      "pixel": [
        6,
        7
      ],
      "return_levels": {
        "10": {
          "bias": 10.252636065816091,
          "call_true": 109.95169178452568,
          "n_valid": 100,
          "nbias": 0.09324673317358652,
          "nrmse": 0.09392838114836148,
          "nstd": 0.01129546535587752,
          "rmse": 10.327584413844093,
          "std": 1.2419555253722327
        },
        "100": {
          "bias": 19.455472484536823,
          "call_true": 159.92436989217217,
          "n_valid": 100,
          "nbias": 0.12165420753356436,
          "nrmse": 0.12535141586845558,
          "nstd": 0.030219716239682906,
          "rmse": 20.04674619785439,
          "std": 4.832869077951531
        }
      },
      "success_rate": 1.0,
      "t_idx": 30,
      "true_params": {
        "mu": 76.07225384540554,
        "sigma": 12.656793761024673,
        "xi": 0.15000000000000002
      },
      "true_return_levels": {
        "10": 109.9516917845257,
        "100": 159.92436989217217
      }
    },
    "pointwise": {
      "gev_params": {
        "mu": {
          "bias": 0.03227915935520116,
          "call_true": 76.07225384540553,
          "n_valid": 100,
          "nbias": 0.00042432237410500623,
          "nrmse": 0.019098341079782546,
          "nstd": 0.01909362675142005,
          "rmse": 1.4528538506473543,
          "std": 1.4524952210634516
        },
        "sigma": {
          "bias": -0.025998385895451222,
          "call_true": 12.65679376102467,
          "n_valid": 100,
          "nbias": -0.002054105201232768,
          "nrmse": 0.09096741031325925,
          "nstd": 0.0909442158189466,
          "rmse": 1.1513557513094308,
          "std": 1.1510621833785244
        },
        "xi": {
          "bias": -0.05779063530266289,
          "call_true": 0.15,
          "n_valid": 100,
          "nbias": -0.3852709020177526,
          "nrmse": 0.6613365920385824,
          "nstd": 0.5375243436604837,
          "rmse": 0.09920048880578736,
          "std": 0.08062865154907256
        }
      },
      "n_runs": 100,
      "pixel": [
        6,
        7
      ],
      "return_levels": {
        "10": {
          "bias": -2.132942471171215,
          "call_true": 109.95169178452568,
          "n_valid": 100,
          "nbias": -0.0193989054334078,
          "nrmse": 0.04261039139891195,
          "nstd": 0.03793847549855122,
          "rmse": 4.68508462191117,
          "std": 4.171399564791483
        },
        "100": {
          "bias": -9.870572361044237,
          "call_true": 159.92436989217217,
          "n_valid": 100,
          "nbias": -0.06172025168959176,
          "nrmse": 0.11060410035038533,
          "nstd": 0.09178168415153184,
          "rmse": 17.688291056025953,
          "std": 14.678128005576095
        }
      },
      "success_rate": 1.0,
      "t_idx": 30,
      "true_params": {
        "mu": 76.07225384540554,
        "sigma": 12.656793761024673,
        "xi": 0.15000000000000002
      },
      "true_return_levels": {
        "10": 109.9516917845257,
        "100": 159.92436989217217
      }
    },
    "weighted": {
      "gev_params": {
        "mu": {
          "bias": 0.10038088970188085,
          "call_true": 76.07225384540553,
          "n_valid": 100,
          "nbias": 0.0013195466760571532,
          "nrmse": 0.004846678651251907,
          "nstd": 0.004663592018842076,
          "rmse": 0.3686977686651427,
          "std": 0.35476995588876165
        },
        "sigma": {
          "bias": 0.41531374033283525,
          "call_true": 12.65679376102467,
          "n_valid": 100,
          "nbias": 0.03281350302252316,
          "nrmse": 0.03897629217028399,
          "nstd": 0.021033910020112883,
          "rmse": 0.4933148915687251,
          "std": 0.266221861112519
        },
        "xi": {
          "bias": -0.05102581299841408,
          "call_true": 0.15,
          "n_valid": 100,
          "nbias": -0.3401720866560939,
          "nrmse": 0.3592529745210021,
          "nstd": 0.1155233792884661,
          "rmse": 0.05388794617815031,
          "std": 0.017328506893269913
        }
      },
      "n_runs": 100,
      "pixel": [
        6,
        7
      ],
      "return_levels": {
        "10": {
          "bias": -0.823374905253246,
          "call_true": 109.95169178452568,
          "n_valid": 100,
          "nbias": -0.00748851510958857,
          "nrmse": 0.011100664796004526,