{
  "i": 4,
  "j": 2,
  "local_selector_args": {
    "include_center": true,
    "max_points": 39,
    "mode": "circle",
    "radius": null
  },
  "local_selector_points": 39,
  "location": "(4,2)",
  "location_index": 42,
  "raw_report_path": "C:\\github\\EVT_Univariate\\EVT_Classes\\SIM\\_output\\sim_results_all\\blob\\bootstrap_k100\\t_030\\runs_100\\demo_weights_k100_5c6fff0c30fb1252\\raw\\loc_042_i04_j02.json",
  "reports": {
    "full": {
      "gev_params": {
        "mu": {
          "bias": -1.0213686690259738,
          "call_true": 87.04585971211677,
          "n_valid": 100,
          "nbias": -0.011733684662359644,
          "nrmse": 0.011899438154194556,
          "nstd": 0.0019792101024922047,
          "rmse": 1.035796824223029,
          "std": 0.1722820449223407
        },
        "sigma": {
          "bias": 1.5406656685432574,
          "call_true": 16.309345049565188,
          "n_valid": 100,
          "nbias": 0.09446520776040188,
          "nrmse": 0.09488017984347037,
          "nstd": 0.008864144059828277,
          "rmse": 1.5474335914319581,
          "std": 0.14456838404079297
        },
        "xi": {
          "bias": 0.053179601430892946,
          "call_true": 0.04999999999999999,
          "n_valid": 100,
          "nbias": 1.063592028617859,
          "nrmse": 1.0743089029619817,
          "nstd": 0.1513658338064554,
          "rmse": 0.05371544514809907,
          "std": 0.007568291690322769
        }
      },
      "n_runs": 100,
      "pixel": [
        4,
        2
      ],
      "return_levels": {
        "10": {
          "bias": 5.34928019893779,
          "call_true": 125.89237446414818,
          "n_valid": 100,
          "nbias": 0.042490899243950365,
          "nrmse": 0.0426933892570115,
          "nstd": 0.004153187654219745,
          "rmse": 5.374772147487333,
          "std": 0.5228546553849093
        },
        "100": {
          "bias": 19.73093005971651,
          "call_true": 171.40085872812523,
          "n_valid": 100,
          "nbias": 0.11511570132220612,
          "nrmse": 0.11569706051653872,
          "nstd": 0.011583830163821116,
          "rmse": 19.83057552485461,
          "std": 1.9854784374396988
        }
      },
      "success_rate": 1.0,
      "t_idx": 30,
      "true_params": {
        "mu": 87.0458597121168,
        "sigma": 16.30934504956519,
        "xi": 0.05
      },
      "true_return_levels": {
        "10": 125.89237446414815,
        "100": 171.40085872812529
      }
    },
    "local": {
      "gev_params": {
        "mu": {
          "bias": 1.8637990250658232,
          "call_true": 87.04585971211677,
          "n_valid": 100,
          "nbias": 0.021411690702233168,
          "nrmse": 0.02165715491954633,
          "nstd": 0.003251439755113361,
          "rmse": 1.8851656688904093,
          "std": 0.2830243687859969
        },
        "sigma": {
          "bias": 1.8251220509083148,
          "call_true": 16.309345049565188,
          "n_valid": 100,
          "nbias": 0.11190652017978939,
          "nrmse": 0.11281957860995398,
          "nstd": 0.014324386862200236,
          "rmse": 1.8400134358962834,
          "std": 0.23362136795908203
        },
        "xi": {
          "bias": 0.05622088365256786,
          "call_true": 0.04999999999999999,
          "n_valid": 100,
          "nbias": 1.1244176730513575,
          "nrmse": 1.1469691778093076,
          "nstd": 0.22632541035935308,
          "rmse": 0.057348458890465366,
          "std": 0.011316270517967651
        }
      },
      "n_runs": 100,
      "pixel": [
        4,
        2
      ],
      "return_levels": {
        "10": {
          "bias": 9.121828264123337,
          "call_true": 125.89237446414818,
          "n_valid": 100,
          "nbias": 0.07245735337783359,
          "nrmse": 0.07281968430675696,
          "nstd": 0.007255230114579092,
          "rmse": 9.167442965107302,
          "std": 0.9133781464081557
        },
        "100": {
          "bias": 25.132213323876677,
          "call_true": 171.40085872812523,
          "n_valid": 100,
          "nbias": 0.14662828127215632,
          "nrmse": 0.14787207305585992,
          "nstd": 0.019138890276371782,
          "rmse": 25.34540030368246,
          "std": 3.2804222284734896
        }
      },
      "success_rate": 1.0,
      "t_idx": 30,
      "true_params": {
        "mu": 87.0458597121168,
        "sigma": 16.30934504956519,
        "xi": 0.05
      },
      "true_return_levels": {
        "10": 125.89237446414815,
        "100": 171.40085872812529
      }
    },
    "pointwise": {
      "gev_params": {
        "mu": {
          "bias": 0.27262881763348495,
          "call_true": 87.04585971211678,
          "n_valid": 98,
          "nbias": 0.0031320136136875334,
          "nrmse": 0.021510857396758988,
          "nstd": 0.021281622980106028,
          "rmse": 1.8724310752456326,
          "std": 1.85247716837247
        },
        "sigma": {
          "bias": 0.009139528223267098,
          "call_true": 16.30934504956519,
          "n_valid": 98,
          "nbias": 0.0005603859747581193,
          "nrmse": 0.07712638755491019,
          "nstd": 0.0771243516979527,
          "rmse": 1.257880867059521,
          "std": 1.2578476635659297
        },
        "xi": {
          "bias": 0.04502829447844807,
          "call_true": 0.049999999999999996,
          "n_valid": 98,
          "nbias": 0.9005658895689614,
          "nrmse": 1.9226365281490185,
          "nstd": 1.6986795748220964,
          "rmse": 0.09613182640745092,
          "std": 0.08493397874110481
        }
      },
      "n_runs": 100,
      "pixel": [
        4,
        2
      ],
      "return_levels": {
        "10": {
          "bias": 2.5692641616390817,
          "call_true": 125.89237446414816,
          "n_valid": 98,
          "nbias": 0.020408417686734164,
          "nrmse": 0.043716755616738455,
          "nstd": 0.03866071920150257,
          "rmse": 5.50360616846009,
          "std": 4.867089738768844
        },
        "100": {
          "bias": 12.457338542482177,
          "call_true": 171.40085872812526,
          "n_valid": 98,
          "nbias": 0.07267955735415488,
          "nrmse": 0.1377041818863867,
          "nstd": 0.11696206073681836,
          "rmse": 23.602615025780633,
          "std": 20.04739764890181
        }
      },
      "success_rate": 0.98,
      "t_idx": 30,
      "true_params": {
        "mu": 87.0458597121168,
        "sigma": 16.30934504956519,
        "xi": 0.05
      },
      "true_return_levels": {
        "10": 125.89237446414815,
        "100": 171.40085872812529
      }
    },
    "weighted": {
      "gev_params": {
        "mu": {
          "bias": 1.7546541276048857,
          "call_true": 87.04585971211677,
          "n_valid": 100,
          "nbias": 0.0201578125991056,
          "nrmse": 0.020417299641359733,
          "nstd": 0.003244798277922381,
          "rmse": 1.7772414002820514,
          "std": 0.28244625569414966
        },
        "sigma": {
          "bias": 1.067351604308423,
          "call_true": 16.309345049565188,
          "n_valid": 100,
          "nbias": 0.06544417332913555,
          "nrmse": 0.06687447300643654,
          "nstd": 0.013757009746113923,
          "rmse": 1.0906788552698066,
          "std": 0.22436781879960316
        },
        "xi": {
          "bias": 0.0551559092849493,
          "call_true": 0.04999999999999999,
          "n_valid": 100,
          "nbias": 1.1031181856989862,
          "nrmse": 1.126727035191161,
          "nstd": 0.22944297812493647,
          "rmse": 0.05633635175955803,
          "std": 0.01147214890624682
        }
      },
      "n_runs": 100,
      "pixel": [
        4,
        2
      ],
      "return_levels": {
        "10": {
          "bias": 7.030467180138962,
          "call_true": 125.89237446414818,
          "n_valid": 100,
          "nbias": 0.055845059798606864,
          "nrmse": 0.056241657291992,