{
  "i": 4,
  "j": 9,
  "local_selector_args": {
    "include_center": true,
    "max_points": 17,
    "mode": "circle",
    "radius": null
  },
  "local_selector_points": 17,
  "location": "(4,9)",
  "location_index": 49,
  "raw_report_path": "C:\\github\\EVT_Univariate\\EVT_Classes\\SIM\\_output\\sim_results_all\\blob\\bootstrap_k100\\t_030\\runs_100\\demo_weights_k100_5c6fff0c30fb1252\\raw\\loc_049_i04_j09.json",
  "reports": {
    "full": {
      "gev_params": {
        "mu": {
          "bias": 7.7053702215017665,
          "call_true": 78.31912082158908,
          "n_valid": 100,
          "nbias": 0.09838427884110952,
          "nrmse": 0.09840886747833796,
          "nstd": 0.002199744367851104,
          "rmse": 7.7072959819517,
          "std": 0.17228204492234073
        },
        "sigma": {
          "bias": 4.51880238751039,
          "call_true": 13.331208330598056,
          "n_valid": 100,
          "nbias": 0.3389642015524388,
          "nrmse": 0.3391376269533216,
          "nstd": 0.010844357124700896,
          "rmse": 4.521114357659377,
          "std": 0.14456838404079297
        },
        "xi": {
          "bias": -0.046820398569107094,
          "call_true": 0.15,
          "n_valid": 100,
          "nbias": -0.312135990460714,
          "nrmse": 0.3161876209032193,
          "nstd": 0.05045527793548512,
          "rmse": 0.04742814313548289,
          "std": 0.007568291690322768
        }
      },
      "n_runs": 100,
      "pixel": [
        4,
        9
      ],
      "return_levels": {
        "10": {
          "bias": 17.2378372415727,
          "call_true": 114.00381742151325,
          "n_valid": 100,
          "nbias": 0.15120403536872976,
          "nrmse": 0.15127357460838614,
          "nstd": 0.004586290768244426,
          "rmse": 17.245764980354117,
          "std": 0.5228546553849093
        },
        "100": {
          "bias": 24.492509710752238,
          "call_true": 166.63927907708955,
          "n_valid": 100,
          "nbias": 0.14697921070230793,
          "nrmse": 0.14746135601471197,
          "nstd": 0.011914828535241022,
          "rmse": 24.572854058021647,
          "std": 1.9854784374396988
        }
      },
      "success_rate": 1.0,
      "t_idx": 30,
      "true_params": {
        "mu": 78.31912082158905,
        "sigma": 13.33120833059806,
        "xi": 0.15000000000000002
      },
      "true_return_levels": {
        "10": 114.00381742151323,
        "100": 166.63927907708955
      }
    },
    "local": {
      "gev_params": {
        "mu": {
          "bias": -0.7255900903878808,
          "call_true": 78.31912082158908,
          "n_valid": 100,
          "nbias": -0.009264533140518453,
          "nrmse": 0.010340087398160608,
          "nstd": 0.004591931302821844,
          "rmse": 0.8098265542423314,
          "std": 0.35963602251014093
        },
        "sigma": {
          "bias": 1.2270471890457906,
          "call_true": 13.331208330598056,
          "n_valid": 100,
          "nbias": 0.0920432085836846,
          "nrmse": 0.09452392205513904,
          "nstd": 0.021513242301111384,
          "rmse": 1.260118097142271,
          "std": 0.2867975149827506
        },
        "xi": {
          "bias": -0.037695811465382596,
          "call_true": 0.15,
          "n_valid": 100,
          "nbias": -0.25130540976921734,
          "nrmse": 0.27873593236520017,
          "nstd": 0.12057906539786742,
          "rmse": 0.04181038985478002,
          "std": 0.01808685980968011
        }
      },
      "n_runs": 100,
      "pixel": [
        4,
        9
      ],
      "return_levels": {
        "10": {
          "bias": 0.871379340571728,
          "call_true": 114.00381742151325,
          "n_valid": 100,
          "nbias": 0.0076434224772484955,
          "nrmse": 0.012412825076494933,
          "nstd": 0.00978040485940914,
          "rmse": 1.4151094437059095,
          "std": 1.1150034899005605
        },
        "100": {
          "bias": -1.2673486876852575,
          "call_true": 166.63927907708955,
          "n_valid": 100,
          "nbias": -0.007605341878003236,
          "nrmse": 0.025720400808589443,
          "nstd": 0.024570262364760752,
          "rmse": 4.286029048317136,
          "std": 4.094370807198677
        }
      },
      "success_rate": 1.0,
      "t_idx": 30,
      "true_params": {
        "mu": 78.31912082158905,
        "sigma": 13.33120833059806,
        "xi": 0.15000000000000002
      },
      "true_return_levels": {
        "10": 114.00381742151323,
        "100": 166.63927907708955
      }
    },
    "pointwise": {
      "gev_params": {
        "mu": {
          "bias": -0.04631586775382537,
          "call_true": 78.31912082158908,
          "n_valid": 99,
          "nbias": -0.0005913736935241254,
          "nrmse": 0.019498174390127923,
          "nstd": 0.019489204234715382,
          "rmse": 1.5270798758608428,
          "std": 1.5263773411752997
        },
        "sigma": {
          "bias": -0.1064217149595784,
          "call_true": 13.331208330598058,
          "n_valid": 99,
          "nbias": -0.007982900898436725,
          "nrmse": 0.08762330488527553,
          "nstd": 0.08725890700818853,
          "rmse": 1.1681245320411187,
          "std": 1.163266668026444
        },
        "xi": {
          "bias": -0.05973821569309394,
          "call_true": 0.15,
          "n_valid": 99,
          "nbias": -0.398254771287293,
          "nrmse": 0.7008030586356327,
          "nstd": 0.5766437931166555,
          "rmse": 0.1051204587953449,
          "std": 0.08649656896749831
        }
      },
      "n_runs": 100,
      "pixel": [
        4,
        9
      ],
      "return_levels": {
        "10": {
          "bias": -2.658859588174968,
          "call_true": 114.00381742151325,
          "n_valid": 99,
          "nbias": -0.023322548738383072,
          "nrmse": 0.03960504328345335,
          "nstd": 0.032009657508788814,
          "rmse": 4.515126123457946,
          "std": 3.649223150357131
        },
        "100": {
          "bias": -11.428840262059373,
          "call_true": 166.63927907708958,
          "n_valid": 99,
          "nbias": -0.06858431172624214,
          "nrmse": 0.11050974460863015,
          "nstd": 0.08665215426348215,
          "rmse": 18.415264172575416,
          "std": 14.439652516943418
        }
      },
      "success_rate": 0.99,
      "t_idx": 30,
      "true_params": {
        "mu": 78.31912082158905,
        "sigma": 13.33120833059806,
        "xi": 0.15000000000000002
      },
      "true_return_levels": {
        "10": 114.00381742151323,
        "100": 166.63927907708955
      }
    },
    "weighted": {
      "gev_params": {
        "mu": {
          "bias": -0.8311986108956932,
          "call_true": 78.31912082158908,
          "n_valid": 100,
          "nbias": -0.010612971675067232,
          "nrmse": 0.011588894137610956,
          "nstd": 0.0046548146640842955,
          "rmse": 0.907632000152158,
          "std": 0.36456099207852255
        },
        "sigma": {
          "bias": 0.2684180257704823,
          "call_true": 13.331208330598056,
          "n_valid": 100,
          "nbias": 0.02013456088255735,
          "nrmse": 0.028160705056712712,
          "nstd": 0.019688188524030245,
          "rmse": 0.3754162258475633,
          "std": 0.26246734286593704
        },
        "xi": {
          "bias": -0.04846244998276237,
          "call_true": 0.15,
          "n_valid": 100,
          "nbias": -0.3230829998850825,
          "nrmse": 0.34548784750358463,
          "nstd": 0.12238965625376994,
          "rmse": 0.05182317712553769,
          "std": 0.01835844843806549
        }
      },
      "n_runs": 100,
      "pixel": [
        4,
        9
      ],
      "return_levels": {
        "10": {
          "bias": -2.1284144368940927,
          "call_true": 114.00381742151325,
          "n_valid": 100,
          "nbias": -0.018669676902349476,
          "nrmse": 0.02023502917351525,