{
  "i": 2,
  "j": 7,
  "local_selector_args": {
    "include_center": true,
    "max_points": 24,
    "mode": "circle",
    "radius": null
  },
  "local_selector_points": 24,
  "location": "(2,7)",
  "location_index": 27,
  "raw_report_path": "C:\\github\\EVT_Univariate\\EVT_Classes\\SIM\\_output\\sim_results_all\\blob\\bootstrap_k100\\t_030\\runs_100\\demo_weights_k100_5c6fff0c30fb1252\\raw\\loc_027_i02_j07.json",
  "reports": {
    "full": {
      "gev_params": {
        "mu": {
          "bias": 3.0422101210601387,
          "call_true": 82.98228092203068,
          "n_valid": 100,
          "nbias": 0.036660960475629355,
          "nrmse": 0.036719699629432355,
          "nstd": 0.0020761305065139773,
          "rmse": 3.047084430022142,
          "std": 0.1722820449223407
        },
        "sigma": {
          "bias": 3.002241196389996,
          "call_true": 14.84776952171845,
          "n_valid": 100,
          "nbias": 0.20220149511335644,
          "nrmse": 0.20243578757891648,
          "nstd": 0.009736707175399428,
          "rmse": 3.0057199169193063,
          "std": 0.14456838404079297
        },
        "xi": {
          "bias": -0.046820398569107094,
          "call_true": 0.15,
          "n_valid": 100,
          "nbias": -0.312135990460714,
          "nrmse": 0.3161876209032193,
          "nstd": 0.05045527793548512,
          "rmse": 0.04742814313548289,
          "std": 0.007568291690322768
        }
      },
      "n_runs": 100,
      "pixel": [
        2,
        7
      ],
      "return_levels": {
        "10": {
          "bias": 8.515178209129685,
          "call_true": 122.72647645395628,
          "n_valid": 100,
          "nbias": 0.06938338372587723,
          "nrmse": 0.06951405832592902,
          "nstd": 0.004260324833664319,
          "rmse": 8.531215442356071,
          "std": 0.5228546553849093
        },
        "100": {
          "bias": 9.78202898623223,
          "call_true": 181.3497598016096,
          "n_valid": 100,
          "nbias": 0.05394012650986378,
          "nrmse": 0.05504001589162463,
          "nstd": 0.01094833783960753,
          "rmse": 9.981493661422903,
          "std": 1.9854784374396988
        }
      },
      "success_rate": 1.0,
      "t_idx": 30,
      "true_params": {
        "mu": 82.98228092203068,
        "sigma": 14.847769521718453,
        "xi": 0.15000000000000002
      },
      "true_return_levels": {
        "10": 122.72647645395625,
        "100": 181.34975980160957
      }
    },
    "local": {
      "gev_params": {
        "mu": {
          "bias": -1.002224922274823,
          "call_true": 82.98228092203068,
          "n_valid": 100,
          "nbias": -0.012077577419407204,
          "nrmse": 0.012601989374225561,
          "nstd": 0.003597535248794538,
          "rmse": 1.0457418224284312,
          "std": 0.2985316806423759
        },
        "sigma": {
          "bias": 1.6488974865372663,
          "call_true": 14.84776952171845,
          "n_valid": 100,
          "nbias": 0.11105354808514205,
          "nrmse": 0.11271016849019566,
          "nstd": 0.01925335136513503,
          "rmse": 1.6734946044964782,
          "std": 0.28586932359018824
        },
        "xi": {
          "bias": -0.04067408181726935,
          "call_true": 0.15,
          "n_valid": 100,
          "nbias": -0.27116054544846235,
          "nrmse": 0.2888648828698845,
          "nstd": 0.09957348616737531,
          "rmse": 0.04332973243048267,
          "std": 0.014936022925106296
        }
      },
      "n_runs": 100,
      "pixel": [
        2,
        7
      ],
      "return_levels": {
        "10": {
          "bias": 1.348452287498826,
          "call_true": 122.72647645395628,
          "n_valid": 100,
          "nbias": 0.010987460297572624,
          "nrmse": 0.013632438248274224,
          "nstd": 0.008069639942542377,
          "rmse": 1.6730611116868397,
          "std": 0.9903584764003323
        },
        "100": {
          "bias": -0.6795119988751901,
          "call_true": 181.3497598016096,
          "n_valid": 100,
          "nbias": -0.0037469693900810943,
          "nrmse": 0.020822426226453687,
          "nstd": 0.02048252070292867,
          "rmse": 3.776141994654112,
          "std": 3.71450020960761
        }
      },
      "success_rate": 1.0,
      "t_idx": 30,
      "true_params": {
        "mu": 82.98228092203068,
        "sigma": 14.847769521718453,
        "xi": 0.15000000000000002
      },
      "true_return_levels": {
        "10": 122.72647645395625,
        "100": 181.34975980160957
      }
    },
    "pointwise": {
      "gev_params": {
        "mu": {
          "bias": -0.21921387117469537,
          "call_true": 82.98228092203067,
          "n_valid": 98,
          "nbias": -0.002641694934617025,
          "nrmse": 0.019493216681418468,
          "nstd": 0.019313387700275422,
          "rmse": 1.6175915827314817,
          "std": 1.6026689637003468
        },
        "sigma": {
          "bias": -0.2748034610601133,
          "call_true": 14.84776952171845,
          "n_valid": 98,
          "nbias": -0.01850806349453006,
          "nrmse": 0.07952479689935156,
          "nstd": 0.07734109455887964,
          "rmse": 1.180765855623042,
          "std": 1.1483427465676777
        },
        "xi": {
          "bias": -0.05089433062916662,
          "call_true": 0.15,
          "n_valid": 98,
          "nbias": -0.3392955375277775,
          "nrmse": 0.6211093748641773,
          "nstd": 0.5202455129627797,
          "rmse": 0.09316640622962659,
          "std": 0.07803682694441694
        }
      },
      "n_runs": 100,
      "pixel": [
        2,
        7
      ],
      "return_levels": {
        "10": {
          "bias": -3.090575761892317,
          "call_true": 122.72647645395628,
          "n_valid": 98,
          "nbias": -0.025182632559746138,
          "nrmse": 0.04426343197448537,
          "nstd": 0.036401736600342405,
          "rmse": 5.432295041987975,
          "std": 4.467456869765041
        },
        "100": {
          "bias": -11.950893965602308,
          "call_true": 181.34975980160954,
          "n_valid": 98,
          "nbias": -0.06589969558645227,
          "nrmse": 0.11136559541209681,
          "nstd": 0.08977486264597546,
          "rmse": 20.196123978146986,
          "std": 16.28064977707014
        }
      },
      "success_rate": 0.98,
      "t_idx": 30,
      "true_params": {
        "mu": 82.98228092203068,
        "sigma": 14.847769521718453,
        "xi": 0.15000000000000002
      },
      "true_return_levels": {
        "10": 122.72647645395625,
        "100": 181.34975980160957
      }
    },
    "weighted": {
      "gev_params": {
        "mu": {
          "bias": 3.1855287550933418,
          "call_true": 82.98228092203068,
          "n_valid": 100,
          "nbias": 0.038388059712246674,
          "nrmse": 0.03859153122834467,
          "nstd": 0.003957670284054265,
          "rmse": 3.2024132856018173,
          "std": 0.328416507308164
        },
        "sigma": {
          "bias": 1.6323976433844174,
          "call_true": 14.84776952171845,
          "n_valid": 100,
          "nbias": 0.10994228062313613,
          "nrmse": 0.11121093156570065,
          "nstd": 0.016750111375586157,
          "rmse": 1.6512342801831263,
          "std": 0.24870179316781763
        },
        "xi": {
          "bias": -0.04544984787702564,
          "call_true": 0.15,
          "n_valid": 100,
          "nbias": -0.3029989858468376,
          "nrmse": 0.3143368491317937,
          "nstd": 0.08366163575912186,
          "rmse": 0.04715052736976905,
          "std": 0.012549245363868278
        }
      },
      "n_runs": 100,
      "pixel": [
        2,
        7
      ],
      "return_levels": {
        "10": {
          "bias": 5.257056489769334,
          "call_true": 122.72647645395628,
          "n_valid": 100,
          "nbias": 0.04283555302544388,
          "nrmse": 0.04338693445593773,