{
  "i": 6,
  "j": 5,
  "local_selector_args": {
    "include_center": true,
    "max_points": 16,
    "mode": "circle",
    "radius": null
  },
  "local_selector_points": 16,
  "location": "(6,5)",
  "location_index": 65,
  "raw_report_path": "C:\\github\\EVT_Univariate\\EVT_Classes\\SIM\\_output\\sim_results_all\\blob\\bootstrap_k100\\t_030\\runs_100\\demo_weights_k100_5c6fff0c30fb1252\\raw\\loc_065_i06_j05.json",
  "reports": {
    "full": {
      "gev_params": {
        "mu": {
          "bias": 10.135901516213622,
          "call_true": 75.8885895268772,
          "n_valid": 100,
          "nbias": 0.13356291873923715,
          "nrmse": 0.1335822108529504,
          "nstd": 0.002270196955779817,
          "rmse": 10.137365567512314,
          "std": 0.17228204492234073
        },
        "sigma": {
          "bias": 5.246812855202146,
          "call_true": 12.603197862906297,
          "n_valid": 100,
          "nbias": 0.416308060245928,
          "nrmse": 0.41646606055029933,
          "nstd": 0.011470770007212715,
          "rmse": 5.248804164300537,
          "std": 0.14456838404079295
        },
        "xi": {
          "bias": 0.053179601430892946,
          "call_true": 0.04999999999999999,
          "n_valid": 100,
          "nbias": 1.063592028617859,
          "nrmse": 1.0743089029619817,
          "nstd": 0.1513658338064554,
          "rmse": 0.05371544514809907,
          "std": 0.007568291690322769
        }
      },
      "n_runs": 100,
      "pixel": [
        6,
        5
      ],
      "return_levels": {
        "10": {
          "bias": 25.334060067871423,
          "call_true": 105.90759459521456,
          "n_valid": 100,
          "nbias": 0.23920909699346662,
          "nrmse": 0.2392600363932824,
          "nstd": 0.004936894822163532,
          "rmse": 25.339454937176033,
          "std": 0.5228546553849093
        },
        "100": {
          "bias": 50.05709030974309,
          "call_true": 141.0746984780987,
          "n_valid": 100,
          "nbias": 0.3548268459883631,
          "nrmse": 0.355105852865766,
          "nstd": 0.01407395130990081,
          "rmse": 50.09645112084602,
          "std": 1.9854784374396988
        }
      },
      "success_rate": 1.0,
      "t_idx": 30,
      "true_params": {
        "mu": 75.8885895268772,
        "sigma": 12.603197862906303,
        "xi": 0.05
      },
      "true_return_levels": {
        "10": 105.90759459521452,
        "100": 141.0746984780987
      }
    },
    "local": {
      "gev_params": {
        "mu": {
          "bias": 3.533331325783936,
          "call_true": 75.8885895268772,
          "n_valid": 100,
          "nbias": 0.04655945442934538,
          "nrmse": 0.046852525039578166,
          "nstd": 0.005232237172186592,
          "rmse": 3.5555720410262834,
          "std": 0.397067099067337
        },
        "sigma": {
          "bias": 1.884671433152356,
          "call_true": 12.603197862906297,
          "n_valid": 100,
          "nbias": 0.14953914503709542,
          "nrmse": 0.15169399799925307,
          "nstd": 0.025477698690657444,
          "rmse": 1.9118294713998982,
          "std": 0.3211004776898645
        },
        "xi": {
          "bias": 0.05552501518279314,
          "call_true": 0.04999999999999999,
          "n_valid": 100,
          "nbias": 1.110500303655863,
          "nrmse": 1.174946297948101,
          "nstd": 0.38378102954964227,
          "rmse": 0.05874731489740503,
          "std": 0.019189051477482108
        }
      },
      "n_runs": 100,
      "pixel": [
        6,
        5
      ],
      "return_levels": {
        "10": {
          "bias": 10.321892480591146,
          "call_true": 105.90759459521456,
          "n_valid": 100,
          "nbias": 0.09746130596244833,
          "nrmse": 0.09804721004247033,
          "nstd": 0.010702767735793033,
          "rmse": 10.383944172369798,
          "std": 1.133504386409111
        },
        "100": {
          "bias": 24.241874550465763,
          "call_true": 141.0746984780987,
          "n_valid": 100,
          "nbias": 0.1718371530259143,
          "nrmse": 0.17420765892599577,
          "nstd": 0.028640902018347878,
          "rmse": 24.576292955560312,
          "std": 4.040506616379195
        }
      },
      "success_rate": 1.0,
      "t_idx": 30,
      "true_params": {
        "mu": 75.8885895268772,
        "sigma": 12.603197862906303,
        "xi": 0.05
      },
      "true_return_levels": {
        "10": 105.90759459521452,
        "100": 141.0746984780987
      }
    },
    "pointwise": {
      "gev_params": {
        "mu": {
          "bias": 0.3074821372054378,
          "call_true": 75.88858952687721,
          "n_valid": 97,
          "nbias": 0.0040517571761765035,
          "nrmse": 0.018255540133711386,
          "nstd": 0.01780022498056834,
          "rmse": 1.3853871917986564,
          "std": 1.350833967036417
        },
        "sigma": {
          "bias": -0.010560129157243556,
          "call_true": 12.6031978629063,
          "n_valid": 97,
          "nbias": -0.0008378928326059294,
          "nrmse": 0.09066573468158358,
          "nstd": 0.0906618628804437,
          "rmse": 1.142678193577764,
          "std": 1.142629396501912
        },
        "xi": {
          "bias": 0.027875814117376035,
          "call_true": 0.049999999999999996,
          "n_valid": 97,
          "nbias": 0.5575162823475207,
          "nrmse": 1.6200330616867695,
          "nstd": 1.5210794574497442,
          "rmse": 0.08100165308433847,
          "std": 0.0760539728724872
        }
      },
      "n_runs": 100,
      "pixel": [
        6,
        5
      ],
      "return_levels": {
        "10": {
          "bias": 1.3285398847407808,
          "call_true": 105.90759459521453,
          "n_valid": 97,
          "nbias": 0.012544330648038449,
          "nrmse": 0.034707742530445514,
          "nstd": 0.03236150738380985,
          "rmse": 3.6758135252295085,
          "std": 3.4273294044945755
        },
        "100": {
          "bias": 5.8588410796040655,
          "call_true": 141.07469847809872,
          "n_valid": 97,
          "nbias": 0.04153006274554347,
          "nrmse": 0.09072406653486137,
          "nstd": 0.08066046204289419,
          "rmse": 12.798870331112534,
          "std": 11.379150361805426
        }
      },
      "success_rate": 0.97,
      "t_idx": 30,
      "true_params": {
        "mu": 75.8885895268772,
        "sigma": 12.603197862906303,
        "xi": 0.05
      },
      "true_return_levels": {
        "10": 105.90759459521452,
        "100": 141.0746984780987
      }
    },
    "weighted": {
      "gev_params": {
        "mu": {
          "bias": 0.5515813715603025,
          "call_true": 75.8885895268772,
          "n_valid": 100,
          "nbias": 0.007268304431523936,
          "nrmse": 0.00864033280083588,
          "nstd": 0.004671948372990643,
          "rmse": 0.6557026692982474,
          "std": 0.3545475723686487
        },
        "sigma": {
          "bias": 0.5295924736320481,
          "call_true": 12.603197862906297,
          "n_valid": 100,
          "nbias": 0.042020483959134165,
          "nrmse": 0.047657794486140666,
          "nstd": 0.022484312378264256,
          "rmse": 0.6006406136185556,
          "std": 0.2833742377146577
        },
        "xi": {
          "bias": 0.04672204740345478,
          "call_true": 0.04999999999999999,
          "n_valid": 100,
          "nbias": 0.9344409480690958,
          "nrmse": 0.9975044418105453,
          "nstd": 0.3490490309447901,
          "rmse": 0.049875222090527256,
          "std": 0.0174524515472395
        }
      },
      "n_runs": 100,
      "pixel": [
        6,
        5
      ],
      "return_levels": {
        "10": {
          "bias": 3.555128640869466,
          "call_true": 105.90759459521456,
          "n_valid": 100,
          "nbias": 0.033568212501260075,
          "nrmse": 0.03476908258825877,
          "nstd": 0.009058930041644292,