{
  "i": 5,
  "j": 8,
  "local_selector_args": {
    "include_center": true,
    "max_points": 16,
    "mode": "circle",
    "radius": null
  },
  "local_selector_points": 16,
  "location": "(5,8)",
  "location_index": 58,
  "raw_report_path": "C:\\github\\EVT_Univariate\\EVT_Classes\\SIM\\_output\\sim_results_all\\blob\\bootstrap_k100\\t_030\\runs_100\\demo_weights_k100_5c6fff0c30fb1252\\raw\\loc_058_i05_j08.json",
  "reports": {
    "full": {
      "gev_params": {
        "mu": {
          "bias": 11.023252534947646,
          "call_true": 75.00123850814319,
          "n_valid": 100,
          "nbias": 0.14697427341484243,
          "nrmse": 0.14699222262449121,
          "nstd": 0.002297055999997058,
          "rmse": 11.024598747901546,
          "std": 0.1722820449223407
        },
        "sigma": {
          "bias": 5.502574862299223,
          "call_true": 12.347435855809223,
          "n_valid": 100,
          "nbias": 0.4456451466164427,
          "nrmse": 0.44579892631101065,
          "nstd": 0.01170837295524612,
          "rmse": 5.5044736472138265,
          "std": 0.14456838404079295
        },
        "xi": {
          "bias": 0.053179601430892946,
          "call_true": 0.04999999999999999,
          "n_valid": 100,
          "nbias": 1.063592028617859,
          "nrmse": 1.0743089029619817,
          "nstd": 0.1513658338064554,
          "rmse": 0.05371544514809907,
          "std": 0.007568291690322769
        }
      },
      "n_runs": 100,
      "pixel": [
        5,
        8
      ],
      "return_levels": {
        "10": {
          "bias": 26.83059941093799,
          "call_true": 104.411055252148,
          "n_valid": 100,
          "nbias": 0.256970867176309,
          "nrmse": 0.2570196552731602,
          "nstd": 0.00500765607743585,
          "rmse": 26.835693427613958,
          "std": 0.5228546553849093
        },
        "100": {
          "bias": 52.26729051656155,
          "call_true": 138.86449827128024,
          "n_valid": 100,
          "nbias": 0.3763905905918028,
          "nrmse": 0.3766620610331944,
          "nstd": 0.014297955648541257,
          "rmse": 52.30498812320087,
          "std": 1.9854784374396988
        }
      },
      "success_rate": 1.0,
      "t_idx": 30,
      "true_params": {
        "mu": 75.00123850814317,
        "sigma": 12.347435855809225,
        "xi": 0.05
      },
      "true_return_levels": {
        "10": 104.41105525214796,
        "100": 138.86449827128024
      }
    },
    "local": {
      "gev_params": {
        "mu": {
          "bias": 1.8153231526234277,
          "call_true": 75.00123850814319,
          "n_valid": 100,
          "nbias": 0.02420390901180026,
          "nrmse": 0.024743705218648153,
          "nstd": 0.005140207826134122,
          "rmse": 1.8558085366790174,
          "std": 0.3855219531493095
        },
        "sigma": {
          "bias": 2.2174761960009577,
          "call_true": 12.347435855809223,
          "n_valid": 100,
          "nbias": 0.1795900154409532,
          "nrmse": 0.18133831237190545,
          "nstd": 0.025119910187119343,
          "rmse": 2.2390631802127987,
          "std": 0.31016647973914474
        },
        "xi": {
          "bias": 0.08664048388600346,
          "call_true": 0.04999999999999999,
          "n_valid": 100,
          "nbias": 1.7328096777200694,
          "nrmse": 1.771997450620349,
          "nstd": 0.37060165380726934,
          "rmse": 0.08859987253101743,
          "std": 0.018530082690363464
        }
      },
      "n_runs": 100,
      "pixel": [
        5,
        8
      ],
      "return_levels": {
        "10": {
          "bias": 10.7904078368413,
          "call_true": 104.411055252148,
          "n_valid": 100,
          "nbias": 0.10334545332180535,
          "nrmse": 0.10398169279175073,
          "nstd": 0.011485195407505507,
          "rmse": 10.856838271291366,
          "std": 1.199181372274774
        },
        "100": {
          "bias": 31.33646684712796,
          "call_true": 138.86449827128024,
          "n_valid": 100,
          "nbias": 0.2256621903887217,
          "nrmse": 0.22814472007354827,
          "nstd": 0.03356470060051188,
          "rmse": 31.68120208625496,
          "std": 4.660945308515821
        }
      },
      "success_rate": 1.0,
      "t_idx": 30,
      "true_params": {
        "mu": 75.00123850814317,
        "sigma": 12.347435855809225,
        "xi": 0.05
      },
      "true_return_levels": {
        "10": 104.41105525214796,
        "100": 138.86449827128024
      }
    },
    "pointwise": {
      "gev_params": {
        "mu": {
          "bias": 0.28864933975721613,
          "call_true": 75.00123850814319,
          "n_valid": 100,
          "nbias": 0.00384859430989098,
          "nrmse": 0.019816802453085636,
          "nstd": 0.019439495397321805,
          "rmse": 1.486284727252633,
          "std": 1.4579862307724845
        },
        "sigma": {
          "bias": -0.135769937724039,
          "call_true": 12.347435855809223,
          "n_valid": 100,
          "nbias": -0.010995800205770005,
          "nrmse": 0.09900856390115145,
          "nstd": 0.09839607768403767,
          "rmse": 1.2225018919452562,
          "std": 1.2149392576668765
        },
        "xi": {
          "bias": 0.06317627796903252,
          "call_true": 0.04999999999999999,
          "n_valid": 100,
          "nbias": 1.2635255593806507,
          "nrmse": 2.2328467309587126,
          "nstd": 1.8409529284435338,
          "rmse": 0.11164233654793561,
          "std": 0.09204764642217667
        }
      },
      "n_runs": 100,
      "pixel": [
        5,
        8
      ],
      "return_levels": {
        "10": {
          "bias": 2.3482563475834852,
          "call_true": 104.411055252148,
          "n_valid": 100,
          "nbias": 0.022490495301599547,
          "nrmse": 0.048397341969405774,
          "nstd": 0.04285417518506609,
          "rmse": 5.053217546424728,
          "std": 4.474449653033165
        },
        "100": {
          "bias": 12.310859013265654,
          "call_true": 138.86449827128024,
          "n_valid": 100,
          "nbias": 0.0886537535980985,
          "nrmse": 0.15460882815787988,
          "nstd": 0.12666649800685442,
          "rmse": 21.469677350454575,
          "std": 17.589479693501957
        }
      },
      "success_rate": 1.0,
      "t_idx": 30,
      "true_params": {
        "mu": 75.00123850814317,
        "sigma": 12.347435855809225,
        "xi": 0.05
      },
      "true_return_levels": {
        "10": 104.41105525214796,
        "100": 138.86449827128024
      }
    },
    "weighted": {
      "gev_params": {
        "mu": {
          "bias": 0.5059918690540911,
          "call_true": 75.00123850814319,
          "n_valid": 100,
          "nbias": 0.006746446846996447,
          "nrmse": 0.008403766271677432,
          "nstd": 0.005010862449682181,
          "rmse": 0.6302928785087684,
          "std": 0.3758208897201119
        },
        "sigma": {
          "bias": 0.5266698690117826,
          "call_true": 12.347435855809223,
          "n_valid": 100,
          "nbias": 0.042654189514497044,
          "nrmse": 0.048319576551362195,
          "nstd": 0.022702457905793404,
          "rmse": 0.5966228720478082,
          "std": 0.28031714276099307
        },
        "xi": {
          "bias": 0.05026072107255459,
          "call_true": 0.04999999999999999,
          "n_valid": 100,
          "nbias": 1.005214421451092,
          "nrmse": 1.0648983911277725,
          "nstd": 0.35150042721633323,
          "rmse": 0.05324491955638861,
          "std": 0.017575021360816658
        }
      },
      "n_runs": 100,
      "pixel": [
        5,
        8
      ],
      "return_levels": {
        "10": {
          "bias": 3.602065551685048,
          "call_true": 104.411055252148,
          "n_valid": 100,
          "nbias": 0.034498890399931516,
          "nrmse": 0.035758426330839095,
          "nstd": 0.009406998183882045,