{
  "i": 0,
  "j": 4,
  "local_selector_args": {
    "include_center": true,
    "max_points": 3,
    "mode": "circle",
    "radius": null
  },
  "local_selector_points": 3,
  "location": "(0,4)",
  "location_index": 4,
  "raw_report_path": "C:\\github\\EVT_Univariate\\EVT_Univariate\\EVT_Classes\\SIM\\_output\\sim_results_all\\blob\\bootstrap_k100\\t_030\\runs_100\\demo_weights_k100_5c6fff0c30fb1252\\raw\\loc_004_i00_j04.json",
  "reports": {
    "full": {
      "gev_params": {
        "mu": {
          "bias": 7.058286077031134,
          "call_true": 78.96620527123548,
          "n_valid": 100,
          "nbias": 0.08938363003245657,
          "nrmse": 0.08941025242803877,
          "nstd": 0.0021817244249768483,
          "rmse": 7.06038834658549,
          "std": 0.17228249878798998
        },
        "sigma": {
          "bias": 4.317993509806146,
          "call_true": 13.532018295491007,
          "n_valid": 100,
          "nbias": 0.31909456634750055,
          "nrmse": 0.31927336026252817,
          "nstd": 0.010683459216314561,
          "rmse": 4.320412952335422,
          "std": 0.14456876557430065
        },
        "xi": {
          "bias": -0.04682041935622696,
          "call_true": 0.15,
          "n_valid": 100,
          "nbias": -0.31213612904151306,
          "nrmse": 0.3161877668611685,
          "nstd": 0.050455335294026335,
          "rmse": 0.047428165029175275,
          "std": 0.00756830029410395
        }
      },
      "n_runs": 100,
      "pixel": [
        0,
        4
      ],
      "return_levels": {
        "10": {
          "bias": 16.05323075464572,
          "call_true": 115.1884257394949,
          "n_valid": 100,
          "nbias": 0.13936496355068698,
          "nrmse": 0.13943886392909,
          "nstd": 0.004539130792450303,
          "rmse": 16.06174322289552,
          "std": 0.5228553302080163
        },
        "100": {
          "bias": 22.51504838726596,
          "call_true": 168.6167431471579,
          "n_valid": 100,
          "nbias": 0.13352795201136264,
          "nrmse": 0.1340461388449511,
          "nstd": 0.011775116597773276,
          "rmse": 22.602423363487382,
          "std": 1.9854818108945724
        }
      },
      "success_rate": 1.0,
      "t_idx": 30,
      "true_params": {
        "mu": 78.96620527123547,
        "sigma": 13.532018295491005,
        "xi": 0.15000000000000002
      },
      "true_return_levels": {
        "10": 115.1884257394949,
        "100": 168.61674314715788
      }
    },
    "local": {
      "gev_params": {
        "mu": {
          "bias": 3.4395151724901187,
          "call_true": 78.96620527123548,
          "n_valid": 100,
          "nbias": 0.04355679952805088,
          "nrmse": 0.0447975653881202,
          "nstd": 0.010470295104536972,
          "rmse": 3.5374937440898937,
          "std": 0.8267994724752785
        },
        "sigma": {
          "bias": 1.4016499742817692,
          "call_true": 13.532018295491007,
          "n_valid": 100,
          "nbias": 0.10358026006725189,
          "nrmse": 0.11357250114898644,
          "nstd": 0.046581570836941394,
          "rmse": 1.536865163412758,
          "std": 0.6303426687982012
        },
        "xi": {
          "bias": -0.04641919245943431,
          "call_true": 0.15,
          "n_valid": 100,
          "nbias": -0.3094612830628954,
          "nrmse": 0.4274630570033022,
          "nstd": 0.2948870620893278,
          "rmse": 0.06411945855049533,
          "std": 0.044233059313399166
        }
      },
      "n_runs": 100,
      "pixel": [
        0,
        4
      ],
      "return_levels": {
        "10": {
          "bias": 5.130724193366425,
          "call_true": 115.1884257394949,
          "n_valid": 100,
          "nbias": 0.04454201158170046,
          "nrmse": 0.05059203784708637,
          "nstd": 0.02399090448017085,
          "rmse": 5.827617194558824,
          "std": 2.7634745191374757
        },
        "100": {
          "bias": 2.4916380479104827,
          "call_true": 168.6167431471579,
          "n_valid": 100,
          "nbias": 0.01477693140909465,
          "nrmse": 0.0652911580780056,
          "nstd": 0.06359699380708203,
          "rmse": 11.009182431419555,
          "std": 10.723517969700142
        }
      },
      "success_rate": 1.0,
      "t_idx": 30,
      "true_params": {
        "mu": 78.96620527123547,
        "sigma": 13.532018295491005,
        "xi": 0.15000000000000002
      },
      "true_return_levels": {
        "10": 115.1884257394949,
        "100": 168.61674314715788
      }
    },
    "pointwise": {
      "gev_params": {
        "mu": {
          "bias": -0.07148220746790812,
          "call_true": 78.96620527123548,
          "n_valid": 99,
          "nbias": -0.0009052253077424564,
          "nrmse": 0.019393467661512717,
          "nstd": 0.01937232962450211,
          "rmse": 1.5314285482800805,
          "std": 1.5297593577104698
        },
        "sigma": {
          "bias": -0.09386500183500558,
          "call_true": 13.532018295491007,
          "n_valid": 99,
          "nbias": -0.0069365115968164385,
          "nrmse": 0.07890317826064981,
          "nstd": 0.0785976866485211,
          "rmse": 1.0677192517955014,
          "std": 1.0635853337110568
        },
        "xi": {
          "bias": -0.057700678353630644,
          "call_true": 0.15,
          "n_valid": 99,
          "nbias": -0.38467118902420433,
          "nrmse": 0.7270518063306124,
          "nstd": 0.6169541355913837,
          "rmse": 0.10905777094959186,
          "std": 0.09254312033870754
        }
      },
      "n_runs": 100,
      "pixel": [
        0,
        4
      ],
      "return_levels": {
        "10": {
          "bias": -2.476673512636475,
          "call_true": 115.18842573949492,
          "n_valid": 99,
          "nbias": -0.021501062252883035,
          "nrmse": 0.04338350440268483,
          "nstd": 0.037680668468797404,
          "rmse": 4.997277575207713,
          "std": 4.340376881732597
        },
        "100": {
          "bias": -10.211216475411112,
          "call_true": 168.6167431471579,
          "n_valid": 99,
          "nbias": -0.06055873387673853,
          "nrmse": 0.1312041019273232,
          "nstd": 0.11639225109001794,
          "rmse": 22.12320835453298,
          "std": 19.625682306365064
        }
      },
      "success_rate": 0.99,
      "t_idx": 30,
      "true_params": {
        "mu": 78.96620527123547,
        "sigma": 13.532018295491005,
        "xi": 0.15000000000000002
      },
      "true_return_levels": {
        "10": 115.1884257394949,
        "100": 168.61674314715788
      }
    },
    "weighted": {
      "gev_params": {
        "mu": {
          "bias": 1.8194693961229313,
          "call_true": 78.96620527123548,
          "n_valid": 100,
          "nbias": 0.023041114738556367,
          "nrmse": 0.02574375328021536,
          "nstd": 0.011482502538962455,
          "rmse": 2.032886505977528,
          "std": 0.9067296525191918
        },
        "sigma": {
          "bias": 0.9693277289670478,
          "call_true": 13.532018295491007,
          "n_valid": 100,
          "nbias": 0.07163216216534651,
          "nrmse": 0.08436744661000642,
          "nstd": 0.04457240616132116,
          "rmse": 1.1416618310704676,
          "std": 0.603154615649054
        },
        "xi": {
          "bias": -0.04593247856944803,
          "call_true": 0.15,
          "n_valid": 100,
          "nbias": -0.3062165237963202,
          "nrmse": 0.4111061490809539,
          "nstd": 0.27429857157168946,
          "rmse": 0.061665922362143084,
          "std": 0.04114478573575342
        }
      },
      "n_runs": 100,
      "pixel": [
        0,
        4
      ],
      "return_levels": {
        "10": {
          "bias": 2.4089257924875187,
          "call_true": 115.1884257394949,
          "n_valid": 100,
          "nbias": 0.0209129153126499,
          "nrmse": 0.02855365608652382,