{
  "i": 9,
  "j": 8,
  "local_selector_args": {
    "include_center": true,
    "max_points": 3,
    "mode": "circle",
    "radius": null
  },
  "local_selector_points": 3,
  "location": "(9,8)",
  "location_index": 98,
  "raw_report_path": "C:\\github\\EVT_Univariate\\EVT_Classes\\SIM\\_output\\sim_results_all\\blob\\bootstrap_k100\\t_030\\runs_100\\demo_weights_k100_5c6fff0c30fb1252\\raw\\loc_098_i09_j08.json",
  "reports": {
    "full": {
      "gev_params": {
        "mu": {
          "bias": -5.879389858364589,
          "call_true": 91.90388090145538,
          "n_valid": 100,
          "nbias": -0.0639732490151184,
          "nrmse": 0.0640007083955382,
          "nstd": 0.001874589443149538,
          "rmse": 5.881913481992319,
          "std": 0.1722820449223407
        },
        "sigma": {
          "bias": -0.39665535601783963,
          "call_true": 18.246666074126296,
          "n_valid": 100,
          "nbias": -0.021738511265918078,
          "nrmse": 0.023137347371337613,
          "nstd": 0.007923002670925754,
          "rmse": 0.42217945132586127,
          "std": 0.14456838404079297
        },
        "xi": {
          "bias": 0.053179601430892946,
          "call_true": 0.04999999999999999,
          "n_valid": 100,
          "nbias": 1.063592028617859,
          "nrmse": 1.0743089029619817,
          "nstd": 0.1513658338064554,
          "rmse": 0.05371544514809907,
          "std": 0.007568291690322769
        }
      },
      "n_runs": 100,
      "pixel": [
        9,
        8
      ],
      "return_levels": {
        "10": {
          "bias": -4.123161099321096,
          "call_true": 135.364815762407,
          "n_valid": 100,
          "nbias": -0.03045962184559161,
          "nrmse": 0.03070354912521317,
          "nstd": 0.0038625595021872326,
          "rmse": 4.156180270586494,
          "std": 0.5228546553849093
        },
        "100": {
          "bias": 4.852720283779745,
          "call_true": 186.27906850406214,
          "n_valid": 100,
          "nbias": 0.026050808191978494,
          "nrmse": 0.028146951169147297,
          "nstd": 0.010658623394374565,
          "rmse": 5.243187845018081,
          "std": 1.9854784374396988
        }
      },
      "success_rate": 1.0,
      "t_idx": 30,
      "true_params": {
        "mu": 91.90388090145541,
        "sigma": 18.24666607412629,
        "xi": 0.05
      },
      "true_return_levels": {
        "10": 135.36481576240703,
        "100": 186.27906850406205
      }
    },
    "local": {
      "gev_params": {
        "mu": {
          "bias": 0.8601511572604114,
          "call_true": 91.90388090145538,
          "n_valid": 100,
          "nbias": 0.009359247387852042,
          "nrmse": 0.016076876002177658,
          "nstd": 0.013071741671345127,
          "rmse": 1.4775272973716016,
          "std": 1.2013437897378938
        },
        "sigma": {
          "bias": 0.6643463368354157,
          "call_true": 18.246666074126296,
          "n_valid": 100,
          "nbias": 0.03640919026722675,
          "nrmse": 0.06345556926731129,
          "nstd": 0.05197095472591803,
          "rmse": 1.1578525829642201,
          "std": 0.9482966564373622
        },
        "xi": {
          "bias": 0.05441712135449052,
          "call_true": 0.04999999999999999,
          "n_valid": 100,
          "nbias": 1.0883424270898105,
          "nrmse": 1.328555928791639,
          "nstd": 0.7619525033252894,
          "rmse": 0.06642779643958194,
          "std": 0.038097625166264464
        }
      },
      "n_runs": 100,
      "pixel": [
        9,
        8
      ],
      "return_levels": {
        "10": {
          "bias": 5.408078372114451,
          "call_true": 135.364815762407,
          "n_valid": 100,
          "nbias": 0.039951876280810934,
          "nrmse": 0.04713127553239886,
          "nstd": 0.025004093963862713,
          "rmse": 6.379916429090413,
          "std": 3.3846745727241894
        },
        "100": {
          "bias": 18.677242378506307,
          "call_true": 186.27906850406214,
          "n_valid": 100,
          "nbias": 0.1002648474060789,
          "nrmse": 0.11626209544538585,
          "nstd": 0.058854355930446856,
          "rmse": 21.657194841896843,
          "std": 10.963334600130166
        }
      },
      "success_rate": 1.0,
      "t_idx": 30,
      "true_params": {
        "mu": 91.90388090145541,
        "sigma": 18.24666607412629,
        "xi": 0.05
      },
      "true_return_levels": {
        "10": 135.36481576240703,
        "100": 186.27906850406205
      }
    },
    "pointwise": {
      "gev_params": {
        "mu": {
          "bias": 0.09598199832486444,
          "call_true": 91.90388090145538,
          "n_valid": 100,
          "nbias": 0.0010443737237579972,
          "nrmse": 0.0201146644224637,
          "nstd": 0.020087533655315945,
          "rmse": 1.8486157234548457,
          "std": 1.8461223006621332
        },
        "sigma": {
          "bias": 0.018215626709903426,
          "call_true": 18.246666074126296,
          "n_valid": 100,
          "nbias": 0.000998298902161262,
          "nrmse": 0.07706348202667125,
          "nstd": 0.07705701565319688,
          "rmse": 1.4061516230501039,
          "std": 1.4060336332926064
        },
        "xi": {
          "bias": 0.04855015664361417,
          "call_true": 0.04999999999999999,
          "n_valid": 100,
          "nbias": 0.9710031328722837,
          "nrmse": 1.7831689574664942,
          "nstd": 1.4956083868527732,
          "rmse": 0.08915844787332469,
          "std": 0.07478041934263864
        }
      },
      "n_runs": 100,
      "pixel": [
        9,
        8
      ],
      "return_levels": {
        "10": {
          "bias": 2.810741946333201,
          "call_true": 135.364815762407,
          "n_valid": 100,
          "nbias": 0.0207641988097308,
          "nrmse": 0.04485657365875518,
          "nstd": 0.03976129082654766,
          "rmse": 6.072001829050234,
          "std": 5.382279807211108
        },
        "100": {
          "bias": 14.142094368252401,
          "call_true": 186.27906850406214,
          "n_valid": 100,
          "nbias": 0.0759188591709326,
          "nrmse": 0.13741994807872512,
          "nstd": 0.11454505206312324,
          "rmse": 25.5984599219815,
          "std": 21.3373456000679
        }
      },
      "success_rate": 1.0,
      "t_idx": 30,
      "true_params": {
        "mu": 91.90388090145541,
        "sigma": 18.24666607412629,
        "xi": 0.05
      },
      "true_return_levels": {
        "10": 135.36481576240703,
        "100": 186.27906850406205
      }
    },
    "weighted": {
      "gev_params": {
        "mu": {
          "bias": -1.222505169033534,
          "call_true": 91.90388090145538,
          "n_valid": 100,
          "nbias": -0.013301997228434502,
          "nrmse": 0.017168087572410465,
          "nstd": 0.010853575476711603,
          "rmse": 1.5778138755605675,
          "std": 0.9974857079666599
        },
        "sigma": {
          "bias": -0.20542980678731573,
          "call_true": 18.246666074126296,
          "n_valid": 100,
          "nbias": -0.011258484478905132,
          "nrmse": 0.04262662980156228,
          "nstd": 0.041112967485669165,
          "rmse": 0.7777938798545074,
          "std": 0.750174589027417
        },
        "xi": {
          "bias": 0.05204219242557883,
          "call_true": 0.04999999999999999,
          "n_valid": 100,
          "nbias": 1.0408438485115767,
          "nrmse": 1.2910328039641983,
          "nstd": 0.7638126628482077,
          "rmse": 0.0645516401982099,
          "std": 0.03819063314241038
        }
      },
      "n_runs": 100,
      "pixel": [
        9,
        8
      ],
      "return_levels": {
        "10": {
          "bias": 1.0002902861769507,
          "call_true": 135.364815762407,
          "n_valid": 100,
          "nbias": 0.007389588502322976,
          "nrmse": 0.023018833957426987,