{
  "i": 1,
  "j": 8,
  "local_selector_args": {
    "include_center": true,
    "max_points": 13,
    "mode": "circle",
    "radius": null
  },
  "local_selector_points": 13,
  "location": "(1,8)",
  "location_index": 18,
  "raw_report_path": "C:\\github\\EVT_Univariate\\EVT_Univariate\\EVT_Classes\\SIM\\_output\\sim_results_all\\blob\\bootstrap_k100\\t_030\\runs_100\\demo_weights_k100_5c6fff0c30fb1252\\raw\\loc_018_i01_j08.json",
  "reports": {
    "full": {
      "gev_params": {
        "mu": {
          "bias": 6.962446690307566,
          "call_true": 79.06204465795904,
          "n_valid": 100,
          "nbias": 0.08806307401267884,
          "nrmse": 0.08809003004327229,
          "nstd": 0.002179079728247916,
          "rmse": 6.964577889202147,
          "std": 0.17228249878798998
        },
        "sigma": {
          "bias": 4.287995548574867,
          "call_true": 13.56201625672228,
          "n_valid": 100,
          "nbias": 0.31617684770503335,
          "nrmse": 0.31635649347761796,
          "nstd": 0.010659828364579809,
          "rmse": 4.290431907463111,
          "std": 0.14456876557430065
        },
        "xi": {
          "bias": 0.05317958064377308,
          "call_true": 0.04999999999999999,
          "n_valid": 100,
          "nbias": 1.063591612875462,
          "nrmse": 1.074308515611656,
          "nstd": 0.15136600588207905,
          "rmse": 0.05371542578058279,
          "std": 0.00756830029410395
        }
      },
      "n_runs": 100,
      "pixel": [
        1,
        8
      ],
      "return_levels": {
        "10": {
          "bias": 19.876839224347204,
          "call_true": 111.36481726979342,
          "n_valid": 100,
          "nbias": 0.17848401058471988,
          "nrmse": 0.17854575001864367,
          "nstd": 0.0046949776691263476,
          "rmse": 19.883714825124468,
          "std": 0.5228553302080163
        },
        "100": {
          "bias": 41.924448919119826,
          "call_true": 149.20734261530401,
          "n_valid": 100,
          "nbias": 0.2809811379538616,
          "nrmse": 0.2812960584765698,
          "nstd": 0.013306863965895229,
          "rmse": 41.97143737344815,
          "std": 1.9854818108945727
        }
      },
      "success_rate": 1.0,
      "t_idx": 30,
      "true_params": {
        "mu": 79.06204465795904,
        "sigma": 13.562016256722284,
        "xi": 0.05
      },
      "true_return_levels": {
        "10": 111.36481726979342,
        "100": 149.20734261530401
      }
    },
    "local": {
      "gev_params": {
        "mu": {
          "bias": 4.348853779540963,
          "call_true": 79.06204465795904,
          "n_valid": 100,
          "nbias": 0.05500558198760386,
          "nrmse": 0.055250505054683985,
          "nstd": 0.0051965622292673465,
          "rmse": 4.368217898008217,
          "std": 0.41085083503819814
        },
        "sigma": {
          "bias": 2.738780722110536,
          "call_true": 13.56201625672228,
          "n_valid": 100,
          "nbias": 0.20194495200910892,
          "nrmse": 0.20364492028714798,
          "nstd": 0.02625814001024341,
          "rmse": 2.761835719533214,
          "std": 0.35611332169021087
        },
        "xi": {
          "bias": 0.060342676267027856,
          "call_true": 0.04999999999999999,
          "n_valid": 100,
          "nbias": 1.2068535253405575,
          "nrmse": 1.2720982350241352,
          "nstd": 0.40216723875098137,
          "rmse": 0.06360491175120675,
          "std": 0.020108361937549064
        }
      },
      "n_runs": 100,
      "pixel": [
        1,
        8
      ],
      "return_levels": {
        "10": {
          "bias": 13.694539267071818,
          "call_true": 111.36481726979342,
          "n_valid": 100,
          "nbias": 0.12297006902903007,
          "nrmse": 0.12348900079913097,
          "nstd": 0.011309086672377821,
          "rmse": 13.752330008824595,
          "std": 1.259434370757612
        },
        "100": {
          "bias": 32.02516226750849,
          "call_true": 149.20734261530401,
          "n_valid": 100,
          "nbias": 0.21463529680357507,
          "nrmse": 0.21704024478811215,
          "nstd": 0.03222044729243979,
          "rmse": 32.3839981654093,
          "std": 4.807527318381408
        }
      },
      "success_rate": 1.0,
      "t_idx": 30,
      "true_params": {
        "mu": 79.06204465795904,
        "sigma": 13.562016256722284,
        "xi": 0.05
      },
      "true_return_levels": {
        "10": 111.36481726979342,
        "100": 149.20734261530401
      }
    },
    "pointwise": {
      "gev_params": {
        "mu": {
          "bias": 0.14692705381911414,
          "call_true": 79.06204465795905,
          "n_valid": 97,
          "nbias": 0.0018583766009942575,
          "nrmse": 0.02048051069202139,
          "nstd": 0.020396023009765393,
          "rmse": 1.6192310509504029,
          "std": 1.6125512820428318
        },
        "sigma": {
          "bias": -0.13732336800338182,
          "call_true": 13.562016256722282,
          "n_valid": 97,
          "nbias": -0.01012558644702367,
          "nrmse": 0.09088120475928298,
          "nstd": 0.0903153689999801,
          "rmse": 1.2325323763759022,
          "std": 1.224858502609602
        },
        "xi": {
          "bias": 0.06012359925536151,
          "call_true": 0.049999999999999996,
          "n_valid": 97,
          "nbias": 1.2024719851072303,
          "nrmse": 2.1715759937868144,
          "nstd": 1.8082597771955964,
          "rmse": 0.10857879968934071,
          "std": 0.09041298885977982
        }
      },
      "n_runs": 100,
      "pixel": [
        1,
        8
      ],
      "return_levels": {
        "10": {
          "bias": 2.2835067331312335,
          "call_true": 111.3648172697934,
          "n_valid": 97,
          "nbias": 0.02050474098654685,
          "nrmse": 0.045214824108969084,
          "nstd": 0.04029808824596568,
          "rmse": 5.035340624781192,
          "std": 4.487789233833977
        },
        "100": {
          "bias": 12.574629974877002,
          "call_true": 149.20734261530401,
          "n_valid": 97,
          "nbias": 0.08427621425641045,
          "nrmse": 0.14855298171866577,
          "nstd": 0.12233359345704616,
          "rmse": 22.165195639821956,
          "std": 18.2530703923068
        }
      },
      "success_rate": 0.97,
      "t_idx": 30,
      "true_params": {
        "mu": 79.06204465795904,
        "sigma": 13.562016256722284,
        "xi": 0.05
      },
      "true_return_levels": {
        "10": 111.36481726979342,
        "100": 149.20734261530401
      }
    },
    "weighted": {
      "gev_params": {
        "mu": {
          "bias": 0.5194454390868635,
          "call_true": 79.06204465795904,
          "n_valid": 100,
          "nbias": 0.006570098728588495,
          "nrmse": 0.008814792264856864,
          "nstd": 0.005876594708602956,
          "rmse": 0.6969154996947452,
          "std": 0.46461559328829266
        },
        "sigma": {
          "bias": 0.7435025089293518,
          "call_true": 13.56201625672228,
          "n_valid": 100,
          "nbias": 0.05482241687778689,
          "nrmse": 0.059651856299563405,
          "nstd": 0.023512689502945168,
          "rmse": 0.8089994448783403,
          "std": 0.3188794772782057
        },
        "xi": {
          "bias": 0.05545320276170969,
          "call_true": 0.04999999999999999,
          "n_valid": 100,
          "nbias": 1.109064055234194,
          "nrmse": 1.198706631178777,
          "nstd": 0.4548345952315606,
          "rmse": 0.05993533155893884,
          "std": 0.022741729761578025
        }
      },
      "n_runs": 100,
      "pixel": [
        1,
        8
      ],
      "return_levels": {
        "10": {
          "bias": 4.562258764752478,
          "call_true": 111.36481726979342,
          "n_valid": 100,
          "nbias": 0.04096678714696679,
          "nrmse": 0.04234666961617751,