{
  "i": 3,
  "j": 5,
  "local_selector_args": {
    "include_center": true,
    "max_points": 36,
    "mode": "circle",
    "radius": null
  },
  "local_selector_points": 36,
  "location": "(3,5)",
  "location_index": 35,
  "raw_report_path": "C:\\github\\EVT_Univariate\\EVT_Classes\\SIM\\_output\\sim_results_all\\blob\\bootstrap_k100\\t_030\\runs_100\\demo_weights_k100_5c6fff0c30fb1252\\raw\\loc_035_i03_j05.json",
  "reports": {
    "full": {
      "gev_params": {
        "mu": {
          "bias": -3.9740122853064848,
          "call_true": 89.9985033283973,
          "n_valid": 100,
          "nbias": -0.04415642636639893,
          "nrmse": 0.04419790091205357,
          "nstd": 0.0019142767774003682,
          "rmse": 3.9777449323416274,
          "std": 0.1722820449223407
        },
        "sigma": {
          "bias": 0.3892029596052624,
          "call_true": 17.460807758503194,
          "n_valid": 100,
          "nbias": 0.02229008903758908,
          "nrmse": 0.023778135582445056,
          "nstd": 0.00827959313453812,
          "rmse": 0.4151854542606975,
          "std": 0.14456838404079297
        },
        "xi": {
          "bias": -0.046820398569107094,
          "call_true": 0.15,
          "n_valid": 100,
          "nbias": -0.312135990460714,
          "nrmse": 0.3161876209032193,
          "nstd": 0.05045527793548512,
          "rmse": 0.04742814313548289,
          "std": 0.007568291690322768
        }
      },
      "n_runs": 100,
      "pixel": [
        3,
        5
      ],
      "return_levels": {
        "10": {
          "bias": -5.495569702449047,
          "call_true": 136.737224365535,
          "n_valid": 100,
          "nbias": -0.040190736121408506,
          "nrmse": 0.04037222625129384,
          "nstd": 0.00382379163984768,
          "rmse": 5.520386159059308,
          "std": 0.5228546553849093
        },
        "100": {
          "bias": -14.545748747853768,
          "call_true": 205.67753753569556,
          "n_valid": 100,
          "nbias": -0.07072113426741769,
          "nrmse": 0.07137692981000154,
          "nstd": 0.009653355739418636,
          "rmse": 14.6806311601793,
          "std": 1.9854784374396988
        }
      },
      "success_rate": 1.0,
      "t_idx": 30,
      "true_params": {
        "mu": 89.9985033283973,
        "sigma": 17.460807758503186,
        "xi": 0.15000000000000002
      },
      "true_return_levels": {
        "10": 136.73722436553498,
        "100": 205.67753753569556
      }
    },
    "local": {
      "gev_params": {
        "mu": {
          "bias": -6.280218492581875,
          "call_true": 89.9985033283973,
          "n_valid": 100,
          "nbias": -0.06978136591522931,
          "nrmse": 0.0698443888641981,
          "nstd": 0.0029664164943906898,
          "rmse": 6.285890463664408,
          "std": 0.26697304474383315
        },
        "sigma": {
          "bias": -0.25593715645093745,
          "call_true": 17.460807758503194,
          "n_valid": 100,
          "nbias": -0.014657807358671553,
          "nrmse": 0.020149639346062186,
          "nstd": 0.01382594116913751,
          "rmse": 0.35182897902476384,
          "std": 0.24141210083468495
        },
        "xi": {
          "bias": -0.04840726122260097,
          "call_true": 0.15,
          "n_valid": 100,
          "nbias": -0.32271507481733985,
          "nrmse": 0.331870267134206,
          "nstd": 0.0774135304282658,
          "rmse": 0.04978054007013089,
          "std": 0.011612029564239871
        }
      },
      "n_runs": 100,
      "pixel": [
        3,
        5
      ],
      "return_levels": {
        "10": {
          "bias": -9.514598022761547,
          "call_true": 136.737224365535,
          "n_valid": 100,
          "nbias": -0.06958308585617105,
          "nrmse": 0.06984512326877439,
          "nstd": 0.0060444525941574555,
          "rmse": 9.550428291240854,
          "std": 0.8265016705341481
        },
        "100": {
          "bias": -21.02200912383033,
          "call_true": 205.67753753569556,
          "n_valid": 100,
          "nbias": -0.10220858036178081,
          "nrmse": 0.10323483600526813,
          "nstd": 0.014520243299063486,
          "rmse": 21.23308685746491,
          "std": 2.986487886170562
        }
      },
      "success_rate": 1.0,
      "t_idx": 30,
      "true_params": {
        "mu": 89.9985033283973,
        "sigma": 17.460807758503186,
        "xi": 0.15000000000000002
      },
      "true_return_levels": {
        "10": 136.73722436553498,
        "100": 205.67753753569556
      }
    },
    "pointwise": {
      "gev_params": {
        "mu": {
          "bias": -0.193790265992948,
          "call_true": 89.9985033283973,
          "n_valid": 97,
          "nbias": -0.002153260985750206,
          "nrmse": 0.020393880941904263,
          "nstd": 0.02027988774623301,
          "rmse": 1.835418761828909,
          "std": 1.8251595448288753
        },
        "sigma": {
          "bias": -0.2095018474594976,
          "call_true": 17.460807758503194,
          "n_valid": 97,
          "nbias": -0.011998405248890781,
          "nrmse": 0.08467763732328283,
          "nstd": 0.08382326964594504,
          "rmse": 1.4785399467460965,
          "std": 1.4636219969770223
        },
        "xi": {
          "bias": -0.03910155899441064,
          "call_true": 0.15,
          "n_valid": 97,
          "nbias": -0.2606770599627376,
          "nrmse": 0.6470921881621912,
          "nstd": 0.5922632610501143,
          "rmse": 0.09706382822432867,
          "std": 0.08883948915751715
        }
      },
      "n_runs": 100,
      "pixel": [
        3,
        5
      ],
      "return_levels": {
        "10": {
          "bias": -2.654127989135581,
          "call_true": 136.73722436553498,
          "n_valid": 97,
          "nbias": -0.019410427566091223,
          "nrmse": 0.04331483260792559,
          "nstd": 0.038722216175654765,
          "rmse": 5.922749984665512,
          "std": 5.294768361141254
        },
        "100": {
          "bias": -9.5796091444061,
          "call_true": 205.67753753569556,
          "n_valid": 97,
          "nbias": -0.04657586462373679,
          "nrmse": 0.12373983372729569,
          "nstd": 0.11463958864811985,
          "rmse": 25.450504296106587,
          "std": 23.57878829725037
        }
      },
      "success_rate": 0.97,
      "t_idx": 30,
      "true_params": {
        "mu": 89.9985033283973,
        "sigma": 17.460807758503186,
        "xi": 0.15000000000000002
      },
      "true_return_levels": {
        "10": 136.73722436553498,
        "100": 205.67753753569556
      }
    },
    "weighted": {
      "gev_params": {
        "mu": {
          "bias": -2.135474916532071,
          "call_true": 89.9985033283973,
          "n_valid": 100,
          "nbias": -0.023727893659963372,
          "nrmse": 0.023927999909288775,
          "nstd": 0.003088080653155528,
          "rmse": 2.153484179478016,
          "std": 0.2779226369413771
        },
        "sigma": {
          "bias": -0.41236289392252123,
          "call_true": 17.460807758503194,
          "n_valid": 100,
          "nbias": -0.023616484393266725,
          "nrmse": 0.026575293223808714,
          "nstd": 0.012186380711023372,
          "rmse": 0.46402608610677654,
          "std": 0.21278405086711055
        },
        "xi": {
          "bias": -0.044423137381672896,
          "call_true": 0.15,
          "n_valid": 100,
          "nbias": -0.29615424921115263,
          "nrmse": 0.3067048812703286,
          "nstd": 0.07975302420112294,
          "rmse": 0.046005732190549285,
          "std": 0.01196295363016844
        }
      },
      "n_runs": 100,
      "pixel": [
        3,
        5
      ],
      "return_levels": {
        "10": {
          "bias": -5.563861023249829,
          "call_true": 136.737224365535,
          "n_valid": 100,
          "nbias": -0.040690170866538485,
          "nrmse": 0.04108379963476887,