{
  "i": 8,
  "j": 8,
  "local_selector_args": {
    "include_center": true,
    "max_points": 14,
    "mode": "circle",
    "radius": null
  },
  "local_selector_points": 14,
  "location": "(8,8)",
  "location_index": 88,
  "raw_report_path": "C:\\github\\EVT_Univariate\\EVT_Classes\\SIM\\_output\\sim_results_all\\blob\\bootstrap_k100\\t_030\\runs_100\\demo_weights_k100_5c6fff0c30fb1252\\raw\\loc_088_i08_j08.json",
  "reports": {
    "full": {
      "gev_params": {
        "mu": {
          "bias": -10.369647989919512,
          "call_true": 96.39413903301036,
          "n_valid": 100,
          "nbias": -0.1075755029708643,
          "nrmse": 0.10759034883328468,
          "nstd": 0.0017872668053328675,
          "rmse": 10.371079044045727,
          "std": 0.1722820449223407
        },
        "sigma": {
          "bias": -2.3913763802710064,
          "call_true": 20.241387098379448,
          "n_valid": 100,
          "nbias": -0.1181429102980034,
          "nrmse": 0.11835860138109065,
          "nstd": 0.007142217247175086,
          "rmse": 2.3957422669774444,
          "std": 0.14456838404079297
        },
        "xi": {
          "bias": 0.053179601430892946,
          "call_true": 0.04999999999999999,
          "n_valid": 100,
          "nbias": 1.063592028617859,
          "nrmse": 1.0743089029619817,
          "nstd": 0.1513658338064554,
          "rmse": 0.05371544514809907,
          "std": 0.007568291690322769
        }
      },
      "n_runs": 100,
      "pixel": [
        8,
        8
      ],
      "return_levels": {
        "10": {
          "bias": -13.364557885392605,
          "call_true": 144.60621254847857,
          "n_valid": 100,
          "nbias": -0.09242035767247689,
          "nrmse": 0.09249105847295333,
          "nstd": 0.00361571364169174,
          "rmse": 13.374781660373648,
          "std": 0.5228546553849093
        },
        "100": {
          "bias": -9.954610024905497,
          "call_true": 201.08639881274723,
          "n_valid": 100,
          "nbias": -0.04950414390868517,
          "nrmse": 0.05047921711976359,
          "nstd": 0.009873757992397026,
          "rmse": 10.150683985500038,
          "std": 1.9854784374396988
        }
      },
      "success_rate": 1.0,
      "t_idx": 30,
      "true_params": {
        "mu": 96.39413903301033,
        "sigma": 20.241387098379455,
        "xi": 0.05
      },
      "true_return_levels": {
        "10": 144.60621254847854,
        "100": 201.0863988127473
      }
    },
    "local": {
      "gev_params": {
        "mu": {
          "bias": -6.061094217946857,
          "call_true": 96.39413903301036,
          "n_valid": 100,
          "nbias": -0.06287824424544342,
          "nrmse": 0.06313622964764387,
          "nstd": 0.0057017448847161275,
          "rmse": 6.0859624986750545,
          "std": 0.549614789148082
        },
        "sigma": {
          "bias": -1.0887497258545402,
          "call_true": 20.241387098379448,
          "n_valid": 100,
          "nbias": -0.0537882962547417,
          "nrmse": 0.05771831318251864,
          "nstd": 0.020933773253941735,
          "rmse": 1.1682987197928572,
          "std": 0.42372860786273703
        },
        "xi": {
          "bias": 0.0479875772818923,
          "call_true": 0.04999999999999999,
          "n_valid": 100,
          "nbias": 0.9597515456378461,
          "nrmse": 1.0393888604662191,
          "nstd": 0.39900648354009344,
          "rmse": 0.05196944302331095,
          "std": 0.019950324177004666
        }
      },
      "n_runs": 100,
      "pixel": [
        8,
        8
      ],
      "return_levels": {
        "10": {
          "bias": -6.033736352189476,
          "call_true": 144.60621254847857,
          "n_valid": 100,
          "nbias": -0.041725291367870475,
          "nrmse": 0.04321505276873121,
          "nstd": 0.011249037561966631,
          "rmse": 6.249165105968862,
          "std": 1.6266807166515658
        },
        "100": {
          "bias": 0.7372329316374748,
          "call_true": 201.08639881274723,
          "n_valid": 100,
          "nbias": 0.0036662496120584975,
          "nrmse": 0.02979632595764557,
          "nstd": 0.029569911301124057,
          "rmse": 5.991635884673729,
          "std": 5.946106976755393
        }
      },
      "success_rate": 1.0,
      "t_idx": 30,
      "true_params": {
        "mu": 96.39413903301033,
        "sigma": 20.241387098379455,
        "xi": 0.05
      },
      "true_return_levels": {
        "10": 144.60621254847854,
        "100": 201.0863988127473
      }
    },
    "pointwise": {
      "gev_params": {
        "mu": {
          "bias": 0.5404038899632997,
          "call_true": 96.39413903301036,
          "n_valid": 100,
          "nbias": 0.005606190328420666,
          "nrmse": 0.023381837887159536,
          "nstd": 0.022699801166154117,
          "rmse": 2.2538721321421655,
          "std": 2.1881277896319506
        },
        "sigma": {
          "bias": 0.16713745856433948,
          "call_true": 20.241387098379448,
          "n_valid": 100,
          "nbias": 0.008257213685603627,
          "nrmse": 0.0868747134859101,
          "nstd": 0.08648140994115008,
          "rmse": 1.7584647047291115,
          "std": 1.7505036954324593
        },
        "xi": {
          "bias": 0.04436581641435623,
          "call_true": 0.04999999999999999,
          "n_valid": 100,
          "nbias": 0.8873163282871248,
          "nrmse": 1.6970601517292543,
          "nstd": 1.4466108295399884,
          "rmse": 0.08485300758646269,
          "std": 0.07233054147699941
        }
      },
      "n_runs": 100,
      "pixel": [
        8,
        8
      ],
      "return_levels": {
        "10": {
          "bias": 3.652023382917946,
          "call_true": 144.60621254847857,
          "n_valid": 100,
          "nbias": 0.025254954946652947,
          "nrmse": 0.04951964155224877,
          "nstd": 0.04259556491121737,
          "rmse": 7.1608478116289564,
          "std": 6.159583313174014
        },
        "100": {
          "bias": 15.421559866451926,
          "call_true": 201.08639881274723,
          "n_valid": 100,
          "nbias": 0.07669121311786267,
          "nrmse": 0.13226296686823308,
          "nstd": 0.10775875943652041,
          "rmse": 26.59628370382269,
          "std": 21.668820875619033
        }
      },
      "success_rate": 1.0,
      "t_idx": 30,
      "true_params": {
        "mu": 96.39413903301033,
        "sigma": 20.241387098379455,
        "xi": 0.05
      },
      "true_return_levels": {
        "10": 144.60621254847854,
        "100": 201.0863988127473
      }
    },
    "weighted": {
      "gev_params": {
        "mu": {
          "bias": -1.812771311452716,
          "call_true": 96.39413903301036,
          "n_valid": 100,
          "nbias": -0.018805825018385493,
          "nrmse": 0.019688551542899762,
          "nstd": 0.00582923727731912,
          "rmse": 1.8978609747848705,
          "std": 0.561904308566306
        },
        "sigma": {
          "bias": -0.5861578318177726,
          "call_true": 20.241387098379448,
          "n_valid": 100,
          "nbias": -0.028958382593488426,
          "nrmse": 0.03705435294950252,
          "nstd": 0.02311789674852478,
          "rmse": 0.7500315017308586,
          "std": 0.46793829698725764
        },
        "xi": {
          "bias": 0.05369981400668621,
          "call_true": 0.04999999999999999,
          "n_valid": 100,
          "nbias": 1.0739962801337244,
          "nrmse": 1.1423503426220405,
          "nstd": 0.389225250398296,
          "rmse": 0.05711751713110201,
          "std": 0.019461262519914795
        }
      },
      "n_runs": 100,
      "pixel": [
        8,
        8
      ],
      "return_levels": {
        "10": {
          "bias": -0.18875298426955398,
          "call_true": 144.60621254847857,
          "n_valid": 100,
          "nbias": -0.0013052895926326498,
          "nrmse": 0.0125768061942379,