{
  "i": 5,
  "j": 2,
  "local_selector_args": {
    "include_center": true,
    "max_points": 18,
    "mode": "circle",
    "radius": null
  },
  "local_selector_points": 18,
  "location": "(5,2)",
  "location_index": 52,
  "raw_report_path": "C:\\github\\EVT_Univariate\\EVT_Classes\\SIM\\_output\\sim_results_all\\blob\\bootstrap_k100\\t_030\\runs_100\\demo_weights_k100_5c6fff0c30fb1252\\raw\\loc_052_i05_j02.json",
  "reports": {
    "full": {
      "gev_params": {
        "mu": {
          "bias": -2.8564203928799543,
          "call_true": 88.88091143597076,
          "n_valid": 100,
          "nbias": -0.03213761365327246,
          "nrmse": 0.03219601528579998,
          "nstd": 0.0019383469649324153,
          "rmse": 2.861611183208349,
          "std": 0.17228204492234073
        },
        "sigma": {
          "bias": 0.8343020435681211,
          "call_true": 17.01570867454032,
          "n_valid": 100,
          "nbias": 0.04903128394625384,
          "nrmse": 0.04976195073061997,
          "nstd": 0.008496171790781937,
          "rmse": 0.8467348567090582,
          "std": 0.14456838404079297
        },
        "xi": {
          "bias": -0.046820398569107094,
          "call_true": 0.15,
          "n_valid": 100,
          "nbias": -0.312135990460714,
          "nrmse": 0.3161876209032193,
          "nstd": 0.05045527793548512,
          "rmse": 0.04742814313548289,
          "std": 0.007568291690322768
        }
      },
      "n_runs": 100,
      "pixel": [
        5,
        2
      ],
      "return_levels": {
        "10": {
          "bias": -3.1865459927232975,
          "call_true": 134.4282006558092,
          "n_valid": 100,
          "nbias": -0.023704445772372938,
          "nrmse": 0.024021422479375755,
          "nstd": 0.0038894715010255143,
          "rmse": 3.22915660109549,
          "std": 0.5228546553849093
        },
        "100": {
          "bias": -10.479345272852983,
          "call_true": 201.6111340606948,
          "n_valid": 100,
          "nbias": -0.051978008663441114,
          "nrmse": 0.05290271883261193,
          "nstd": 0.009848059467003309,
          "rmse": 10.665777138736969,
          "std": 1.9854784374396988
        }
      },
      "success_rate": 1.0,
      "t_idx": 30,
      "true_params": {
        "mu": 88.88091143597077,
        "sigma": 17.015708674540328,
        "xi": 0.15000000000000002
      },
      "true_return_levels": {
        "10": 134.42820065580923,
        "100": 201.61113406069478
      }
    },
    "local": {
      "gev_params": {
        "mu": {
          "bias": 0.15132672320891402,
          "call_true": 88.88091143597076,
          "n_valid": 100,
          "nbias": 0.0017025784362925758,
          "nrmse": 0.004989709117943469,
          "nstd": 0.00469024772799473,
          "rmse": 0.4434898942031893,
          "std": 0.4168734929246627
        },
        "sigma": {
          "bias": 0.527022235793656,
          "call_true": 17.01570867454032,
          "n_valid": 100,
          "nbias": 0.030972687995194155,
          "nrmse": 0.03800740710364534,
          "nstd": 0.022028517723500732,
          "rmse": 0.6467229667502834,
          "std": 0.3748308401150366
        },
        "xi": {
          "bias": -0.04476926088333134,
          "call_true": 0.15,
          "n_valid": 100,
          "nbias": -0.2984617392222089,
          "nrmse": 0.3176957459331318,
          "nstd": 0.1088631122302833,
          "rmse": 0.04765436188996977,
          "std": 0.016329466834542495
        }
      },
      "n_runs": 100,
      "pixel": [
        5,
        2
      ],
      "return_levels": {
        "10": {
          "bias": -0.8452116116197818,
          "call_true": 134.4282006558092,
          "n_valid": 100,
          "nbias": -0.006287457598155812,
          "nrmse": 0.011442824336920933,
          "nstd": 0.00956065404441677,
          "rmse": 1.5382382860327841,
          "std": 1.2852215202836315
        },
        "100": {
          "bias": -8.68244738466939,
          "call_true": 201.6111340606948,
          "n_valid": 100,
          "nbias": -0.04306531692865508,
          "nrmse": 0.048195535524567054,
          "nstd": 0.021637655194921158,
          "rmse": 9.716756573770468,
          "std": 4.362392202262339
        }
      },
      "success_rate": 1.0,
      "t_idx": 30,
      "true_params": {
        "mu": 88.88091143597077,
        "sigma": 17.015708674540328,
        "xi": 0.15000000000000002
      },
      "true_return_levels": {
        "10": 134.42820065580923,
        "100": 201.61113406069478
      }
    },
    "pointwise": {
      "gev_params": {
        "mu": {
          "bias": 0.26634874826908606,
          "call_true": 88.88091143597076,
          "n_valid": 99,
          "nbias": 0.0029966923602146225,
          "nrmse": 0.023513419455363307,
          "nstd": 0.023321679385972377,
          "rmse": 2.089894152168978,
          "std": 2.072852120042716
        },
        "sigma": {
          "bias": -0.11480947432023111,
          "call_true": 17.01570867454032,
          "n_valid": 99,
          "nbias": -0.006747263749996748,
          "nrmse": 0.0844929099462191,
          "nstd": 0.08422307440997312,
          "rmse": 1.4377067407090343,
          "std": 1.4331152978342345
        },
        "xi": {
          "bias": -0.0612898324089445,
          "call_true": 0.15,
          "n_valid": 99,
          "nbias": -0.4085988827262967,
          "nrmse": 0.7027217912243761,
          "nstd": 0.5717209711882342,
          "rmse": 0.10540826868365641,
          "std": 0.08575814567823513
        }
      },
      "n_runs": 100,
      "pixel": [
        5,
        2
      ],
      "return_levels": {
        "10": {
          "bias": -2.932934733648171,
          "call_true": 134.4282006558092,
          "n_valid": 99,
          "nbias": -0.021817853094364292,
          "nrmse": 0.04892827530127493,
          "nstd": 0.04379449063877887,
          "rmse": 6.57734000994246,
          "std": 5.8872145752087235
        },
        "100": {
          "bias": -13.747159075244578,
          "call_true": 201.6111340606948,
          "n_valid": 99,
          "nbias": -0.06818650735383498,
          "nrmse": 0.13070038093137293,
          "nstd": 0.11150421422749635,
          "rmse": 26.350652021738906,
          "std": 22.4804910829522
        }
      },
      "success_rate": 0.99,
      "t_idx": 30,
      "true_params": {
        "mu": 88.88091143597077,
        "sigma": 17.015708674540328,
        "xi": 0.15000000000000002
      },
      "true_return_levels": {
        "10": 134.42820065580923,
        "100": 201.61113406069478
      }
    },
    "weighted": {
      "gev_params": {
        "mu": {
          "bias": 0.09149823199797652,
          "call_true": 88.88091143597076,
          "n_valid": 100,
          "nbias": 0.0010294474991279906,
          "nrmse": 0.005354740372832454,
          "nstd": 0.005254853214598955,
          "rmse": 0.47593420484033844,
          "std": 0.467056143175796
        },
        "sigma": {
          "bias": 0.3488101126117234,
          "call_true": 17.01570867454032,
          "n_valid": 100,
          "nbias": 0.02049929975197736,
          "nrmse": 0.028085217739072642,
          "nstd": 0.019197868765300524,
          "rmse": 0.47788988310909203,
          "std": 0.3266653420824108
        },
        "xi": {
          "bias": -0.046866415925324,
          "call_true": 0.15,
          "n_valid": 100,
          "nbias": -0.3124427728354933,
          "nrmse": 0.33314334531167045,
          "nstd": 0.11560277777077521,
          "rmse": 0.04997150179675056,
          "std": 0.01734041666561628
        }
      },
      "n_runs": 100,
      "pixel": [
        5,
        2
      ],
      "return_levels": {
        "10": {
          "bias": -1.4618462856920473,
          "call_true": 134.4282006558092,
          "n_valid": 100,
          "nbias": -0.010874550715998703,
          "nrmse": 0.014732048143159638,