{
  "i": 8,
  "j": 2,
  "local_selector_args": {
    "include_center": true,
    "max_points": 20,
    "mode": "circle",
    "radius": null
  },
  "local_selector_points": 20,
  "location": "(8,2)",
  "location_index": 82,
  "raw_report_path": "C:\\github\\EVT_Univariate\\EVT_Classes\\SIM\\_output\\sim_results_all\\blob\\bootstrap_k100\\t_030\\runs_100\\demo_weights_k100_5c6fff0c30fb1252\\raw\\loc_082_i08_j02.json",
  "reports": {
    "full": {
      "gev_params": {
        "mu": {
          "bias": 2.338984709275708,
          "call_true": 83.6855063338151,
          "n_valid": 100,
          "nbias": 0.027949698959168347,
          "nrmse": 0.028025414417889666,
          "nstd": 0.0020586843823961675,
          "rmse": 2.3453209957760985,
          "std": 0.1722820449223407
        },
        "sigma": {
          "bias": 2.7590247403181127,
          "call_true": 15.090985977790332,
          "n_valid": 100,
          "nbias": 0.18282600914072927,
          "nrmse": 0.18307681960670819,
          "nstd": 0.00957978386922874,
          "rmse": 2.7628097175432833,
          "std": 0.14456838404079295
        },
        "xi": {
          "bias": -0.046820398569107094,
          "call_true": 0.15,
          "n_valid": 100,
          "nbias": -0.312135990460714,
          "nrmse": 0.3161876209032193,
          "nstd": 0.05045527793548512,
          "rmse": 0.04742814313548289,
          "std": 0.007568291690322768
        }
      },
      "n_runs": 100,
      "pixel": [
        8,
        2
      ],
      "return_levels": {
        "10": {
          "bias": 7.160916130015294,
          "call_true": 124.08073853307062,
          "n_valid": 100,
          "nbias": 0.057711746518229586,
          "nrmse": 0.057865378393672964,
          "nstd": 0.004213826106826044,
          "rmse": 7.1799788865825285,
          "std": 0.5228546553849093
        },
        "100": {
          "bias": 7.46747807732032,
          "call_true": 183.66431071052153,
          "n_valid": 100,
          "nbias": 0.04065829691371026,
          "nrmse": 0.04207090589754344,
          "nstd": 0.010810366095398179,
          "rmse": 7.726923932639531,
          "std": 1.9854784374396988
        }
      },
      "success_rate": 1.0,
      "t_idx": 30,
      "true_params": {
        "mu": 83.68550633381511,
        "sigma": 15.090985977790336,
        "xi": 0.15000000000000002
      },
      "true_return_levels": {
        "10": 124.08073853307064,
        "100": 183.66431071052148
      }
    },
    "local": {
      "gev_params": {
        "mu": {
          "bias": 3.0524119095930904,
          "call_true": 83.6855063338151,
          "n_valid": 100,
          "nbias": 0.03647479764796131,
          "nrmse": 0.03682229832090209,
          "nstd": 0.005046859436697678,
          "rmse": 3.081492679359481,
          "std": 0.42234898735563803
        },
        "sigma": {
          "bias": 1.9704485987128018,
          "call_true": 15.090985977790332,
          "n_valid": 100,
          "nbias": 0.13057122984626354,
          "nrmse": 0.13201469110632763,
          "nstd": 0.019468759701976583,
          "rmse": 1.9922318523479123,
          "std": 0.2938027796674981
        },
        "xi": {
          "bias": -0.04095798470079901,
          "call_true": 0.15,
          "n_valid": 100,
          "nbias": -0.2730532313386601,
          "nrmse": 0.2983951215006608,
          "nstd": 0.12033944237410407,
          "rmse": 0.04475926822509912,
          "std": 0.01805091635611561
        }
      },
      "n_runs": 100,
      "pixel": [
        8,
        2
      ],
      "return_levels": {
        "10": {
          "bias": 6.182553932139317,
          "call_true": 124.08073853307062,
          "n_valid": 100,
          "nbias": 0.04982686277686454,
          "nrmse": 0.050605636652602634,
          "nstd": 0.008843879625523542,
          "rmse": 6.279184769791162,
          "std": 1.097355115432537
        },
        "100": {
          "bias": 5.111676685718757,
          "call_true": 183.66431071052153,
          "n_valid": 100,
          "nbias": 0.027831627527110665,
          "nrmse": 0.03715684084429527,
          "nstd": 0.024617703603717084,
          "rmse": 6.824385561848044,
          "std": 4.52139356365262
        }
      },
      "success_rate": 1.0,
      "t_idx": 30,
      "true_params": {
        "mu": 83.68550633381511,
        "sigma": 15.090985977790336,
        "xi": 0.15000000000000002
      },
      "true_return_levels": {
        "10": 124.08073853307064,
        "100": 183.66431071052148
      }
    },
    "pointwise": {
      "gev_params": {
        "mu": {
          "bias": -0.17762270319741216,
          "call_true": 83.6855063338151,
          "n_valid": 99,
          "nbias": -0.0021225025811385874,
          "nrmse": 0.02163550126222892,
          "nstd": 0.02153113786266228,
          "rmse": 1.8105778779155228,
          "std": 1.8018441739800704
        },
        "sigma": {
          "bias": -0.4479736228975877,
          "call_true": 15.090985977790334,
          "n_valid": 99,
          "nbias": -0.029684847865929915,
          "nrmse": 0.08911499683887039,
          "nstd": 0.08402554652466401,
          "rmse": 1.344833167706223,
          "std": 1.2680283443798739
        },
        "xi": {
          "bias": -0.031162001539699075,
          "call_true": 0.15,
          "n_valid": 99,
          "nbias": -0.20774667693132717,
          "nrmse": 0.5770517317696665,
          "nstd": 0.538358634520114,
          "rmse": 0.08655775976544997,
          "std": 0.0807537951780171
        }
      },
      "n_runs": 100,
      "pixel": [
        8,
        2
      ],
      "return_levels": {
        "10": {
          "bias": -2.6784162070270043,
          "call_true": 124.08073853307063,
          "n_valid": 99,
          "nbias": -0.02158607563665604,
          "nrmse": 0.040772014746148576,
          "nstd": 0.034588994276629696,
          "rmse": 5.059021701183362,
          "std": 4.2918279549603655
        },
        "100": {
          "bias": -8.680902717012165,
          "call_true": 183.6643107105215,
          "n_valid": 99,
          "nbias": -0.047265049390539354,
          "nrmse": 0.10501033013645988,
          "nstd": 0.09377198164418928,
          "rmse": 19.286649901997208,
          "std": 17.222566372639697
        }
      },
      "success_rate": 0.99,
      "t_idx": 30,
      "true_params": {
        "mu": 83.68550633381511,
        "sigma": 15.090985977790336,
        "xi": 0.15000000000000002
      },
      "true_return_levels": {
        "10": 124.08073853307064,
        "100": 183.66431071052148
      }
    },
    "weighted": {
      "gev_params": {
        "mu": {
          "bias": 1.171406126512036,
          "call_true": 83.6855063338151,
          "n_valid": 100,
          "nbias": 0.013997718097556658,
          "nrmse": 0.014876763725285293,
          "nstd": 0.005038053890074925,
          "rmse": 1.244969504959033,
          "std": 0.42161209072796696
        },
        "sigma": {
          "bias": 0.9694304692245617,
          "call_true": 15.090985977790332,
          "n_valid": 100,
          "nbias": 0.06423904115021307,
          "nrmse": 0.06743480157497944,
          "nstd": 0.020513362853469014,
          "rmse": 1.017657644983088,
          "std": 0.309566871179026
        },
        "xi": {
          "bias": -0.04153506569564346,
          "call_true": 0.15,
          "n_valid": 100,
          "nbias": -0.2769004379709564,
          "nrmse": 0.2970740628863963,
          "nstd": 0.10760644168135616,
          "rmse": 0.04456110943295945,
          "std": 0.016140966252203424
        }
      },
      "n_runs": 100,
      "pixel": [
        8,
        2
      ],
      "return_levels": {
        "10": {
          "bias": 1.7154486007184186,
          "call_true": 124.08073853307062,
          "n_valid": 100,
          "nbias": 0.01382526104372927,
          "nrmse": 0.015825477560724357,