{
  "i": 2,
  "j": 6,
  "local_selector_args": {
    "include_center": true,
    "max_points": 33,
    "mode": "circle",
    "radius": null
  },
  "local_selector_points": 33,
  "location": "(2,6)",
  "location_index": 26,
  "raw_report_path": "C:\\github\\EVT_Univariate\\EVT_Classes\\SIM\\_output\\sim_results_all\\blob\\bootstrap_k100\\t_030\\runs_100\\demo_weights_k100_5c6fff0c30fb1252\\raw\\loc_026_i02_j06.json",
  "reports": {
    "full": {
      "gev_params": {
        "mu": {
          "bias": -1.8286199781742016,
          "call_true": 87.853111021265,
          "n_valid": 100,
          "nbias": -0.020814515922282832,
          "nrmse": 0.020906690019481908,
          "nstd": 0.0019610238376264163,
          "rmse": 1.836717759368717,
          "std": 0.1722820449223407
        },
        "sigma": {
          "bias": 1.2336179359560462,
          "call_true": 16.6163927821524,
          "n_valid": 100,
          "nbias": 0.07424101922296097,
          "nrmse": 0.07474908008916883,
          "nstd": 0.008700347057038354,
          "rmse": 1.2420600748661965,
          "std": 0.14456838404079297
        },
        "xi": {
          "bias": -0.046820398569107094,
          "call_true": 0.15,
          "n_valid": 100,
          "nbias": -0.312135990460714,
          "nrmse": 0.3161876209032193,
          "nstd": 0.05045527793548512,
          "rmse": 0.04742814313548289,
          "std": 0.007568291690322768
        }
      },
      "n_runs": 100,
      "pixel": [
        2,
        6
      ],
      "return_levels": {
        "10": {
          "bias": -1.0898652399400544,
          "call_true": 132.331519903026,
          "n_valid": 100,
          "nbias": -0.008235870340934039,
          "nrmse": 0.009134589581697444,
          "nstd": 0.00395109687977636,
          "rmse": 1.2087941230363692,
          "std": 0.5228546553849093
        },
        "100": {
          "bias": -6.806050021142028,
          "call_true": 197.93783880898377,
          "n_valid": 100,
          "nbias": -0.03438478495114863,
          "nrmse": 0.03581802264210861,
          "nstd": 0.010030818005221062,
          "rmse": 7.089741992190224,
          "std": 1.9854784374396988
        }
      },
      "success_rate": 1.0,
      "t_idx": 30,
      "true_params": {
        "mu": 87.85311102126502,
        "sigma": 16.616392782152403,
        "xi": 0.15000000000000002
      },
      "true_return_levels": {
        "10": 132.331519903026,
        "100": 197.93783880898383
      }
    },
    "local": {
      "gev_params": {
        "mu": {
          "bias": -4.563308622583381,
          "call_true": 87.853111021265,
          "n_valid": 100,
          "nbias": -0.051942481826042844,
          "nrmse": 0.0520313986909365,
          "nstd": 0.0030405643368291648,
          "rmse": 4.571120245786546,
          "std": 0.26712303625075157
        },
        "sigma": {
          "bias": 0.3262841696818482,
          "call_true": 16.6163927821524,
          "n_valid": 100,
          "nbias": 0.019636281710450943,
          "nrmse": 0.024748009353016503,
          "nstd": 0.015062549834765758,
          "rmse": 0.4112226439861035,
          "std": 0.25028524435521254
        },
        "xi": {
          "bias": -0.0451519958674908,
          "call_true": 0.15,
          "n_valid": 100,
          "nbias": -0.301013305783272,
          "nrmse": 0.31166973565127715,
          "nstd": 0.0808023134716042,
          "rmse": 0.04675046034769157,
          "std": 0.01212034702074063
        }
      },
      "n_runs": 100,
      "pixel": [
        2,
        6
      ],
      "return_levels": {
        "10": {
          "bias": -6.036998418650992,
          "call_true": 132.331519903026,
          "n_valid": 100,
          "nbias": -0.04562026056282714,
          "nrmse": 0.04608369159775658,
          "nstd": 0.006519084096473925,
          "rmse": 6.098324951873437,
          "std": 0.8626803068620394
        },
        "100": {
          "bias": -14.439996249169372,
          "call_true": 197.93783880898377,
          "n_valid": 100,
          "nbias": -0.07295217698675806,
          "nrmse": 0.07458980025370389,
          "nstd": 0.015544072014120771,
          "rmse": 14.764143859411938,
          "std": 3.076760020766273
        }
      },
      "success_rate": 1.0,
      "t_idx": 30,
      "true_params": {
        "mu": 87.85311102126502,
        "sigma": 16.616392782152403,
        "xi": 0.15000000000000002
      },
      "true_return_levels": {
        "10": 132.331519903026,
        "100": 197.93783880898383
      }
    },
    "pointwise": {
      "gev_params": {
        "mu": {
          "bias": 0.424947068944939,
          "call_true": 87.853111021265,
          "n_valid": 100,
          "nbias": 0.00483701788138248,
          "nrmse": 0.021422569628579434,
          "nstd": 0.020869349474924227,
          "rmse": 1.8820393879403687,
          "std": 1.8334372763620965
        },
        "sigma": {
          "bias": 0.03678879241671826,
          "call_true": 16.6163927821524,
          "n_valid": 100,
          "nbias": 0.0022140059457569487,
          "nrmse": 0.07954071924216755,
          "nstd": 0.07950989998253977,
          "rmse": 1.3216798331027633,
          "std": 1.3211677281795329
        },
        "xi": {
          "bias": -0.04490526427514854,
          "call_true": 0.15,
          "n_valid": 100,
          "nbias": -0.2993684285009903,
          "nrmse": 0.5494113005205735,
          "nstd": 0.4606857075670521,
          "rmse": 0.08241169507808603,
          "std": 0.06910285613505782
        }
      },
      "n_runs": 100,
      "pixel": [
        2,
        6
      ],
      "return_levels": {
        "10": {
          "bias": -1.6630308283189605,
          "call_true": 132.331519903026,
          "n_valid": 100,
          "nbias": -0.01256715580337661,
          "nrmse": 0.03724287099244172,
          "nstd": 0.03505849447385489,
          "rmse": 4.928405723982131,
          "std": 4.639343859237055
        },
        "100": {
          "bias": -9.674545351952574,
          "call_true": 197.93783880898377,
          "n_valid": 100,
          "nbias": -0.04887668477217645,
          "nrmse": 0.09450493951431913,
          "nstd": 0.08088419671534366,
          "rmse": 18.70610348423806,
          "std": 16.01004309163583
        }
      },
      "success_rate": 1.0,
      "t_idx": 30,
      "true_params": {
        "mu": 87.85311102126502,
        "sigma": 16.616392782152403,
        "xi": 0.15000000000000002
      },
      "true_return_levels": {
        "10": 132.331519903026,
        "100": 197.93783880898383
      }
    },
    "weighted": {
      "gev_params": {
        "mu": {
          "bias": 0.5840674760494312,
          "call_true": 87.853111021265,
          "n_valid": 100,
          "nbias": 0.006648227584200823,
          "nrmse": 0.007499278495373069,
          "nstd": 0.003469906041932012,
          "rmse": 0.6588349462333953,
          "std": 0.30484204073521126
        },
        "sigma": {
          "bias": 0.6460307467566079,
          "call_true": 16.6163927821524,
          "n_valid": 100,
          "nbias": 0.038879121071963764,
          "nrmse": 0.04113692967941818,
          "nstd": 0.013441016632717146,
          "rmse": 0.683547381404995,
          "std": 0.22334121176067154
        },
        "xi": {
          "bias": -0.043308310136199034,
          "call_true": 0.15,
          "n_valid": 100,
          "nbias": -0.28872206757466023,
          "nrmse": 0.29852985629135403,
          "nstd": 0.07589231049816479,
          "rmse": 0.0447794784437031,
          "std": 0.011383846574724719
        }
      },
      "n_runs": 100,
      "pixel": [
        2,
        6
      ],
      "return_levels": {
        "10": {
          "bias": 0.01624376884900812,
          "call_true": 132.331519903026,
          "n_valid": 100,
          "nbias": 0.00012275056510279437,
          "nrmse": 0.006144487590863164,