{
  "i": 8,
  "j": 5,
  "local_selector_args": {
    "include_center": true,
    "max_points": 17,
    "mode": "circle",
    "radius": null
  },
  "local_selector_points": 17,
  "location": "(8,5)",
  "location_index": 85,
  "raw_report_path": "C:\\github\\EVT_Univariate\\EVT_Classes\\SIM\\_output\\sim_results_all\\blob\\bootstrap_k100\\t_030\\runs_100\\demo_weights_k100_5c6fff0c30fb1252\\raw\\loc_085_i08_j05.json",
  "reports": {
    "full": {
      "gev_params": {
        "mu": {
          "bias": 1.209171348721129,
          "call_true": 84.81531969436968,
          "n_valid": 100,
          "nbias": 0.01425652055640837,
          "nrmse": 0.014400499968043648,
          "nstd": 0.0020312609271904607,
          "rmse": 1.2213830085483823,
          "std": 0.1722820449223407
        },
        "sigma": {
          "bias": 2.3598993826443477,
          "call_true": 15.490111335464096,
          "n_valid": 100,
          "nbias": 0.15234876829073762,
          "nrmse": 0.15263437061978066,
          "nstd": 0.009332946736787388,
          "rmse": 2.3643233945188924,
          "std": 0.14456838404079297
        },
        "xi": {
          "bias": -0.046820398569107094,
          "call_true": 0.15,
          "n_valid": 100,
          "nbias": -0.312135990460714,
          "nrmse": 0.3161876209032193,
          "nstd": 0.05045527793548512,
          "rmse": 0.04742814313548289,
          "std": 0.007568291690322768
        }
      },
      "n_runs": 100,
      "pixel": [
        8,
        5
      ],
      "return_levels": {
        "10": {
          "bias": 4.962732450677647,
          "call_true": 126.2789222124083,
          "n_valid": 100,
          "nbias": 0.03929976882705769,
          "nrmse": 0.03951727924363239,
          "nstd": 0.004140474484771403,
          "rmse": 4.990199431652671,
          "std": 0.5228546553849093
        },
        "100": {
          "bias": 3.69343218514882,
          "call_true": 187.43835660269292,
          "n_valid": 100,
          "nbias": 0.019704783226293803,
          "nrmse": 0.022371495101616692,
          "nstd": 0.010592700840032726,
          "rmse": 4.193276276592227,
          "std": 1.9854784374396988
        }
      },
      "success_rate": 1.0,
      "t_idx": 30,
      "true_params": {
        "mu": 84.81531969436969,
        "sigma": 15.490111335464102,
        "xi": 0.15000000000000002
      },
      "true_return_levels": {
        "10": 126.27892221240829,
        "100": 187.43835660269298
      }
    },
    "local": {
      "gev_params": {
        "mu": {
          "bias": -1.0179775465425427,
          "call_true": 84.81531969436968,
          "n_valid": 100,
          "nbias": -0.012002283905912335,
          "nrmse": 0.013061680978989637,
          "nstd": 0.005152930335137224,
          "rmse": 1.1078306479788735,
          "std": 0.4370474337374792
        },
        "sigma": {
          "bias": 1.2103818305211989,
          "call_true": 15.490111335464096,
          "n_valid": 100,
          "nbias": 0.07813900134791606,
          "nrmse": 0.08105027105584295,
          "nstd": 0.0215277241383288,
          "rmse": 1.2554777224245504,
          "std": 0.333466843701871
        },
        "xi": {
          "bias": -0.037826105654239675,
          "call_true": 0.15,
          "n_valid": 100,
          "nbias": -0.2521740376949312,
          "nrmse": 0.28700735648495923,
          "nstd": 0.13704553035075573,
          "rmse": 0.043051103472743886,
          "std": 0.020556829552613357
        }
      },
      "n_runs": 100,
      "pixel": [
        8,
        5
      ],
      "return_levels": {
        "10": {
          "bias": 0.2853419324891712,
          "call_true": 126.2789222124083,
          "n_valid": 100,
          "nbias": 0.002259616470349738,
          "nrmse": 0.011150682457131952,
          "nstd": 0.010919333892995235,
          "rmse": 1.4080961626194317,
          "std": 1.3788817152848587
        },
        "100": {
          "bias": -2.9310587816480553,
          "call_true": 187.43835660269292,
          "n_valid": 100,
          "nbias": -0.015637454546514867,
          "nrmse": 0.032689239530752465,
          "nstd": 0.02870638250293114,
          "rmse": 6.1272173362360265,
          "std": 5.3806771603577115
        }
      },
      "success_rate": 1.0,
      "t_idx": 30,
      "true_params": {
        "mu": 84.81531969436969,
        "sigma": 15.490111335464102,
        "xi": 0.15000000000000002
      },
      "true_return_levels": {
        "10": 126.27892221240829,
        "100": 187.43835660269298
      }
    },
    "pointwise": {
      "gev_params": {
        "mu": {
          "bias": -0.3582533648855578,
          "call_true": 84.81531969436969,
          "n_valid": 97,
          "nbias": -0.004223922826401134,
          "nrmse": 0.020613340547995577,
          "nstd": 0.02017593329945968,
          "rmse": 1.7483270685471586,
          "std": 1.7112282329259518
        },
        "sigma": {
          "bias": -0.49824950433209625,
          "call_true": 15.490111335464098,
          "n_valid": 97,
          "nbias": -0.03216565030048367,
          "nrmse": 0.09545955793583842,
          "nstd": 0.08987712802516937,
          "rmse": 1.4786791804603225,
          "std": 1.392206719621634
        },
        "xi": {
          "bias": -0.03473610121027098,
          "call_true": 0.15,
          "n_valid": 97,
          "nbias": -0.2315740080684732,
          "nrmse": 0.5941227282940817,
          "nstd": 0.5471337085783565,
          "rmse": 0.08911840924411225,
          "std": 0.08207005628675347
        }
      },
      "n_runs": 100,
      "pixel": [
        8,
        5
      ],
      "return_levels": {
        "10": {
          "bias": -3.15680053913892,
          "call_true": 126.2789222124083,
          "n_valid": 97,
          "nbias": -0.024998633848244304,
          "nrmse": 0.04526070266456942,
          "nstd": 0.03773061769189548,
          "rmse": 5.715472751058103,
          "std": 4.764581736540986
        },
        "100": {
          "bias": -9.981983211000806,
          "call_true": 187.43835660269295,
          "n_valid": 97,
          "nbias": -0.05325475207915578,
          "nrmse": 0.11436002633767439,
          "nstd": 0.10120349304713368,
          "rmse": 21.43545539777437,
          "std": 18.969416419206798
        }
      },
      "success_rate": 0.97,
      "t_idx": 30,
      "true_params": {
        "mu": 84.81531969436969,
        "sigma": 15.490111335464102,
        "xi": 0.15000000000000002
      },
      "true_return_levels": {
        "10": 126.27892221240829,
        "100": 187.43835660269298
      }
    },
    "weighted": {
      "gev_params": {
        "mu": {
          "bias": 2.2173350297514025,
          "call_true": 84.81531969436968,
          "n_valid": 100,
          "nbias": 0.026143095819735458,
          "nrmse": 0.026679086992230656,
          "nstd": 0.0053209231998912875,
          "rmse": 2.2627952923999426,
          "std": 0.45129580226796806
        },
        "sigma": {
          "bias": 1.2417006172402012,
          "call_true": 15.490111335464096,
          "n_valid": 100,
          "nbias": 0.0801608581338837,
          "nrmse": 0.0831197819047278,
          "nstd": 0.021980331369860804,
          "rmse": 1.2875346758837276,
          "std": 0.3404777801095379
        },
        "xi": {
          "bias": -0.04234901651740078,
          "call_true": 0.15,
          "n_valid": 100,
          "nbias": -0.2823267767826719,
          "nrmse": 0.30414082087325317,
          "nstd": 0.11310716172269412,
          "rmse": 0.04562112313098797,
          "std": 0.01696607425840412
        }
      },
      "n_runs": 100,
      "pixel": [
        8,
        5
      ],
      "return_levels": {
        "10": {
          "bias": 3.365882093621983,
          "call_true": 126.2789222124083,
          "n_valid": 100,
          "nbias": 0.026654346067037052,
          "nrmse": 0.028134821880748482,