{
  "i": 8,
  "j": 3,
  "local_selector_args": {
    "include_center": true,
    "max_points": 21,
    "mode": "circle",
    "radius": null
  },
  "local_selector_points": 21,
  "location": "(8,3)",
  "location_index": 83,
  "raw_report_path": "C:\\github\\EVT_Univariate\\EVT_Classes\\SIM\\_output\\sim_results_all\\blob\\bootstrap_k100\\t_030\\runs_100\\demo_weights_k100_5c6fff0c30fb1252\\raw\\loc_083_i08_j03.json",
  "reports": {
    "full": {
      "gev_params": {
        "mu": {
          "bias": 2.8301903812070326,
          "call_true": 83.19430066188377,
          "n_valid": 100,
          "nbias": 0.03401904167341249,
          "nrmse": 0.034082012450246765,
          "nstd": 0.002070839511260815,
          "rmse": 2.8354291909478953,
          "std": 0.1722820449223407
        },
        "sigma": {
          "bias": 2.929328040910674,
          "call_true": 14.920682677197775,
          "n_valid": 100,
          "nbias": 0.19632667648561142,
          "nrmse": 0.19656562027721403,
          "nstd": 0.009689126641753906,
          "rmse": 2.932893245402863,
          "std": 0.14456838404079295
        },
        "xi": {
          "bias": -0.046820398569107094,
          "call_true": 0.15,
          "n_valid": 100,
          "nbias": -0.312135990460714,
          "nrmse": 0.3161876209032193,
          "nstd": 0.05045527793548512,
          "rmse": 0.04742814313548289,
          "std": 0.007568291690322768
        }
      },
      "n_runs": 100,
      "pixel": [
        8,
        3
      ],
      "return_levels": {
        "10": {
          "bias": 8.1079860762797,
          "call_true": 123.13366858680624,
          "n_valid": 100,
          "nbias": 0.06584702761912568,
          "nrmse": 0.06598379777742985,
          "nstd": 0.0042462363168876876,
          "rmse": 8.12482708762489,
          "std": 0.5228546553849093
        },
        "100": {
          "bias": 9.086954652140944,
          "call_true": 182.04483413570088,
          "n_valid": 100,
          "nbias": 0.04991602588056575,
          "nrmse": 0.05109366061739218,
          "nstd": 0.010906535452468112,
          "rmse": 9.301336972478952,
          "std": 1.9854784374396988
        }
      },
      "success_rate": 1.0,
      "t_idx": 30,
      "true_params": {
        "mu": 83.19430066188379,
        "sigma": 14.920682677197775,
        "xi": 0.15000000000000002
      },
      "true_return_levels": {
        "10": 123.13366858680624,
        "100": 182.04483413570085
      }
    },
    "local": {
      "gev_params": {
        "mu": {
          "bias": 1.9285644046445327,
          "call_true": 83.19430066188377,
          "n_valid": 100,
          "nbias": 0.0231814486004583,
          "nrmse": 0.023657444570316422,
          "nstd": 0.004721771318255863,
          "rmse": 1.9681645564747543,
          "std": 0.3928244627076376
        },
        "sigma": {
          "bias": 1.5874711178857348,
          "call_true": 14.920682677197775,
          "n_valid": 100,
          "nbias": 0.10639400034368098,
          "nrmse": 0.10816193199829653,
          "nstd": 0.01947614501057478,
          "rmse": 1.6138498650992268,
          "std": 0.290597379477875
        },
        "xi": {
          "bias": -0.04148168176412586,
          "call_true": 0.15,
          "n_valid": 100,
          "nbias": -0.2765445450941724,
          "nrmse": 0.29950425920786067,
          "nstd": 0.11500398194109049,
          "rmse": 0.0449256388811791,
          "std": 0.017250597291163572
        }
      },
      "n_runs": 100,
      "pixel": [
        8,
        3
      ],
      "return_levels": {
        "10": {
          "bias": 4.075552070542394,
          "call_true": 123.13366858680624,
          "n_valid": 100,
          "nbias": 0.03309860022297012,
          "nrmse": 0.034146913961626,
          "nstd": 0.00839609411468751,
          "rmse": 4.204634787013043,
          "std": 1.0338418701415661
        },
        "100": {
          "bias": 1.664086762736647,
          "call_true": 182.04483413570088,
          "n_valid": 100,
          "nbias": 0.009141082034199301,
          "nrmse": 0.024600398709811136,
          "nstd": 0.022839006894471485,
          "rmse": 4.478375502799678,
          "std": 4.15772322192819
        }
      },
      "success_rate": 1.0,
      "t_idx": 30,
      "true_params": {
        "mu": 83.19430066188379,
        "sigma": 14.920682677197775,
        "xi": 0.15000000000000002
      },
      "true_return_levels": {
        "10": 123.13366858680624,
        "100": 182.04483413570085
      }
    },
    "pointwise": {
      "gev_params": {
        "mu": {
          "bias": -0.2420820956057725,
          "call_true": 83.19430066188377,
          "n_valid": 99,
          "nbias": -0.0029098399010484698,
          "nrmse": 0.01913818403079693,
          "nstd": 0.018915679203954504,
          "rmse": 1.5921878363805826,
          "std": 1.5736767029175334
        },
        "sigma": {
          "bias": -0.39283446776040215,
          "call_true": 14.920682677197773,
          "n_valid": 99,
          "nbias": -0.026328183251343007,
          "nrmse": 0.08576685230636664,
          "nstd": 0.08162585203981526,
          "rmse": 1.2796999874853847,
          "std": 1.2179134365419801
        },
        "xi": {
          "bias": -0.05078371100955543,
          "call_true": 0.15,
          "n_valid": 99,
          "nbias": -0.3385580733970362,
          "nrmse": 0.6473473898066519,
          "nstd": 0.5517581662532712,
          "rmse": 0.09710210847099777,
          "std": 0.08276372493799068
        }
      },
      "n_runs": 100,
      "pixel": [
        8,
        3
      ],
      "return_levels": {
        "10": {
          "bias": -3.4074980373172075,
          "call_true": 123.13366858680624,
          "n_valid": 99,
          "nbias": -0.027673162640443904,
          "nrmse": 0.044583348284447724,
          "nstd": 0.034955271615707814,
          "rmse": 5.489711232147343,
          "std": 4.304170830490361
        },
        "100": {
          "bias": -12.579676424556206,
          "call_true": 182.04483413570088,
          "n_valid": 99,
          "nbias": -0.0691020785307151,
          "nrmse": 0.11206280836498533,
          "nstd": 0.08822117524371521,
          "rmse": 20.400455361584587,
          "std": 16.060209214498737
        }
      },
      "success_rate": 0.99,
      "t_idx": 30,
      "true_params": {
        "mu": 83.19430066188379,
        "sigma": 14.920682677197775,
        "xi": 0.15000000000000002
      },
      "true_return_levels": {
        "10": 123.13366858680624,
        "100": 182.04483413570085
      }
    },
    "weighted": {
      "gev_params": {
        "mu": {
          "bias": 1.2098425571103535,
          "call_true": 83.19430066188377,
          "n_valid": 100,
          "nbias": 0.014542373065041629,
          "nrmse": 0.015324799570263756,
          "nstd": 0.004834135652410668,
          "rmse": 1.2749359830316302,
          "std": 0.4021725349069848
        },
        "sigma": {
          "bias": 1.057179820109315,
          "call_true": 14.920682677197775,
          "n_valid": 100,
          "nbias": 0.07085331435437121,
          "nrmse": 0.07363748710072969,
          "nstd": 0.02005710227103571,
          "rmse": 1.098721578176232,
          "std": 0.2992656584102267
        },
        "xi": {
          "bias": -0.04268502496182922,
          "call_true": 0.15,
          "n_valid": 100,
          "nbias": -0.2845668330788615,
          "nrmse": 0.30129203799621385,
          "nstd": 0.09898792689706842,
          "rmse": 0.04519380569943207,
          "std": 0.014848189034560262
        }
      },
      "n_runs": 100,
      "pixel": [
        8,
        3
      ],
      "return_levels": {
        "10": {
          "bias": 1.943108375474036,
          "call_true": 123.13366858680624,
          "n_valid": 100,
          "nbias": 0.015780479845804253,
          "nrmse": 0.017397471385674768,