{
  "i": 2,
  "j": 3,
  "local_selector_args": {
    "include_center": true,
    "max_points": 36,
    "mode": "circle",
    "radius": null
  },
  "local_selector_points": 36,
  "location": "(2,3)",
  "location_index": 23,
  "raw_report_path": "C:\\github\\EVT_Univariate\\EVT_Classes\\SIM\\_output\\sim_results_all\\blob\\bootstrap_k100\\t_030\\runs_100\\demo_weights_k100_5c6fff0c30fb1252\\raw\\loc_023_i02_j03.json",
  "reports": {
    "full": {
      "gev_params": {
        "mu": {
          "bias": -4.677125214770399,
          "call_true": 90.70161625786126,
          "n_valid": 100,
          "nbias": -0.05156606252168108,
          "nrmse": 0.051601033580172685,
          "nstd": 0.0018994374304483108,
          "rmse": 4.6802971462978356,
          "std": 0.17228204492234073
        },
        "sigma": {
          "bias": 0.1032293009126435,
          "call_true": 17.7467814171958,
          "n_valid": 100,
          "nbias": 0.005816790013124248,
          "nrmse": 0.010009755759688203,
          "nstd": 0.008146174826986543,
          "rmse": 0.17764094750670323,
          "std": 0.14456838404079297
        },
        "xi": {
          "bias": -0.046820398569107094,
          "call_true": 0.15,
          "n_valid": 100,
          "nbias": -0.312135990460714,
          "nrmse": 0.3161876209032193,
          "nstd": 0.05045527793548512,
          "rmse": 0.04742814313548289,
          "std": 0.007568291690322768
        }
      },
      "n_runs": 100,
      "pixel": [
        2,
        3
      ],
      "return_levels": {
        "10": {
          "bias": -6.964170875209988,
          "call_true": 138.2058255382959,
          "n_valid": 100,
          "nbias": -0.05038985041394122,
          "nrmse": 0.05053166649828059,
          "nstd": 0.003783159308577986,
          "rmse": 6.983770684220719,
          "std": 0.5228546553849093
        },
        "100": {
          "bias": -17.14345653821005,
          "call_true": 208.27524532605182,
          "n_valid": 100,
          "nbias": -0.08231154168788625,
          "nrmse": 0.08286173493573756,
          "nstd": 0.009532954501296886,
          "rmse": 17.25804817188302,
          "std": 1.9854784374396988
        }
      },
      "success_rate": 1.0,
      "t_idx": 30,
      "true_params": {
        "mu": 90.70161625786122,
        "sigma": 17.746781417195805,
        "xi": 0.15000000000000002
      },
      "true_return_levels": {
        "10": 138.20582553829593,
        "100": 208.27524532605185
      }
    },
    "local": {
      "gev_params": {
        "mu": {
          "bias": -0.44015499992664786,
          "call_true": 90.70161625786126,
          "n_valid": 100,
          "nbias": -0.004852780116677347,
          "nrmse": 0.0057803668252190445,
          "nstd": 0.0031405677469645353,
          "rmse": 0.5242886136106896,
          "std": 0.2848545706169932
        },
        "sigma": {
          "bias": 0.5092072118486926,
          "call_true": 17.7467814171958,
          "n_valid": 100,
          "nbias": 0.028692933094633975,
          "nrmse": 0.031515907226234166,
          "nstd": 0.013037177559558574,
          "rmse": 0.5593059167085993,
          "std": 0.23136794044665615
        },
        "xi": {
          "bias": -0.04055135101079944,
          "call_true": 0.15,
          "n_valid": 100,
          "nbias": -0.27034234007199626,
          "nrmse": 0.28128703356320334,
          "nstd": 0.07770080060838382,
          "rmse": 0.042193055034480495,
          "std": 0.011655120091257572
        }
      },
      "n_runs": 100,
      "pixel": [
        2,
        3
      ],
      "return_levels": {
        "10": {
          "bias": -1.3546413036767853,
          "call_true": 138.2058255382959,
          "n_valid": 100,
          "nbias": -0.009801622315127543,
          "nrmse": 0.011913778883413943,
          "nstd": 0.0067724683295290284,
          "rmse": 1.646553645862941,
          "std": 0.9359945764145231
        },
        "100": {
          "bias": -8.790897639284267,
          "call_true": 208.27524532605182,
          "n_valid": 100,
          "nbias": -0.042208077227431647,
          "nrmse": 0.04527953885737741,
          "nstd": 0.016392524390706785,
          "rmse": 9.430607063770777,
          "std": 3.4141570389877436
        }
      },
      "success_rate": 1.0,
      "t_idx": 30,
      "true_params": {
        "mu": 90.70161625786122,
        "sigma": 17.746781417195805,
        "xi": 0.15000000000000002
      },
      "true_return_levels": {
        "10": 138.20582553829593,
        "100": 208.27524532605185
      }
    },
    "pointwise": {
      "gev_params": {
        "mu": {
          "bias": 0.12881220277048952,
          "call_true": 90.70161625786125,
          "n_valid": 99,
          "nbias": 0.0014201753847944817,
          "nrmse": 0.025521711749167716,
          "nstd": 0.02548216773518355,
          "rmse": 2.314860505316759,
          "std": 2.3112737993350714
        },
        "sigma": {
          "bias": -0.08864845491500163,
          "call_true": 17.7467814171958,
          "n_valid": 99,
          "nbias": -0.00499518492007263,
          "nrmse": 0.09348880916823393,
          "nstd": 0.09335526534325068,
          "rmse": 1.659125461262578,
          "std": 1.656755488190984
        },
        "xi": {
          "bias": -0.04579513654903032,
          "call_true": 0.15,
          "n_valid": 99,
          "nbias": -0.30530091032686885,
          "nrmse": 0.598674178586338,
          "nstd": 0.5149777920062298,
          "rmse": 0.0898011267879507,
          "std": 0.07724666880093448
        }
      },
      "n_runs": 100,
      "pixel": [
        2,
        3
      ],
      "return_levels": {
        "10": {
          "bias": -2.4496397947520894,
          "call_true": 138.2058255382959,
          "n_valid": 99,
          "nbias": -0.017724576986614147,
          "nrmse": 0.045426301877055666,
          "nstd": 0.04182568914998269,
          "rmse": 6.278179552070319,
          "std": 5.780553897681504
        },
        "100": {
          "bias": -11.232699814786852,
          "call_true": 208.27524532605182,
          "n_valid": 99,
          "nbias": -0.05393199656157997,
          "nrmse": 0.11027013617354296,
          "nstd": 0.09618130108609173,
          "rmse": 22.9665396636818,
          "std": 20.032184079484608
        }
      },
      "success_rate": 0.99,
      "t_idx": 30,
      "true_params": {
        "mu": 90.70161625786122,
        "sigma": 17.746781417195805,
        "xi": 0.15000000000000002
      },
      "true_return_levels": {
        "10": 138.20582553829593,
        "100": 208.27524532605185
      }
    },
    "weighted": {
      "gev_params": {
        "mu": {
          "bias": 0.5481589038819459,
          "call_true": 90.70161625786126,
          "n_valid": 100,
          "nbias": 0.006043540639050476,
          "nrmse": 0.006987763326495804,
          "nstd": 0.003507770353267879,
          "rmse": 0.6338014277405785,
          "std": 0.31816044050280556
        },
        "sigma": {
          "bias": 0.6407266614887603,
          "call_true": 17.7467814171958,
          "n_valid": 100,
          "nbias": 0.03610382335965023,
          "nrmse": 0.038299272745674365,
          "nstd": 0.012780775863097277,
          "rmse": 0.6796888218550473,
          "std": 0.22681763558455934
        },
        "xi": {
          "bias": -0.0416417404264212,
          "call_true": 0.15,
          "n_valid": 100,
          "nbias": -0.277611602842808,
          "nrmse": 0.28826408661312697,
          "nstd": 0.07764007726649574,
          "rmse": 0.043239612991969045,
          "std": 0.01164601158997436
        }
      },
      "n_runs": 100,
      "pixel": [
        2,
        3
      ],
      "return_levels": {
        "10": {
          "bias": -0.09085300411623848,
          "call_true": 138.2058255382959,
          "n_valid": 100,
          "nbias": -0.0006573746349864516,
          "nrmse": 0.006764792018582643,