{
  "i": 5,
  "j": 4,
  "local_selector_args": {
    "include_center": true,
    "max_points": 1,
    "mode": "circle",
    "radius": null
  },
  "local_selector_points": 1,
  "location": "(5,4)",
  "location_index": 54,
  "raw_report_path": "C:\\github\\EVT_Univariate\\EVT_Classes\\SIM\\_output\\sim_results_all\\blob\\bootstrap_k100\\t_030\\runs_100\\demo_weights_k100_5c6fff0c30fb1252\\raw\\loc_054_i05_j04.json",
  "reports": {
    "full": {
      "gev_params": {
        "mu": {
          "bias": 3.65990849455379,
          "call_true": 82.36458254853702,
          "n_valid": 100,
          "nbias": 0.04443546462943614,
          "nrmse": 0.044484668461637636,
          "nstd": 0.002091700577985881,
          "rmse": 3.663961147652854,
          "std": 0.1722820449223407
        },
        "sigma": {
          "bias": 3.2126415530828365,
          "call_true": 14.637369165025609,
          "n_valid": 100,
          "nbias": 0.21948217038613002,
          "nrmse": 0.21970428220350977,
          "nstd": 0.0098766644750768,
          "rmse": 3.2158926857497385,
          "std": 0.14456838404079297
        },
        "xi": {
          "bias": 0.053179601430892946,
          "call_true": 0.04999999999999999,
          "n_valid": 100,
          "nbias": 1.063592028617859,
          "nrmse": 1.0743089029619817,
          "nstd": 0.1513658338064554,
          "rmse": 0.05371544514809907,
          "std": 0.007568291690322769
        }
      },
      "n_runs": 100,
      "pixel": [
        5,
        4
      ],
      "return_levels": {
        "10": {
          "bias": 14.012963502458716,
          "call_true": 117.22869116062726,
          "n_valid": 100,
          "nbias": 0.11953527215669492,
          "nrmse": 0.11961845178556386,
          "nstd": 0.004460125334577791,
          "rmse": 14.02271454148225,
          "std": 0.5228546553849093
        },
        "100": {
          "bias": 33.05998085654135,
          "call_true": 158.0718079313005,
          "n_valid": 100,
          "nbias": 0.2091453326763336,
          "nrmse": 0.2095221685662768,
          "nstd": 0.012560610670706103,
          "rmse": 33.119547986958075,
          "std": 1.9854784374396988
        }
      },
      "success_rate": 1.0,
      "t_idx": 30,
      "true_params": {
        "mu": 82.36458254853703,
        "sigma": 14.637369165025612,
        "xi": 0.05
      },
      "true_return_levels": {
        "10": 117.22869116062722,
        "100": 158.07180793130044
      }
    },
    "local": {
      "gev_params": {
        "mu": {
          "bias": -0.015923780364912914,
          "call_true": 82.36458254853702,
          "n_valid": 97,
          "nbias": -0.000193332860705378,
          "nrmse": 0.021170878453267244,
          "nstd": 0.0211699956752,
          "rmse": 1.7437305659891735,
          "std": 1.743657856342182
        },
        "sigma": {
          "bias": -0.05430567601358544,
          "call_true": 14.63736916502561,
          "n_valid": 97,
          "nbias": -0.0037100708058482876,
          "nrmse": 0.08310594829645397,
          "nstd": 0.08302309327451293,
          "rmse": 1.216452445024728,
          "std": 1.2152396654814008
        },
        "xi": {
          "bias": 0.051219348251800405,
          "call_true": 0.049999999999999996,
          "n_valid": 97,
          "nbias": 1.0243869650360082,
          "nrmse": 1.9589803770797796,
          "nstd": 1.6698010251667565,
          "rmse": 0.09794901885398898,
          "std": 0.08349005125833782
        }
      },
      "n_runs": 100,
      "pixel": [
        5,
        4
      ],
      "return_levels": {
        "10": {
          "bias": 2.1543374793333134,
          "call_true": 117.22869116062724,
          "n_valid": 97,
          "nbias": 0.01837722026923794,
          "nrmse": 0.04325782914101048,
          "nstd": 0.03916015267039654,
          "rmse": 5.071058692650698,
          "std": 4.590693443200928
        },
        "100": {
          "bias": 11.75063332708088,
          "call_true": 158.0718079313005,
          "n_valid": 97,
          "nbias": 0.07433731214226269,
          "nrmse": 0.13360394452135343,
          "nstd": 0.11101341367208148,
          "rmse": 21.119017057243507,
          "std": 17.548091003771273
        }
      },
      "success_rate": 0.97,
      "t_idx": 30,
      "true_params": {
        "mu": 82.36458254853703,
        "sigma": 14.637369165025612,
        "xi": 0.05
      },
      "true_return_levels": {
        "10": 117.22869116062722,
        "100": 158.07180793130044
      }
    },
    "pointwise": {
      "gev_params": {
        "mu": {
          "bias": -0.015923780364912914,
          "call_true": 82.36458254853702,
          "n_valid": 97,
          "nbias": -0.000193332860705378,
          "nrmse": 0.021170878453267244,
          "nstd": 0.0211699956752,
          "rmse": 1.7437305659891735,
          "std": 1.743657856342182
        },
        "sigma": {
          "bias": -0.05430567601358544,
          "call_true": 14.63736916502561,
          "n_valid": 97,
          "nbias": -0.0037100708058482876,
          "nrmse": 0.08310594829645397,
          "nstd": 0.08302309327451293,
          "rmse": 1.216452445024728,
          "std": 1.2152396654814008
        },
        "xi": {
          "bias": 0.051219348251800405,
          "call_true": 0.049999999999999996,
          "n_valid": 97,
          "nbias": 1.0243869650360082,
          "nrmse": 1.9589803770797796,
          "nstd": 1.6698010251667565,
          "rmse": 0.09794901885398898,
          "std": 0.08349005125833782
        }
      },
      "n_runs": 100,
      "pixel": [
        5,
        4
      ],
      "return_levels": {
        "10": {
          "bias": 2.1543374793333134,
          "call_true": 117.22869116062724,
          "n_valid": 97,
          "nbias": 0.01837722026923794,
          "nrmse": 0.04325782914101048,
          "nstd": 0.03916015267039654,
          "rmse": 5.071058692650698,
          "std": 4.590693443200928
        },
        "100": {
          "bias": 11.75063332708088,
          "call_true": 158.0718079313005,
          "n_valid": 97,
          "nbias": 0.07433731214226269,
          "nrmse": 0.13360394452135343,
          "nstd": 0.11101341367208148,
          "rmse": 21.119017057243507,
          "std": 17.548091003771273
        }
      },
      "success_rate": 0.97,
      "t_idx": 30,
      "true_params": {
        "mu": 82.36458254853703,
        "sigma": 14.637369165025612,
        "xi": 0.05
      },
      "true_return_levels": {
        "10": 117.22869116062722,
        "100": 158.07180793130044
      }
    },
    "weighted": {
      "gev_params": {
        "mu": {
          "bias": 0.7079052536794714,
          "call_true": 82.36458254853703,
          "n_valid": 99,
          "nbias": 0.00859477741251595,
          "nrmse": 0.0196014923608539,
          "nstd": 0.017616705253875355,
          "rmse": 1.614468735630069,
          "std": 1.4509925741160625
        },
        "sigma": {
          "bias": 0.34885988267664825,
          "call_true": 14.637369165025609,
          "n_valid": 99,
          "nbias": 0.023833509884427232,
          "nrmse": 0.07415399024445501,
          "nstd": 0.0702194992560018,
          "rmse": 1.0854193302677957,
          "std": 1.0278287331933393
        },
        "xi": {
          "bias": 0.054195406255923735,
          "call_true": 0.049999999999999996,
          "n_valid": 99,
          "nbias": 1.0839081251184748,
          "nrmse": 1.6097094140020247,
          "nstd": 1.1900872126986723,
          "rmse": 0.08048547070010123,
          "std": 0.05950436063493361
        }
      },
      "n_runs": 100,
      "pixel": [
        5,
        4
      ],
      "return_levels": {
        "10": {
          "bias": 3.944499563138758,
          "call_true": 117.22869116062725,
          "n_valid": 99,
          "nbias": 0.03364790243826904,
          "nrmse": 0.046282418616281615,
          "nstd": 0.031778623860662346,