{
  "i": 2,
  "j": 4,
  "local_selector_args": {
    "include_center": true,
    "max_points": 14,
    "mode": "circle",
    "radius": null
  },
  "local_selector_points": 14,
  "location": "(2,4)",
  "location_index": 24,
  "raw_report_path": "C:\\github\\EVT_Univariate\\EVT_Classes\\SIM\\_output\\sim_results_all\\blob\\bootstrap_k100\\t_030\\runs_100\\demo_weights_k100_5c6fff0c30fb1252\\raw\\loc_024_i02_j04.json",
  "reports": {
    "full": {
      "gev_params": {
        "mu": {
          "bias": -5.914003424001521,
          "call_true": 91.93849446709237,
          "n_valid": 100,
          "nbias": -0.06432565008031893,
          "nrmse": 0.06435293853683227,
          "nstd": 0.00187388368627252,
          "rmse": 5.916512283609689,
          "std": 0.17228204492234073
        },
        "sigma": {
          "bias": -0.4112538395275691,
          "call_true": 18.26126455763602,
          "n_valid": 100,
          "nbias": -0.022520556461441858,
          "nrmse": 0.023871512495059304,
          "nstd": 0.007916668836624521,
          "rmse": 0.4359240050631919,
          "std": 0.14456838404079297
        },
        "xi": {
          "bias": 0.053179601430892946,
          "call_true": 0.04999999999999999,
          "n_valid": 100,
          "nbias": 1.063592028617859,
          "nrmse": 1.0743089029619817,
          "nstd": 0.1513658338064554,
          "rmse": 0.05371544514809907,
          "std": 0.007568291690322769
        }
      },
      "n_runs": 100,
      "pixel": [
        2,
        4
      ],
      "return_levels": {
        "10": {
          "bias": -4.192546153530686,
          "call_true": 135.4342008166166,
          "n_valid": 100,
          "nbias": -0.030956332508710733,
          "nrmse": 0.031196131256387722,
          "nstd": 0.0038605806526881324,
          "rmse": 4.225023105279145,
          "std": 0.5228546553849093
        },
        "100": {
          "bias": 4.7426006166803605,
          "call_true": 186.38918817116144,
          "n_valid": 100,
          "nbias": 0.02544461222893049,
          "nrmse": 0.02758442215291947,
          "nstd": 0.010652326226220973,
          "rmse": 5.141438051253261,
          "std": 1.9854784374396988
        }
      },
      "success_rate": 1.0,
      "t_idx": 30,
      "true_params": {
        "mu": 91.93849446709234,
        "sigma": 18.261264557636018,
        "xi": 0.05
      },
      "true_return_levels": {
        "10": 135.43420081661662,
        "100": 186.38918817116144
      }
    },
    "local": {
      "gev_params": {
        "mu": {
          "bias": -2.3427626555689027,
          "call_true": 91.93849446709237,
          "n_valid": 100,
          "nbias": -0.02548184706687197,
          "nrmse": 0.026118453942304543,
          "nstd": 0.005731413996286773,
          "rmse": 2.4012913332635732,
          "std": 0.5269375739862272
        },
        "sigma": {
          "bias": -0.2653281474237301,
          "call_true": 18.26126455763602,
          "n_valid": 100,
          "nbias": -0.014529560457672801,
          "nrmse": 0.025954987378872918,
          "nstd": 0.021507051000643568,
          "rmse": 0.4739708911157023,
          "std": 0.3927459481773227
        },
        "xi": {
          "bias": 0.056203649416565894,
          "call_true": 0.04999999999999999,
          "n_valid": 100,
          "nbias": 1.124072988331318,
          "nrmse": 1.1841446532540798,
          "nstd": 0.3723687375896705,
          "rmse": 0.059207232662703974,
          "std": 0.01861843687948352
        }
      },
      "n_runs": 100,
      "pixel": [
        2,
        4
      ],
      "return_levels": {
        "10": {
          "bias": -0.08057319210490504,
          "call_true": 135.4342008166166,
          "n_valid": 100,
          "nbias": -0.0005949250013591798,
          "nrmse": 0.010638998968020074,
          "nstd": 0.010622352059891914,
          "rmse": 1.4408843227226074,
          "std": 1.4386297620242023
        },
        "100": {
          "bias": 10.082689270244813,
          "call_true": 186.38918817116144,
          "n_valid": 100,
          "nbias": 0.05409481831631707,
          "nrmse": 0.0605749510853279,
          "nstd": 0.027259408106459587,
          "rmse": 11.290515956302082,
          "std": 5.0808589469893795
        }
      },
      "success_rate": 1.0,
      "t_idx": 30,
      "true_params": {
        "mu": 91.93849446709234,
        "sigma": 18.261264557636018,
        "xi": 0.05
      },
      "true_return_levels": {
        "10": 135.43420081661662,
        "100": 186.38918817116144
      }
    },
    "pointwise": {
      "gev_params": {
        "mu": {
          "bias": 0.21491747520662594,
          "call_true": 91.93849446709237,
          "n_valid": 99,
          "nbias": 0.0023376223033927486,
          "nrmse": 0.023255205353050656,
          "nstd": 0.02313741770334876,
          "rmse": 2.1380485686825446,
          "std": 2.127219349502135
        },
        "sigma": {
          "bias": -0.14469783135416864,
          "call_true": 18.26126455763602,
          "n_valid": 99,
          "nbias": -0.00792375746474045,
          "nrmse": 0.08364621566291772,
          "nstd": 0.08327006342238075,
          "rmse": 1.5274856734656184,
          "std": 1.520616657887225
        },
        "xi": {
          "bias": 0.06061435162249689,
          "call_true": 0.049999999999999996,
          "n_valid": 99,
          "nbias": 1.212287032449938,
          "nrmse": 2.0763539426648414,
          "nstd": 1.6857063345000383,
          "rmse": 0.10381769713324207,
          "std": 0.0842853167250019
        }
      },
      "n_runs": 100,
      "pixel": [
        2,
        4
      ],
      "return_levels": {
        "10": {
          "bias": 3.230522666382311,
          "call_true": 135.4342008166166,
          "n_valid": 99,
          "nbias": 0.023853078815421,
          "nrmse": 0.048537544531300915,
          "nstd": 0.042272022191436893,
          "rmse": 6.5736435531976785,
          "std": 5.7250775423995375
        },
        "100": {
          "bias": 17.071185061901613,
          "call_true": 186.38918817116144,
          "n_valid": 99,
          "nbias": 0.091588923313648,
          "nrmse": 0.15131292182657408,
          "nstd": 0.12044529645420622,
          "rmse": 28.203092659061557,
          "std": 22.449701025134367
        }
      },
      "success_rate": 0.99,
      "t_idx": 30,
      "true_params": {
        "mu": 91.93849446709234,
        "sigma": 18.261264557636018,
        "xi": 0.05
      },
      "true_return_levels": {
        "10": 135.43420081661662,
        "100": 186.38918817116144
      }
    },
    "weighted": {
      "gev_params": {
        "mu": {
          "bias": 2.220767770456488,
          "call_true": 91.93849446709237,
          "n_valid": 100,
          "nbias": 0.024154928611011456,
          "nrmse": 0.024915187131643958,
          "nstd": 0.006107861622677522,
          "rmse": 2.290664794249219,
          "std": 0.5615476020023032
        },
        "sigma": {
          "bias": 1.178062209470811,
          "call_true": 18.26126455763602,
          "n_valid": 100,
          "nbias": 0.06451153509947917,
          "nrmse": 0.06885716581563606,
          "nstd": 0.024074283442517372,
          "rmse": 1.2574189216483413,
          "std": 0.4396268589793262
        },
        "xi": {
          "bias": 0.057333888821303844,
          "call_true": 0.04999999999999999,
          "n_valid": 100,
          "nbias": 1.1466777764260772,
          "nrmse": 1.209319568337456,
          "nstd": 0.38416649439330164,
          "rmse": 0.06046597841687278,
          "std": 0.019208324719665076
        }
      },
      "n_runs": 100,
      "pixel": [
        2,
        4
      ],
      "return_levels": {
        "10": {
          "bias": 8.221040272250566,
          "call_true": 135.4342008166166,
          "n_valid": 100,
          "nbias": 0.06070136068054322,
          "nrmse": 0.06195220699158918,