{
  "i": 0,
  "j": 0,
  "local_selector_args": {
    "include_center": true,
    "max_points": 18,
    "mode": "circle",
    "radius": null
  },
  "local_selector_points": 18,
  "location": "(0,0)",
  "location_index": 0,
  "raw_report_path": "C:\\github\\EVT_Univariate\\EVT_Univariate\\EVT_Classes\\SIM\\_output\\sim_results_all\\blob\\bootstrap_k100\\t_030\\runs_100\\demo_weights_k100_5c6fff0c30fb1252\\raw\\loc_000_i00_j00.json",
  "reports": {
    "full": {
      "gev_params": {
        "mu": {
          "bias": -7.217842263137731,
          "call_true": 93.24233361140433,
          "n_valid": 100,
          "nbias": -0.0774094982780968,
          "nrmse": 0.07743154631683667,
          "nstd": 0.0018476854033490037,
          "rmse": 7.219898073721391,
          "std": 0.17228249878798998
        },
        "sigma": {
          "bias": -0.9697448986004911,
          "call_true": 18.81975670389764,
          "n_valid": 100,
          "nbias": -0.05152802524804444,
          "nrmse": 0.052097473549721704,
          "nstd": 0.007681755287748218,
          "rmse": 0.980461777093505,
          "std": 0.14456876557430065
        },
        "xi": {
          "bias": 0.05317958064377308,
          "call_true": 0.04999999999999999,
          "n_valid": 100,
          "nbias": 1.063591612875462,
          "nrmse": 1.074308515611656,
          "nstd": 0.15136600588207905,
          "rmse": 0.05371542578058279,
          "std": 0.00756830029410395
        }
      },
      "n_runs": 100,
      "pixel": [
        0,
        0
      ],
      "return_levels": {
        "10": {
          "bias": -6.826631452388356,
          "call_true": 138.06828794652895,
          "n_valid": 100,
          "nbias": -0.049443877040267,
          "nrmse": 0.04958868658183407,
          "nstd": 0.0037869328140760867,
          "rmse": 6.846625057870843,
          "std": 0.5228553302080163
        },
        "100": {
          "bias": 0.5501378329629483,
          "call_true": 190.58165370146094,
          "n_valid": 100,
          "nbias": 0.0028866253507523797,
          "nrmse": 0.01081053024446472,
          "nstd": 0.010418011242597126,
          "rmse": 2.060288731379745,
          "std": 1.9854818108945722
        }
      },
      "success_rate": 1.0,
      "t_idx": 30,
      "true_params": {
        "mu": 93.24233361140433,
        "sigma": 18.819756703897642,
        "xi": 0.05
      },
      "true_return_levels": {
        "10": 138.06828794652898,
        "100": 190.58165370146088
      }
    },
    "local": {
      "gev_params": {
        "mu": {
          "bias": -2.222207116043005,
          "call_true": 93.24233361140433,
          "n_valid": 100,
          "nbias": -0.023832598670301942,
          "nrmse": 0.02432803714888701,
          "nstd": 0.0048847346026112785,
          "rmse": 2.2684029559471606,
          "std": 0.4554640534198514
        },
        "sigma": {
          "bias": -0.059972302996979074,
          "call_true": 18.81975670389764,
          "n_valid": 100,
          "nbias": -0.0031866672848410733,
          "nrmse": 0.019452329051135562,
          "nstd": 0.019189535094143794,
          "rmse": 0.3660881000665313,
          "std": 0.3611423817326917
        },
        "xi": {
          "bias": 0.059876109026372436,
          "call_true": 0.04999999999999999,
          "n_valid": 100,
          "nbias": 1.197522180527449,
          "nrmse": 1.2508797853771814,
          "nstd": 0.36144275426413935,
          "rmse": 0.06254398926885905,
          "std": 0.018072137713206964
        }
      },
      "n_runs": 100,
      "pixel": [
        0,
        0
      ],
      "return_levels": {
        "10": {
          "bias": 0.8604316884807827,
          "call_true": 138.06828794652895,
          "n_valid": 100,
          "nbias": 0.0062319284267073,
          "nrmse": 0.012923862306343811,
          "nstd": 0.011322070702735072,
          "rmse": 1.784375542293569,
          "std": 1.5632189179361853
        },
        "100": {
          "bias": 12.885235031449275,
          "call_true": 190.58165370146094,
          "n_valid": 100,
          "nbias": 0.06761004945226005,
          "nrmse": 0.07377363482340564,
          "nstd": 0.02952000013753656,
          "rmse": 14.059901324212333,
          "std": 5.625970443479072
        }
      },
      "success_rate": 1.0,
      "t_idx": 30,
      "true_params": {
        "mu": 93.24233361140433,
        "sigma": 18.819756703897642,
        "xi": 0.05
      },
      "true_return_levels": {
        "10": 138.06828794652898,
        "100": 190.58165370146088
      }
    },
    "pointwise": {
      "gev_params": {
        "mu": {
          "bias": 0.04430906043120919,
          "call_true": 93.24233361140433,
          "n_valid": 99,
          "nbias": 0.0004752032549493143,
          "nrmse": 0.019990915282636516,
          "nstd": 0.019985266465675052,
          "rmse": 1.8639995919809154,
          "std": 1.8634728831052847
        },
        "sigma": {
          "bias": -0.026736488196477514,
          "call_true": 18.81975670389764,
          "n_valid": 99,
          "nbias": -0.0014206606715027454,
          "nrmse": 0.08746290464667947,
          "nstd": 0.08745136598413195,
          "rmse": 1.646030586066706,
          "std": 1.6458134312448731
        },
        "xi": {
          "bias": 0.06053633728450296,
          "call_true": 0.049999999999999996,
          "n_valid": 99,
          "nbias": 1.2107267456900592,
          "nrmse": 1.9661203696963065,
          "nstd": 1.549119122406505,
          "rmse": 0.09830601848481532,
          "std": 0.07745595612032524
        }
      },
      "n_runs": 100,
      "pixel": [
        0,
        0
      ],
      "return_levels": {
        "10": {
          "bias": 3.4118237632198727,
          "call_true": 138.06828794652895,
          "n_valid": 99,
          "nbias": 0.0247111325414653,
          "nrmse": 0.05063493788643064,
          "nstd": 0.044195665661700634,
          "rmse": 6.991079184258314,
          "std": 6.102019892568205
        },
        "100": {
          "bias": 17.630578329542512,
          "call_true": 190.5816537014609,
          "n_valid": 99,
          "nbias": 0.09250931549350579,
          "nrmse": 0.1474718070434962,
          "nstd": 0.11484755295432804,
          "rmse": 28.105420860692256,
          "std": 21.88783656560194
        }
      },
      "success_rate": 0.99,
      "t_idx": 30,
      "true_params": {
        "mu": 93.24233361140433,
        "sigma": 18.819756703897642,
        "xi": 0.05
      },
      "true_return_levels": {
        "10": 138.06828794652898,
        "100": 190.58165370146088
      }
    },
    "weighted": {
      "gev_params": {
        "mu": {
          "bias": -0.4375878991240603,
          "call_true": 93.24233361140433,
          "n_valid": 100,
          "nbias": -0.004693017454365166,
          "nrmse": 0.006432429078094818,
          "nstd": 0.004399060242568137,
          "rmse": 0.599774698031415,
          "std": 0.4101786427142035
        },
        "sigma": {
          "bias": 0.13937744236542454,
          "call_true": 18.81975670389764,
          "n_valid": 100,
          "nbias": 0.0074059109561474285,
          "nrmse": 0.02109197699523296,
          "nstd": 0.0197490246968566,
          "rmse": 0.3969458754544903,
          "std": 0.3716718399341071
        },
        "xi": {
          "bias": 0.05949980266392231,
          "call_true": 0.04999999999999999,
          "n_valid": 100,
          "nbias": 1.1899960532784464,
          "nrmse": 1.23228669638965,
          "nstd": 0.32006233030558107,
          "rmse": 0.06161433481948249,
          "std": 0.01600311651527905
        }
      },
      "n_runs": 100,
      "pixel": [
        0,
        0
      ],
      "return_levels": {
        "10": {
          "bias": 3.128589800053048,
          "call_true": 138.06828794652895,
          "n_valid": 100,
          "nbias": 0.022659727636115016,
          "nrmse": 0.02507178031464404,