{
  "i": 5,
  "j": 9,
  "local_selector_args": {
    "include_center": true,
    "max_points": 6,
    "mode": "circle",
    "radius": null
  },
  "local_selector_points": 6,
  "location": "(5,9)",
  "location_index": 59,
  "raw_report_path": "C:\\github\\EVT_Univariate\\EVT_Classes\\SIM\\_output\\sim_results_all\\blob\\bootstrap_k100\\t_030\\runs_100\\demo_weights_k100_5c6fff0c30fb1252\\raw\\loc_059_i05_j09.json",
  "reports": {
    "full": {
      "gev_params": {
        "mu": {
          "bias": 0.6369679361555722,
          "call_true": 85.38752310693529,
          "n_valid": 100,
          "nbias": 0.007459730801160068,
          "nrmse": 0.007727773990239668,
          "nstd": 0.0020176489333995884,
          "rmse": 0.6598554801567632,
          "std": 0.1722820449223407
        },
        "sigma": {
          "bias": 2.1537494525430962,
          "call_true": 15.696261265565354,
          "n_valid": 100,
          "nbias": 0.13721416941931372,
          "nrmse": 0.13752294069318857,
          "nstd": 0.009210370647814638,
          "rmse": 2.158596007129137,
          "std": 0.14456838404079297
        },
        "xi": {
          "bias": -0.046820398569107094,
          "call_true": 0.15,
          "n_valid": 100,
          "nbias": -0.312135990460714,
          "nrmse": 0.3161876209032193,
          "nstd": 0.05045527793548512,
          "rmse": 0.04742814313548289,
          "std": 0.007568291690322768
        }
      },
      "n_runs": 100,
      "pixel": [
        5,
        9
      ],
      "return_levels": {
        "10": {
          "bias": 3.8387112638092002,
          "call_true": 127.4029433992767,
          "n_valid": 100,
          "nbias": 0.030130475492852655,
          "nrmse": 0.03040868160382238,
          "nstd": 0.0041039448652791305,
          "rmse": 3.874155541218409,
          "std": 0.5228546553849093
        },
        "100": {
          "bias": 1.7554715209233769,
          "call_true": 189.37631726691836,
          "n_valid": 100,
          "nbias": 0.009269752132993006,
          "nrmse": 0.013994602027205132,
          "nstd": 0.010484301659754246,
          "rmse": 2.650246193528258,
          "std": 1.9854784374396988
        }
      },
      "success_rate": 1.0,
      "t_idx": 30,
      "true_params": {
        "mu": 85.38752310693525,
        "sigma": 15.696261265565353,
        "xi": 0.15000000000000002
      },
      "true_return_levels": {
        "10": 127.40294339927674,
        "100": 189.37631726691842
      }
    },
    "local": {
      "gev_params": {
        "mu": {
          "bias": -4.898421315553412,
          "call_true": 85.38752310693529,
          "n_valid": 100,
          "nbias": -0.05736694469306553,
          "nrmse": 0.0578748702272001,
          "nstd": 0.007650768614852617,
          "rmse": 4.94179181883593,
          "std": 0.6532801818865431
        },
        "sigma": {
          "bias": 0.44540638379933817,
          "call_true": 15.696261265565354,
          "n_valid": 100,
          "nbias": 0.028376590849470376,
          "nrmse": 0.04435895875374052,
          "nstd": 0.03409525353297445,
          "rmse": 0.6962698060671485,
          "std": 0.5351680073692572
        },
        "xi": {
          "bias": -0.047858342975378075,
          "call_true": 0.15,
          "n_valid": 100,
          "nbias": -0.31905561983585384,
          "nrmse": 0.3779200976930979,
          "nstd": 0.20255150379969986,
          "rmse": 0.05668801465396469,
          "std": 0.03038272556995498
        }
      },
      "n_runs": 100,
      "pixel": [
        5,
        9
      ],
      "return_levels": {
        "10": {
          "bias": -6.054545114364628,
          "call_true": 127.4029433992767,
          "n_valid": 100,
          "nbias": -0.04752280404848952,
          "nrmse": 0.04989523883290309,
          "nstd": 0.015202564045624308,
          "rmse": 6.356800288921745,
          "std": 1.9368514066285527
        },
        "100": {
          "bias": -13.819602636791469,
          "call_true": 189.37631726691836,
          "n_valid": 100,
          "nbias": -0.07297429180288309,
          "nrmse": 0.08193775359739348,
          "nstd": 0.03726322852967577,
          "rmse": 15.51707002139857,
          "std": 7.056772988425562
        }
      },
      "success_rate": 1.0,
      "t_idx": 30,
      "true_params": {
        "mu": 85.38752310693525,
        "sigma": 15.696261265565353,
        "xi": 0.15000000000000002
      },
      "true_return_levels": {
        "10": 127.40294339927674,
        "100": 189.37631726691842
      }
    },
    "pointwise": {
      "gev_params": {
        "mu": {
          "bias": 0.11663853114766916,
          "call_true": 85.38752310693528,
          "n_valid": 97,
          "nbias": 0.0013659903332902232,
          "nrmse": 0.02292373555839983,
          "nstd": 0.022883000728942924,
          "rmse": 1.9574009996901394,
          "std": 1.9539227534986308
        },
        "sigma": {
          "bias": -0.0293951705387222,
          "call_true": 15.69626126556535,
          "n_valid": 97,
          "nbias": -0.0018727498250306067,
          "nrmse": 0.09210352944443069,
          "nstd": 0.0920844880759727,
          "rmse": 1.4456810616404752,
          "std": 1.4453821833463047
        },
        "xi": {
          "bias": -0.057928173857520256,
          "call_true": 0.15,
          "n_valid": 97,
          "nbias": -0.3861878257168017,
          "nrmse": 0.6448083335219319,
          "nstd": 0.5163688122335239,
          "rmse": 0.09672125002828978,
          "std": 0.07745532183502858
        }
      },
      "n_runs": 100,
      "pixel": [
        5,
        9
      ],
      "return_levels": {
        "10": {
          "bias": -2.550699838171107,
          "call_true": 127.40294339927671,
          "n_valid": 97,
          "nbias": -0.020020729271358326,
          "nrmse": 0.04626472117498456,
          "nstd": 0.04170845028099271,
          "rmse": 5.894261653239877,
          "std": 5.313779330420861
        },
        "100": {
          "bias": -12.196609946223349,
          "call_true": 189.37631726691842,
          "n_valid": 97,
          "nbias": -0.06440409298398549,
          "nrmse": 0.11697890218312335,
          "nstd": 0.09765334793481939,
          "rmse": 22.153033693366982,
          "std": 18.49323140068113
        }
      },
      "success_rate": 0.97,
      "t_idx": 30,
      "true_params": {
        "mu": 85.38752310693525,
        "sigma": 15.696261265565353,
        "xi": 0.15000000000000002
      },
      "true_return_levels": {
        "10": 127.40294339927674,
        "100": 189.37631726691842
      }
    },
    "weighted": {
      "gev_params": {
        "mu": {
          "bias": 0.8227031809065488,
          "call_true": 85.38752310693529,
          "n_valid": 100,
          "nbias": 0.009634934367123336,
          "nrmse": 0.013009729998539847,
          "nstd": 0.008741917088152534,
          "rmse": 1.1108686208653105,
          "std": 0.746450647363537
        },
        "sigma": {
          "bias": 0.6359307443800423,
          "call_true": 15.696261265565354,
          "n_valid": 100,
          "nbias": 0.04051479098243317,
          "nrmse": 0.05446054803081206,
          "nstd": 0.03639372203369889,
          "rmse": 0.8548269905574969,
          "std": 0.5712453694673002
        },
        "xi": {
          "bias": -0.04953150775283579,
          "call_true": 0.15,
          "n_valid": 100,
          "nbias": -0.33021005168557194,
          "nrmse": 0.3719145371974991,
          "nstd": 0.1711190952075248,
          "rmse": 0.05578718057962487,
          "std": 0.02566786428112872
        }
      },
      "n_runs": 100,
      "pixel": [
        5,
        9
      ],
      "return_levels": {
        "10": {
          "bias": 0.06376657691955245,
          "call_true": 127.4029433992767,
          "n_valid": 100,
          "nbias": 0.0005005110181772651,
          "nrmse": 0.015332338824898479,