{
  "i": 1,
  "j": 3,
  "local_selector_args": {
    "include_center": true,
    "max_points": 32,
    "mode": "circle",
    "radius": null
  },
  "local_selector_points": 32,
  "location": "(1,3)",
  "location_index": 13,
  "raw_report_path": "C:\\github\\EVT_Univariate\\EVT_Univariate\\EVT_Classes\\SIM\\_output\\sim_results_all\\blob\\bootstrap_k100\\t_030\\runs_100\\demo_weights_k100_5c6fff0c30fb1252\\raw\\loc_013_i01_j03.json",
  "reports": {
    "full": {
      "gev_params": {
        "mu": {
          "bias": -4.196000712935692,
          "call_true": 90.2204920612023,
          "n_valid": 100,
          "nbias": -0.04650828893827445,
          "nrmse": 0.046547474733436185,
          "nstd": 0.0019095717042988396,
          "rmse": 4.199536074656994,
          "std": 0.17228249878798998
        },
        "sigma": {
          "bias": 0.29941699743179223,
          "call_true": 17.550594807865362,
          "n_valid": 100,
          "nbias": 0.017060219366332098,
          "nrmse": 0.01894474842811914,
          "nstd": 0.008237257321302389,
          "rmse": 0.3324916033988633,
          "std": 0.14456876557430065
        },
        "xi": {
          "bias": 0.05317958064377308,
          "call_true": 0.04999999999999999,
          "n_valid": 100,
          "nbias": 1.063591612875462,
          "nrmse": 1.074308515611656,
          "nstd": 0.15136600588207905,
          "rmse": 0.05371542578058279,
          "std": 0.00756830029410395
        }
      },
      "n_runs": 100,
      "pixel": [
        1,
        3
      ],
      "return_levels": {
        "10": {
          "bias": -0.7818287613740893,
          "call_true": 132.02348525551474,
          "n_valid": 100,
          "nbias": -0.005921891547257359,
          "nrmse": 0.0071241096892355575,
          "nstd": 0.003960320614139947,
          "rmse": 0.9405497905154604,
          "std": 0.5228553302080163
        },
        "100": {
          "bias": 10.13632333233008,
          "call_true": 180.99546820209372,
          "n_valid": 100,
          "nbias": 0.05600318854951765,
          "nrmse": 0.05706744574485367,
          "nstd": 0.010969787424056646,
          "rmse": 10.328949061687371,
          "std": 1.9854818108945722
        }
      },
      "success_rate": 1.0,
      "t_idx": 30,
      "true_params": {
        "mu": 90.2204920612023,
        "sigma": 17.55059480786536,
        "xi": 0.05
      },
      "true_return_levels": {
        "10": 132.02348525551471,
        "100": 180.99546820209375
      }
    },
    "local": {
      "gev_params": {
        "mu": {
          "bias": 0.6272496380164568,
          "call_true": 90.2204920612023,
          "n_valid": 100,
          "nbias": 0.006952407636958503,
          "nrmse": 0.007793679950350753,
          "nstd": 0.003522140715255483,
          "rmse": 0.7031496400881716,
          "std": 0.31776926843914466
        },
        "sigma": {
          "bias": 0.9181311693548406,
          "call_true": 17.550594807865362,
          "n_valid": 100,
          "nbias": 0.052313393329744974,
          "nrmse": 0.05414392015732054,
          "nstd": 0.013959690839330782,
          "rmse": 0.9502580039905466,
          "std": 0.2450008775641645
        },
        "xi": {
          "bias": 0.05878785468637943,
          "call_true": 0.04999999999999999,
          "n_valid": 100,
          "nbias": 1.175757093727589,
          "nrmse": 1.200765254147815,
          "nstd": 0.24378771937470708,
          "rmse": 0.060038262707390745,
          "std": 0.012189385968735351
        }
      },
      "n_runs": 100,
      "pixel": [
        1,
        3
      ],
      "return_levels": {
        "10": {
          "bias": 5.921436161721613,
          "call_true": 132.02348525551474,
          "n_valid": 100,
          "nbias": 0.04485138496579925,
          "nrmse": 0.045507420168663514,
          "nstd": 0.007699256915895117,
          "rmse": 6.008048215654061,
          "std": 1.016482731914099
        },
        "100": {
          "bias": 20.17412942363868,
          "call_true": 180.99546820209372,
          "n_valid": 100,
          "nbias": 0.11146206932160807,
          "nrmse": 0.11330719059377527,
          "nstd": 0.020364835938429696,
          "rmse": 20.508088012184224,
          "std": 3.6859430155349076
        }
      },
      "success_rate": 1.0,
      "t_idx": 30,
      "true_params": {
        "mu": 90.2204920612023,
        "sigma": 17.55059480786536,
        "xi": 0.05
      },
      "true_return_levels": {
        "10": 132.02348525551471,
        "100": 180.99546820209375
      }
    },
    "pointwise": {
      "gev_params": {
        "mu": {
          "bias": -0.02797931303460629,
          "call_true": 90.22049206120231,
          "n_valid": 97,
          "nbias": -0.0003101214856556772,
          "nrmse": 0.023083566552719398,
          "nstd": 0.02308148325948661,
          "rmse": 2.0826107329138557,
          "std": 2.0824227771732855
        },
        "sigma": {
          "bias": -0.202933327327781,
          "call_true": 17.550594807865362,
          "n_valid": 97,
          "nbias": -0.011562760667053614,
          "nrmse": 0.0935145559494313,
          "nstd": 0.09279695436907266,
          "rmse": 1.6412360801059238,
          "std": 1.6286417455355655
        },
        "xi": {
          "bias": 0.0449834448779866,
          "call_true": 0.049999999999999996,
          "n_valid": 97,
          "nbias": 0.899668897559732,
          "nrmse": 1.8625414562365277,
          "nstd": 1.6308453485733534,
          "rmse": 0.09312707281182638,
          "std": 0.08154226742866766
        }
      },
      "n_runs": 100,
      "pixel": [
        1,
        3
      ],
      "return_levels": {
        "10": {
          "bias": 1.8659544354586266,
          "call_true": 132.02348525551471,
          "n_valid": 97,
          "nbias": 0.014133503837194635,
          "nrmse": 0.04513051985332396,
          "nstd": 0.042860330044404385,
          "rmse": 5.95828852242903,
          "std": 5.658570151663916
        },
        "100": {
          "bias": 11.497118228721332,
          "call_true": 180.99546820209372,
          "n_valid": 97,
          "nbias": 0.06352158063915733,
          "nrmse": 0.13075761267070082,
          "nstd": 0.11429156602498738,
          "rmse": 23.666535326321515,
          "std": 20.6862555042431
        }
      },
      "success_rate": 0.97,
      "t_idx": 30,
      "true_params": {
        "mu": 90.2204920612023,
        "sigma": 17.55059480786536,
        "xi": 0.05
      },
      "true_return_levels": {
        "10": 132.02348525551471,
        "100": 180.99546820209375
      }
    },
    "weighted": {
      "gev_params": {
        "mu": {
          "bias": -1.5148204456017071,
          "call_true": 90.2204920612023,
          "n_valid": 100,
          "nbias": -0.016790203766280817,
          "nrmse": 0.01711132521840796,
          "nstd": 0.0032994708995373284,
          "rmse": 1.5437921810240258,
          "std": 0.29767988809787554
        },
        "sigma": {
          "bias": -0.19109379780114433,
          "call_true": 17.550594807865362,
          "n_valid": 100,
          "nbias": -0.010888166463481053,
          "nrmse": 0.01702432974668446,
          "nstd": 0.013087231731247513,
          "rmse": 0.2987871132595481,
          "std": 0.22968870127176344
        },
        "xi": {
          "bias": 0.05544246986508369,
          "call_true": 0.04999999999999999,
          "n_valid": 100,
          "nbias": 1.1088493973016742,
          "nrmse": 1.136210745417298,
          "nstd": 0.2478464688177875,
          "rmse": 0.056810537270864894,
          "std": 0.012392323440889372
        }
      },
      "n_runs": 100,
      "pixel": [
        1,
        3
      ],
      "return_levels": {
        "10": {
          "bias": 0.7769763228544264,
          "call_true": 132.02348525551474,
          "n_valid": 100,
          "nbias": 0.005885137188665237,
          "nrmse": 0.009046631907286285,