{
  "i": 4,
  "j": 7,
  "local_selector_args": {
    "include_center": true,
    "max_points": 15,
    "mode": "circle",
    "radius": null
  },
  "local_selector_points": 15,
  "location": "(4,7)",
  "location_index": 47,
  "raw_report_path": "C:\\github\\EVT_Univariate\\EVT_Classes\\SIM\\_output\\sim_results_all\\blob\\bootstrap_k100\\t_030\\runs_100\\demo_weights_k100_5c6fff0c30fb1252\\raw\\loc_047_i04_j07.json",
  "reports": {
    "full": {
      "gev_params": {
        "mu": {
          "bias": 14.900305946033978,
          "call_true": 71.12418509705682,
          "n_valid": 100,
          "nbias": 0.2094970357228116,
          "nrmse": 0.20951103878562408,
          "nstd": 0.002422270915121808,
          "rmse": 14.901301902465377,
          "std": 0.1722820449223407
        },
        "sigma": {
          "bias": 6.560551658139206,
          "call_true": 11.289459059969243,
          "n_valid": 100,
          "nbias": 0.581121878673705,
          "nrmse": 0.5812629538016478,
          "nstd": 0.012805607715378598,
          "rmse": 6.562144320020496,
          "std": 0.14456838404079295
        },
        "xi": {
          "bias": -0.046820398569107094,
          "call_true": 0.15,
          "n_valid": 100,
          "nbias": -0.312135990460714,
          "nrmse": 0.3161876209032193,
          "nstd": 0.05045527793548512,
          "rmse": 0.04742814313548289,
          "std": 0.007568291690322768
        }
      },
      "n_runs": 100,
      "pixel": [
        4,
        7
      ],
      "return_levels": {
        "10": {
          "bias": 29.898084245374175,
          "call_true": 101.34357041771177,
          "n_valid": 100,
          "nbias": 0.2950170802364873,
          "nrmse": 0.29506218882105245,
          "nstd": 0.005159228683475811,
          "rmse": 29.902655710390494,
          "std": 0.5228546553849093
        },
        "100": {
          "bias": 45.214172662710496,
          "call_true": 145.91761612513122,
          "n_valid": 100,
          "nbias": 0.3098609603376279,
          "nrmse": 0.310159573416523,
          "nstd": 0.013606845356746078,
          "rmse": 45.25774557132666,
          "std": 1.9854784374396983
        }
      },
      "success_rate": 1.0,
      "t_idx": 30,
      "true_params": {
        "mu": 71.12418509705684,
        "sigma": 11.289459059969243,
        "xi": 0.15000000000000002
      },
      "true_return_levels": {
        "10": 101.34357041771176,
        "100": 145.91761612513127
      }
    },
    "local": {
      "gev_params": {
        "mu": {
          "bias": 6.015590827625779,
          "call_true": 71.12418509705682,
          "n_valid": 100,
          "nbias": 0.08457869597264052,
          "nrmse": 0.0847960510165359,
          "nstd": 0.006067491703051553,
          "rmse": 6.031050027999572,
          "std": 0.4315454029626952
        },
        "sigma": {
          "bias": 2.8188558359925686,
          "call_true": 11.289459059969243,
          "n_valid": 100,
          "nbias": 0.24968918537362128,
          "nrmse": 0.2511981075791132,
          "nstd": 0.02749181621474118,
          "rmse": 2.835890751456148,
          "std": 0.3103677336405191
        },
        "xi": {
          "bias": -0.045427523963153395,
          "call_true": 0.15,
          "n_valid": 100,
          "nbias": -0.302850159754356,
          "nrmse": 0.3285888337593682,
          "nstd": 0.1274849105114125,
          "rmse": 0.04928832506390523,
          "std": 0.019122736576711874
        }
      },
      "n_runs": 100,
      "pixel": [
        4,
        7
      ],
      "return_levels": {
        "10": {
          "bias": 11.600493531873198,
          "call_true": 101.34357041771177,
          "n_valid": 100,
          "nbias": 0.11446699069372619,
          "nrmse": 0.1150199413120852,
          "nstd": 0.011264765463955257,
          "rmse": 11.656531521802382,
          "std": 1.1416115520353574
        },
        "100": {
          "bias": 14.673742670034745,
          "call_true": 145.91761612513122,
          "n_valid": 100,
          "nbias": 0.10056183111880967,
          "nrmse": 0.10431150622083325,
          "nstd": 0.02771657359939972,
          "rmse": 15.220886322165784,
          "std": 4.044336346781154
        }
      },
      "success_rate": 1.0,
      "t_idx": 30,
      "true_params": {
        "mu": 71.12418509705684,
        "sigma": 11.289459059969243,
        "xi": 0.15000000000000002
      },
      "true_return_levels": {
        "10": 101.34357041771176,
        "100": 145.91761612513127
      }
    },
    "pointwise": {
      "gev_params": {
        "mu": {
          "bias": -0.008764502549503707,
          "call_true": 71.12418509705684,
          "n_valid": 98,
          "nbias": -0.0001232281612442177,
          "nrmse": 0.020219502205721007,
          "nstd": 0.0202191266939854,
          "rmse": 1.4380956174500499,
          "std": 1.4380689094838606
        },
        "sigma": {
          "bias": -0.18206295265308275,
          "call_true": 11.289459059969243,
          "n_valid": 98,
          "nbias": -0.01612680923735763,
          "nrmse": 0.07490846358199703,
          "nstd": 0.07315192369334692,
          "rmse": 0.8456760328541524,
          "std": 0.8258456476940341
        },
        "xi": {
          "bias": -0.045284895960963835,
          "call_true": 0.15,
          "n_valid": 98,
          "nbias": -0.3018993064064256,
          "nrmse": 0.6052193415849362,
          "nstd": 0.5245448124038812,
          "rmse": 0.09078290123774042,
          "std": 0.07868172186058217
        }
      },
      "n_runs": 100,
      "pixel": [
        4,
        7
      ],
      "return_levels": {
        "10": {
          "bias": -1.9179494628478808,
          "call_true": 101.34357041771177,
          "n_valid": 98,
          "nbias": -0.01892522095819787,
          "nrmse": 0.03951116172556395,
          "nstd": 0.03468382782489641,
          "rmse": 4.004202200620289,
          "std": 3.51498294752818
        },
        "100": {
          "bias": -7.684691722154753,
          "call_true": 145.91761612513125,
          "n_valid": 98,
          "nbias": -0.05266459202269839,
          "nrmse": 0.10791579315013562,
          "nstd": 0.09419267040648968,
          "rmse": 15.746815278720558,
          "std": 13.74436992217517
        }
      },
      "success_rate": 0.98,
      "t_idx": 30,
      "true_params": {
        "mu": 71.12418509705684,
        "sigma": 11.289459059969243,
        "xi": 0.15000000000000002
      },
      "true_return_levels": {
        "10": 101.34357041771176,
        "100": 145.91761612513127
      }
    },
    "weighted": {
      "gev_params": {
        "mu": {
          "bias": 3.0675123669324194,
          "call_true": 71.12418509705682,
          "n_valid": 100,
          "nbias": 0.04312896327383518,
          "nrmse": 0.04347969530736205,
          "nstd": 0.005511481737719659,
          "rmse": 3.0924578970044516,
          "std": 0.39199964727262143
        },
        "sigma": {
          "bias": 1.2272854251827865,
          "call_true": 11.289459059969243,
          "n_valid": 100,
          "nbias": 0.10871073792495158,
          "nrmse": 0.1113545866866223,
          "nstd": 0.024120933563213858,
          "rmse": 1.2571330475384186,
          "std": 0.2723122919501409
        },
        "xi": {
          "bias": -0.04954735182225708,
          "call_true": 0.15,
          "n_valid": 100,
          "nbias": -0.3303156788150472,
          "nrmse": 0.35142431024234555,
          "nstd": 0.11996081926305363,
          "rmse": 0.052713646536351834,
          "std": 0.017994122889458043
        }
      },
      "n_runs": 100,
      "pixel": [
        4,
        7
      ],
      "return_levels": {
        "10": {
          "bias": 4.45964491431949,
          "call_true": 101.34357041771177,
          "n_valid": 100,
          "nbias": 0.04400520818378509,
          "nrmse": 0.04508665828295545,
          "nstd": 0.009815722481087715,