{
  "i": 3,
  "j": 0,
  "local_selector_args": {
    "include_center": true,
    "max_points": 30,
    "mode": "circle",
    "radius": null
  },
  "local_selector_points": 30,
  "location": "(3,0)",
  "location_index": 30,
  "raw_report_path": "C:\\github\\EVT_Univariate\\EVT_Classes\\SIM\\_output\\sim_results_all\\blob\\bootstrap_k100\\t_030\\runs_100\\demo_weights_k100_5c6fff0c30fb1252\\raw\\loc_030_i03_j00.json",
  "reports": {
    "full": {
      "gev_params": {
        "mu": {
          "bias": -6.137230061379127,
          "call_true": 92.16172110446996,
          "n_valid": 100,
          "nbias": -0.06659196451444595,
          "nrmse": 0.06661819712596033,
          "nstd": 0.001869344917365967,
          "rmse": 6.139647704005358,
          "std": 0.1722820449223407
        },
        "sigma": {
          "bias": -0.5056819976155231,
          "call_true": 18.35569271572397,
          "n_valid": 100,
          "nbias": -0.027549055513570602,
          "nrmse": 0.02865276484211293,
          "nstd": 0.007875942699615574,
          "rmse": 0.5259413468977241,
          "std": 0.14456838404079297
        },
        "xi": {
          "bias": -0.046820398569107094,
          "call_true": 0.15,
          "n_valid": 100,
          "nbias": -0.312135990460714,
          "nrmse": 0.3161876209032193,
          "nstd": 0.05045527793548512,
          "rmse": 0.04742814313548289,
          "std": 0.007568291690322768
        }
      },
      "n_runs": 100,
      "pixel": [
        3,
        0
      ],
      "return_levels": {
        "10": {
          "bias": -10.054196611613152,
          "call_true": 141.2958512746991,
          "n_valid": 100,
          "nbias": -0.07115705465453741,
          "nrmse": 0.0712532074360786,
          "nstd": 0.003700424681036147,
          "rmse": 10.067782600733445,
          "std": 0.5228546553849093
        },
        "100": {
          "bias": -22.63763998564111,
          "call_true": 213.7694287734829,
          "n_valid": 100,
          "nbias": -0.10589746211853658,
          "nrmse": 0.10630399043734756,
          "nstd": 0.009287943785187248,
          "rmse": 22.724543312133576,
          "std": 1.9854784374396988
        }
      },
      "success_rate": 1.0,
      "t_idx": 30,
      "true_params": {
        "mu": 92.16172110446995,
        "sigma": 18.355692715723972,
        "xi": 0.15000000000000002
      },
      "true_return_levels": {
        "10": 141.2958512746991,
        "100": 213.7694287734829
      }
    },
    "local": {
      "gev_params": {
        "mu": {
          "bias": -0.752644108620338,
          "call_true": 92.16172110446996,
          "n_valid": 100,
          "nbias": -0.008166558736106696,
          "nrmse": 0.00897466248190397,
          "nstd": 0.0037218120685781715,
          "rmse": 0.8271203406639838,
          "std": 0.3430086058675519
        },
        "sigma": {
          "bias": 0.0899442344250701,
          "call_true": 18.35569271572397,
          "n_valid": 100,
          "nbias": 0.004900073008305566,
          "nrmse": 0.01622862998940621,
          "nstd": 0.015471189865240808,
          "rmse": 0.29788774528272316,
          "std": 0.2839844071129832
        },
        "xi": {
          "bias": -0.04161455705761913,
          "call_true": 0.15,
          "n_valid": 100,
          "nbias": -0.27743038038412754,
          "nrmse": 0.2893969327656021,
          "nstd": 0.08235878055226864,
          "rmse": 0.04340953991484031,
          "std": 0.012353817082840295
        }
      },
      "n_runs": 100,
      "pixel": [
        3,
        0
      ],
      "return_levels": {
        "10": {
          "bias": -2.871320940226433,
          "call_true": 141.2958512746991,
          "n_valid": 100,
          "nbias": -0.020321339333907118,
          "nrmse": 0.021806118542196225,
          "nstd": 0.007908854123861022,
          "rmse": 3.081114082416616,
          "std": 1.1174882760383575
        },
        "100": {
          "bias": -12.289004273971186,
          "call_true": 213.7694287734829,
          "n_valid": 100,
          "nbias": -0.057487192366467973,
          "nrmse": 0.060144733302714415,
          "nstd": 0.01768082740924057,
          "rmse": 12.857105281854734,
          "std": 3.7796203755158966
        }
      },
      "success_rate": 1.0,
      "t_idx": 30,
      "true_params": {
        "mu": 92.16172110446995,
        "sigma": 18.355692715723972,
        "xi": 0.15000000000000002
      },
      "true_return_levels": {
        "10": 141.2958512746991,
        "100": 213.7694287734829
      }
    },
    "pointwise": {
      "gev_params": {
        "mu": {
          "bias": -0.005741108742408301,
          "call_true": 92.16172110446996,
          "n_valid": 100,
          "nbias": -6.22938533873566e-05,
          "nrmse": 0.022143837524246122,
          "nstd": 0.02214374990321289,
          "rmse": 2.0408141780922677,
          "std": 2.04080610278704
        },
        "sigma": {
          "bias": -0.16394589946831709,
          "call_true": 18.35569271572397,
          "n_valid": 100,
          "nbias": -0.008931610591186065,
          "nrmse": 0.08740465960611993,
          "nstd": 0.08694711526617259,
          "rmse": 1.6043730736523885,
          "std": 1.5959745303444965
        },
        "xi": {
          "bias": -0.04703873467631642,
          "call_true": 0.15,
          "n_valid": 100,
          "nbias": -0.3135915645087761,
          "nrmse": 0.6097517602488782,
          "nstd": 0.5229316779422946,
          "rmse": 0.09146276403733172,
          "std": 0.07843975169134418
        }
      },
      "n_runs": 100,
      "pixel": [
        3,
        0
      ],
      "return_levels": {
        "10": {
          "bias": -2.840598894327995,
          "call_true": 141.2958512746991,
          "n_valid": 100,
          "nbias": -0.02010390870433605,
          "nrmse": 0.04852072496701975,
          "nstd": 0.04415986419966546,
          "rmse": 6.855777138680602,
          "std": 6.239605604266839
        },
        "100": {
          "bias": -12.105769868453608,
          "call_true": 213.7694287734829,
          "n_valid": 100,
          "nbias": -0.05663003329293301,
          "nrmse": 0.11955987861040315,
          "nstd": 0.10529769181979082,
          "rmse": 25.558246954772837,
          "std": 22.509427431482926
        }
      },
      "success_rate": 1.0,
      "t_idx": 30,
      "true_params": {
        "mu": 92.16172110446995,
        "sigma": 18.355692715723972,
        "xi": 0.15000000000000002
      },
      "true_return_levels": {
        "10": 141.2958512746991,
        "100": 213.7694287734829
      }
    },
    "weighted": {
      "gev_params": {
        "mu": {
          "bias": -0.9953581131369396,
          "call_true": 92.16172110446996,
          "n_valid": 100,
          "nbias": -0.010800125054182211,
          "nrmse": 0.011457861977929149,
          "nstd": 0.0038262122156644887,
          "rmse": 1.0559762800634167,
          "std": 0.35263030310658666
        },
        "sigma": {
          "bias": -0.04542914667185762,
          "call_true": 18.35569271572397,
          "n_valid": 100,
          "nbias": -0.002474935017458743,
          "nrmse": 0.015858123289724337,
          "nstd": 0.01566380448458975,
          "rmse": 0.29108683815424563,
          "std": 0.2875199818783085
        },
        "xi": {
          "bias": -0.04215435735881332,
          "call_true": 0.15,
          "n_valid": 100,
          "nbias": -0.2810290490587555,
          "nrmse": 0.2950269132791352,
          "nstd": 0.08979728918038678,
          "rmse": 0.04425403699187028,
          "std": 0.013469593377058015
        }
      },
      "n_runs": 100,
      "pixel": [
        3,
        0
      ],
      "return_levels": {
        "10": {
          "bias": -3.4867939626873703,
          "call_true": 141.2958512746991,
          "n_valid": 100,
          "nbias": -0.0246772564886463,
          "nrmse": 0.026141481592097705,