{
  "i": 7,
  "j": 5,
  "local_selector_args": {
    "include_center": true,
    "max_points": 26,
    "mode": "circle",
    "radius": null
  },
  "local_selector_points": 26,
  "location": "(7,5)",
  "location_index": 75,
  "raw_report_path": "C:\\github\\EVT_Univariate\\EVT_Classes\\SIM\\_output\\sim_results_all\\blob\\bootstrap_k100\\t_030\\runs_100\\demo_weights_k100_5c6fff0c30fb1252\\raw\\loc_075_i07_j05.json",
  "reports": {
    "full": {
      "gev_params": {
        "mu": {
          "bias": 5.912503598449721,
          "call_true": 80.11198744464109,
          "n_valid": 100,
          "nbias": 0.07380298238806487,
          "nrmse": 0.07383430723520672,
          "nstd": 0.0021505151777864813,
          "rmse": 5.915013094210654,
          "std": 0.1722820449223407
        },
        "sigma": {
          "bias": 3.9549727961804284,
          "call_true": 13.895037921928015,
          "n_valid": 100,
          "nbias": 0.28463202608026084,
          "nrmse": 0.28482212008539676,
          "nstd": 0.010404317343578239,
          "rmse": 3.957614159590523,
          "std": 0.14456838404079297
        },
        "xi": {
          "bias": 0.053179601430892946,
          "call_true": 0.04999999999999999,
          "n_valid": 100,
          "nbias": 1.063592028617859,
          "nrmse": 1.0743089029619817,
          "nstd": 0.1513658338064554,
          "rmse": 0.05371544514809907,
          "std": 0.007568291690322769
        }
      },
      "n_runs": 100,
      "pixel": [
        7,
        5
      ],
      "return_levels": {
        "10": {
          "bias": 18.03368488599659,
          "call_true": 113.20796977708936,
          "n_valid": 100,
          "nbias": 0.15929695516583836,
          "nrmse": 0.1593638941696834,
          "nstd": 0.0046185322147763025,
          "rmse": 18.041262914720786,
          "std": 0.5228546553849093
        },
        "100": {
          "bias": 39.15205271997269,
          "call_true": 151.97973606786908,
          "n_valid": 100,
          "nbias": 0.2576136380608576,
          "nrmse": 0.25794467860021636,
          "nstd": 0.013064099785994168,
          "rmse": 39.2023641737722,
          "std": 1.9854784374396988
        }
      },
      "success_rate": 1.0,
      "t_idx": 30,
      "true_params": {
        "mu": 80.1119874446411,
        "sigma": 13.89503792192802,
        "xi": 0.05
      },
      "true_return_levels": {
        "10": 113.20796977708935,
        "100": 151.9797360678691
      }
    },
    "local": {
      "gev_params": {
        "mu": {
          "bias": 2.3818052799682734,
          "call_true": 80.11198744464109,
          "n_valid": 100,
          "nbias": 0.029730947339362244,
          "nrmse": 0.03003394811339263,
          "nstd": 0.004255444698504498,
          "rmse": 2.4060792741731123,
          "std": 0.3409121322579568
        },
        "sigma": {
          "bias": 2.4326573700508387,
          "call_true": 13.895037921928015,
          "n_valid": 100,
          "nbias": 0.17507382014494666,
          "nrmse": 0.17621358417876296,
          "nstd": 0.020009616412636676,
          "rmse": 2.448494434522766,
          "std": 0.2780343788568198
        },
        "xi": {
          "bias": 0.059658990278840064,
          "call_true": 0.04999999999999999,
          "n_valid": 100,
          "nbias": 1.1931798055768015,
          "nrmse": 1.2321063574167899,
          "nstd": 0.30725889336287204,
          "rmse": 0.06160531787083948,
          "std": 0.0153629446681436
        }
      },
      "n_runs": 100,
      "pixel": [
        7,
        5
      ],
      "return_levels": {
        "10": {
          "bias": 10.966842005747568,
          "call_true": 113.20796977708936,
          "n_valid": 100,
          "nbias": 0.096873409419334,
          "nrmse": 0.0973142498148695,
          "nstd": 0.009252338326332219,
          "rmse": 11.01674865192187,
          "std": 1.0474384376148234
        },
        "100": {
          "bias": 28.28250697412308,
          "call_true": 151.97973606786908,
          "n_valid": 100,
          "nbias": 0.18609393400639318,
          "nrmse": 0.18782280474065666,
          "nstd": 0.025425453912782812,
          "rmse": 28.54526029201191,
          "std": 3.864153775070501
        }
      },
      "success_rate": 1.0,
      "t_idx": 30,
      "true_params": {
        "mu": 80.1119874446411,
        "sigma": 13.89503792192802,
        "xi": 0.05
      },
      "true_return_levels": {
        "10": 113.20796977708935,
        "100": 151.9797360678691
      }
    },
    "pointwise": {
      "gev_params": {
        "mu": {
          "bias": -0.14969610858153146,
          "call_true": 80.11198744464109,
          "n_valid": 100,
          "nbias": -0.0018685856306457798,
          "nrmse": 0.020576765536892975,
          "nstd": 0.020491746331174673,
          "rmse": 1.6484455823428934,
          "std": 1.6416345248018354
        },
        "sigma": {
          "bias": -0.1871670052633477,
          "call_true": 13.895037921928015,
          "n_valid": 100,
          "nbias": -0.013470060773851938,
          "nrmse": 0.08978809630898471,
          "nstd": 0.08877195334980667,
          "rmse": 1.2476090031510674,
          "std": 1.2334896581991883
        },
        "xi": {
          "bias": 0.05423563283402473,
          "call_true": 0.04999999999999999,
          "n_valid": 100,
          "nbias": 1.0847126566804948,
          "nrmse": 2.101698931953887,
          "nstd": 1.8001491196601607,
          "rmse": 0.10508494659769431,
          "std": 0.09000745598300801
        }
      },
      "n_runs": 100,
      "pixel": [
        7,
        5
      ],
      "return_levels": {
        "10": {
          "bias": 1.724343226450693,
          "call_true": 113.20796977708936,
          "n_valid": 100,
          "nbias": 0.015231641640124702,
          "nrmse": 0.04427696530581065,
          "nstd": 0.04157459259738789,
          "rmse": 5.0125053501614465,
          "std": 4.706575222259891
        },
        "100": {
          "bias": 11.268899796388705,
          "call_true": 151.97973606786908,
          "n_valid": 100,
          "nbias": 0.07414738364433263,
          "nrmse": 0.14413104763708767,
          "nstd": 0.12359581057489202,
          "rmse": 21.90499857907005,
          "std": 18.784058670266433
        }
      },
      "success_rate": 1.0,
      "t_idx": 30,
      "true_params": {
        "mu": 80.1119874446411,
        "sigma": 13.89503792192802,
        "xi": 0.05
      },
      "true_return_levels": {
        "10": 113.20796977708935,
        "100": 151.9797360678691
      }
    },
    "weighted": {
      "gev_params": {
        "mu": {
          "bias": 5.508529370544448,
          "call_true": 80.11198744464109,
          "n_valid": 100,
          "nbias": 0.06876036341441344,
          "nrmse": 0.06891885482496139,
          "nstd": 0.004671292487299898,
          "rmse": 5.521226432436349,
          "std": 0.3742265250928157
        },
        "sigma": {
          "bias": 2.5270768711479605,
          "call_true": 13.895037921928015,
          "n_valid": 100,
          "nbias": 0.18186901578439985,
          "nrmse": 0.1832729305796159,
          "nstd": 0.022641293709821608,
          "rmse": 2.5465843204666436,
          "std": 0.3146016346994815
        },
        "xi": {
          "bias": 0.0575086010992527,
          "call_true": 0.04999999999999999,
          "n_valid": 100,
          "nbias": 1.1501720219850544,
          "nrmse": 1.1950226896968608,
          "nstd": 0.32432013309865826,
          "rmse": 0.059751134484843024,
          "std": 0.016216006654932908
        }
      },
      "n_runs": 100,
      "pixel": [
        7,
        5
      ],
      "return_levels": {
        "10": {
          "bias": 14.225077708262216,
          "call_true": 113.20796977708936,
          "n_valid": 100,
          "nbias": 0.12565438401794427,
          "nrmse": 0.12590359033771853,
          "nstd": 0.007917691393268728,