{
  "i": 2,
  "j": 8,
  "local_selector_args": {
    "include_center": true,
    "max_points": 5,
    "mode": "circle",
    "radius": null
  },
  "local_selector_points": 5,
  "location": "(2,8)",
  "location_index": 28,
  "raw_report_path": "C:\\github\\EVT_Univariate\\EVT_Classes\\SIM\\_output\\sim_results_all\\blob\\bootstrap_k100\\t_030\\runs_100\\demo_weights_k100_5c6fff0c30fb1252\\raw\\loc_028_i02_j08.json",
  "reports": {
    "full": {
      "gev_params": {
        "mu": {
          "bias": 2.8553714876767344,
          "call_true": 83.16911955541411,
          "n_valid": 100,
          "nbias": 0.034332111520962424,
          "nrmse": 0.034394546878028176,
          "nstd": 0.0020714664991439793,
          "rmse": 2.8605641813530207,
          "std": 0.17228204492234073
        },
        "sigma": {
          "bias": 2.938006475173535,
          "call_true": 14.912004242934918,
          "n_valid": 100,
          "nbias": 0.19702291035529432,
          "nrmse": 0.19726128784602404,
          "nstd": 0.009694765484611989,
          "rmse": 2.9415611613267165,
          "std": 0.14456838404079297
        },
        "xi": {
          "bias": 0.053179601430892946,
          "call_true": 0.04999999999999999,
          "n_valid": 100,
          "nbias": 1.063592028617859,
          "nrmse": 1.0743089029619817,
          "nstd": 0.1513658338064554,
          "rmse": 0.05371544514809907,
          "std": 0.007568291690322769
        }
      },
      "n_runs": 100,
      "pixel": [
        2,
        8
      ],
      "return_levels": {
        "10": {
          "bias": 12.554285230374116,
          "call_true": 118.68736943271183,
          "n_valid": 100,
          "nbias": 0.1057760846025962,
          "nrmse": 0.10586777994294547,
          "nstd": 0.004405309999572739,
          "rmse": 12.565168309109408,
          "std": 0.5228546553849093
        },
        "100": {
          "bias": 30.8349795908976,
          "call_true": 160.29680919694422,
          "n_valid": 100,
          "nbias": 0.19236178028355547,
          "nrmse": 0.19276014636087746,
          "nstd": 0.012386263004151852,
          "rmse": 30.898836401984617,
          "std": 1.9854784374396988
        }
      },
      "success_rate": 1.0,
      "t_idx": 30,
      "true_params": {
        "mu": 83.16911955541408,
        "sigma": 14.912004242934914,
        "xi": 0.05
      },
      "true_return_levels": {
        "10": 118.68736943271182,
        "100": 160.2968091969442
      }
    },
    "local": {
      "gev_params": {
        "mu": {
          "bias": -4.552474429071313,
          "call_true": 83.16911955541411,
          "n_valid": 100,
          "nbias": -0.05473755708136455,
          "nrmse": 0.05517038267025158,
          "nstd": 0.006897171068369712,
          "rmse": 4.588472152220101,
          "std": 0.5736316451793839
        },
        "sigma": {
          "bias": -0.980490364677209,
          "call_true": 14.912004242934918,
          "n_valid": 100,
          "nbias": -0.06575174930906759,
          "nrmse": 0.07267648210213562,
          "nstd": 0.030960919132667363,
          "rmse": 1.08375200946863,
          "std": 0.4616893574715006
        },
        "xi": {
          "bias": 0.05375956138130277,
          "call_true": 0.04999999999999999,
          "n_valid": 100,
          "nbias": 1.0751912276260556,
          "nrmse": 1.2678392874007989,
          "nstd": 0.6718484075391862,
          "rmse": 0.06339196437003992,
          "std": 0.0335924203769593
        }
      },
      "n_runs": 100,
      "pixel": [
        2,
        8
      ],
      "return_levels": {
        "10": {
          "bias": -4.725252275729397,
          "call_true": 118.68736943271183,
          "n_valid": 100,
          "nbias": -0.03981259588374577,
          "nrmse": 0.04276415565666182,
          "nstd": 0.015611861452906573,
          "rmse": 5.075565140900215,
          "std": 1.8529307677934357
        },
        "100": {
          "bias": 0.8041968150186949,
          "call_true": 160.29680919694422,
          "n_valid": 100,
          "nbias": 0.005016923412559266,
          "nrmse": 0.04513060240083149,
          "nstd": 0.04485088352010974,
          "rmse": 7.234291561989238,
          "std": 7.189453517937401
        }
      },
      "success_rate": 1.0,
      "t_idx": 30,
      "true_params": {
        "mu": 83.16911955541408,
        "sigma": 14.912004242934914,
        "xi": 0.05
      },
      "true_return_levels": {
        "10": 118.68736943271182,
        "100": 160.2968091969442
      }
    },
    "pointwise": {
      "gev_params": {
        "mu": {
          "bias": -0.08985014623439724,
          "call_true": 83.1691195554141,
          "n_valid": 97,
          "nbias": -0.0010803306168767567,
          "nrmse": 0.01788334172904198,
          "nstd": 0.01785068057962869,
          "rmse": 1.4873417863130183,
          "std": 1.4846253872726471
        },
        "sigma": {
          "bias": -0.24377279810689256,
          "call_true": 14.912004242934918,
          "n_valid": 97,
          "nbias": -0.016347420114394644,
          "nrmse": 0.0767141742086695,
          "nstd": 0.07495216061009567,
          "rmse": 1.143962091292928,
          "std": 1.117686937034886
        },
        "xi": {
          "bias": 0.043430159157430086,
          "call_true": 0.049999999999999996,
          "n_valid": 97,
          "nbias": 0.8686031831486017,
          "nrmse": 2.03588808630727,
          "nstd": 1.841295416328405,
          "rmse": 0.10179440431536349,
          "std": 0.09206477081642024
        }
      },
      "n_runs": 100,
      "pixel": [
        2,
        8
      ],
      "return_levels": {
        "10": {
          "bias": 1.3521638874496664,
          "call_true": 118.68736943271185,
          "n_valid": 97,
          "nbias": 0.011392651921704751,
          "nrmse": 0.039705623476881835,
          "nstd": 0.038036088361959444,
          "rmse": 4.712556002156831,
          "std": 4.514403271191152
        },
        "100": {
          "bias": 9.693318209225263,
          "call_true": 160.2968091969442,
          "n_valid": 97,
          "nbias": 0.06047106151262087,
          "nrmse": 0.13970065758540823,
          "nstd": 0.12593460385982996,
          "rmse": 22.393569653655817,
          "std": 20.186915166211914
        }
      },
      "success_rate": 0.97,
      "t_idx": 30,
      "true_params": {
        "mu": 83.16911955541408,
        "sigma": 14.912004242934914,
        "xi": 0.05
      },
      "true_return_levels": {
        "10": 118.68736943271182,
        "100": 160.2968091969442
      }
    },
    "weighted": {
      "gev_params": {
        "mu": {
          "bias": 1.9939957552548606,
          "call_true": 83.16911955541411,
          "n_valid": 100,
          "nbias": 0.02397519374876028,
          "nrmse": 0.025326916424800776,
          "nstd": 0.008163502942870151,
          "rmse": 2.106417340104237,
          "std": 0.6789513522465426
        },
        "sigma": {
          "bias": 0.9702040789724087,
          "call_true": 14.912004242934918,
          "n_valid": 100,
          "nbias": 0.0650619503030303,
          "nrmse": 0.07385598614596568,
          "nstd": 0.03495210025676696,
          "rmse": 1.1013407787747829,
          "std": 0.5212058673283956
        },
        "xi": {
          "bias": 0.05292894571321085,
          "call_true": 0.04999999999999999,
          "n_valid": 100,
          "nbias": 1.0585789142642172,
          "nrmse": 1.2463951427150064,
          "nstd": 0.657960131055638,
          "rmse": 0.0623197571357503,
          "std": 0.03289800655278189
        }
      },
      "n_runs": 100,
      "pixel": [
        2,
        8
      ],
      "return_levels": {
        "10": {
          "bias": 6.71962305996396,
          "call_true": 118.68736943271183,
          "n_valid": 100,
          "nbias": 0.05661615968136827,
          "nrmse": 0.058683832560346566,
          "nstd": 0.015440293614585177,