{
  "i": 0,
  "j": 1,
  "local_selector_args": {
    "include_center": true,
    "max_points": 24,
    "mode": "circle",
    "radius": null
  },
  "local_selector_points": 24,
  "location": "(0,1)",
  "location_index": 1,
  "raw_report_path": "C:\\github\\EVT_Univariate\\EVT_Univariate\\EVT_Classes\\SIM\\_output\\sim_results_all\\blob\\bootstrap_k100\\t_030\\runs_100\\demo_weights_k100_5c6fff0c30fb1252\\raw\\loc_001_i00_j01.json",
  "reports": {
    "full": {
      "gev_params": {
        "mu": {
          "bias": -5.143003781334237,
          "call_true": 91.16749512960085,
          "n_valid": 100,
          "nbias": -0.05641269154124618,
          "nrmse": 0.05644433425178934,
          "nstd": 0.001889736013291564,
          "rmse": 5.145888567993567,
          "std": 0.17228249878798998
        },
        "sigma": {
          "bias": -0.0888293402044366,
          "call_true": 17.938841145501584,
          "n_valid": 100,
          "nbias": -0.00495178810514813,
          "nrmse": 0.009458719113965872,
          "nstd": 0.008058980198425655,
          "rmse": 0.16967845962535327,
          "std": 0.14456876557430065
        },
        "xi": {
          "bias": 0.05317958064377308,
          "call_true": 0.04999999999999999,
          "n_valid": 100,
          "nbias": 1.063591612875462,
          "nrmse": 1.074308515611656,
          "nstd": 0.15136600588207905,
          "rmse": 0.05371542578058279,
          "std": 0.00756830029410395
        }
      },
      "n_runs": 100,
      "pixel": [
        0,
        1
      ],
      "return_levels": {
        "10": {
          "bias": -2.653578779240706,
          "call_true": 133.89523527338133,
          "n_valid": 100,
          "nbias": -0.019818321195842013,
          "nrmse": 0.020199370175994345,
          "nstd": 0.0039049584485995608,
          "rmse": 2.704599422088885,
          "std": 0.5228553302080163
        },
        "100": {
          "bias": 7.181237209109786,
          "call_true": 183.95055432531404,
          "n_valid": 100,
          "nbias": 0.0390389538941528,
          "nrmse": 0.04050359136274956,
          "nstd": 0.010793562531936026,
          "rmse": 7.450658083343783,
          "std": 1.9854818108945722
        }
      },
      "success_rate": 1.0,
      "t_idx": 30,
      "true_params": {
        "mu": 91.16749512960084,
        "sigma": 17.938841145501588,
        "xi": 0.05
      },
      "true_return_levels": {
        "10": 133.89523527338133,
        "100": 183.95055432531404
      }
    },
    "local": {
      "gev_params": {
        "mu": {
          "bias": -0.44780907918579826,
          "call_true": 91.16749512960085,
          "n_valid": 100,
          "nbias": -0.004911937950573359,
          "nrmse": 0.006511650921207304,
          "nstd": 0.004274864125253237,
          "rmse": 0.5936509036448278,
          "std": 0.38972865431872994
        },
        "sigma": {
          "bias": 0.5856361931181527,
          "call_true": 17.938841145501584,
          "n_valid": 100,
          "nbias": 0.03264626674421548,
          "nrmse": 0.03618896232440761,
          "nstd": 0.015616089836541154,
          "rmse": 0.6491880463580899,
          "std": 0.28013455489159356
        },
        "xi": {
          "bias": 0.060146233290433886,
          "call_true": 0.04999999999999999,
          "n_valid": 100,
          "nbias": 1.202924665808678,
          "nrmse": 1.2375737324649336,
          "nstd": 0.29079372702358575,
          "rmse": 0.061878686623246665,
          "std": 0.014539686351179285
        }
      },
      "n_runs": 100,
      "pixel": [
        0,
        1
      ],
      "return_levels": {
        "10": {
          "bias": 4.140963151911637,
          "call_true": 133.89523527338133,
          "n_valid": 100,
          "nbias": 0.03092688954507457,
          "nrmse": 0.03218934229710077,
          "nstd": 0.008926436051788965,
          "rmse": 4.309999560165712,
          "std": 1.1952072553070765
        },
        "100": {
          "bias": 17.82338610437346,
          "call_true": 183.95055432531404,
          "n_valid": 100,
          "nbias": 0.09689226634703717,
          "nrmse": 0.09971413612397946,
          "nstd": 0.023554143267933134,
          "rmse": 18.342470614075843,
          "std": 4.332797710794164
        }
      },
      "success_rate": 1.0,
      "t_idx": 30,
      "true_params": {
        "mu": 91.16749512960084,
        "sigma": 17.938841145501588,
        "xi": 0.05
      },
      "true_return_levels": {
        "10": 133.89523527338133,
        "100": 183.95055432531404
      }
    },
    "pointwise": {
      "gev_params": {
        "mu": {
          "bias": -0.012909202797720398,
          "call_true": 91.16749512960085,
          "n_valid": 97,
          "nbias": -0.00014159874393136589,
          "nrmse": 0.02317069485173458,
          "nstd": 0.023170262184703833,
          "rmse": 2.11241421004498,
          "std": 2.1123747648755615
        },
        "sigma": {
          "bias": -0.287482755491763,
          "call_true": 17.938841145501588,
          "n_valid": 97,
          "nbias": -0.016025714992400904,
          "nrmse": 0.09421855186306632,
          "nstd": 0.09284563519172916,
          "rmse": 1.6901716348307494,
          "std": 1.6655431007576211
        },
        "xi": {
          "bias": 0.06448618208211798,
          "call_true": 0.049999999999999996,
          "n_valid": 97,
          "nbias": 1.2897236416423596,
          "nrmse": 2.2545519184073965,
          "nstd": 1.8492207226243278,
          "rmse": 0.11272759592036981,
          "std": 0.09246103613121638
        }
      },
      "n_runs": 100,
      "pixel": [
        0,
        1
      ],
      "return_levels": {
        "10": {
          "bias": 2.816516290880508,
          "call_true": 133.89523527338133,
          "n_valid": 97,
          "nbias": 0.02103522418202463,
          "nrmse": 0.04879785033922657,
          "nstd": 0.04403123370224278,
          "rmse": 6.533799652005992,
          "std": 5.895572395939034
        },
        "100": {
          "bias": 17.2730256319991,
          "call_true": 183.95055432531402,
          "n_valid": 97,
          "nbias": 0.09390037282220956,
          "nrmse": 0.165601756168852,
          "nstd": 0.13640623750422104,
          "rmse": 30.462534844505814,
          "std": 25.092003002331897
        }
      },
      "success_rate": 0.97,
      "t_idx": 30,
      "true_params": {
        "mu": 91.16749512960084,
        "sigma": 17.938841145501588,
        "xi": 0.05
      },
      "true_return_levels": {
        "10": 133.89523527338133,
        "100": 183.95055432531404
      }
    },
    "weighted": {
      "gev_params": {
        "mu": {
          "bias": -1.7121099214709545,
          "call_true": 91.16749512960085,
          "n_valid": 100,
          "nbias": -0.01877982847984441,
          "nrmse": 0.019296350434033452,
          "nstd": 0.004434769705480531,
          "rmse": 1.759199934213816,
          "std": 0.40430684552529766
        },
        "sigma": {
          "bias": -0.33079220580069013,
          "call_true": 17.938841145501584,
          "n_valid": 100,
          "nbias": -0.018439998610704066,
          "nrmse": 0.02614720646869599,
          "nstd": 0.01853760657026278,
          "rmse": 0.4690505832405688,
          "std": 0.33254317948175044
        },
        "xi": {
          "bias": 0.05645059481263161,
          "call_true": 0.04999999999999999,
          "n_valid": 100,
          "nbias": 1.1290118962526323,
          "nrmse": 1.1761373633317431,
          "nstd": 0.32959252956488483,
          "rmse": 0.05880686816658714,
          "std": 0.016479626478244237
        }
      },
      "n_runs": 100,
      "pixel": [
        0,
        1
      ],
      "return_levels": {
        "10": {
          "bias": 0.3437683276928874,
          "call_true": 133.89523527338133,
          "n_valid": 100,
          "nbias": 0.002567442575465785,