{
  "i": 5,
  "j": 7,
  "local_selector_args": {
    "include_center": true,
    "max_points": 5,
    "mode": "circle",
    "radius": null
  },
  "local_selector_points": 5,
  "location": "(5,7)",
  "location_index": 57,
  "raw_report_path": "C:\\github\\EVT_Univariate\\EVT_Classes\\SIM\\_output\\sim_results_all\\blob\\bootstrap_k100\\t_030\\runs_100\\demo_weights_k100_5c6fff0c30fb1252\\raw\\loc_057_i05_j07.json",
  "reports": {
    "full": {
      "gev_params": {
        "mu": {
          "bias": 15.610533056142021,
          "call_true": 70.41395798694882,
          "n_valid": 100,
          "nbias": 0.22169657128257758,
          "nrmse": 0.22171007210816338,
          "nstd": 0.002446703037972572,
          "rmse": 15.611483702707607,
          "std": 0.1722820449223407
        },
        "sigma": {
          "bias": 6.744296912008477,
          "call_true": 11.105713806099978,
          "n_valid": 100,
          "nbias": 0.6072817136980491,
          "nrmse": 0.607421216721091,
          "nstd": 0.013017477900554816,
          "rmse": 6.745846192657466,
          "std": 0.14456838404079297
        },
        "xi": {
          "bias": -0.046820398569107094,
          "call_true": 0.15,
          "n_valid": 100,
          "nbias": -0.312135990460714,
          "nrmse": 0.3161876209032193,
          "nstd": 0.05045527793548512,
          "rmse": 0.04742814313548289,
          "std": 0.007568291690322768
        }
      },
      "n_runs": 100,
      "pixel": [
        5,
        7
      ],
      "return_levels": {
        "10": {
          "bias": 31.10015676614549,
          "call_true": 100.14149789694044,
          "n_valid": 100,
          "nbias": 0.31056212878053696,
          "nrmse": 0.3106060146409286,
          "nstd": 0.005221158724058627,
          "rmse": 31.1045515619416,
          "std": 0.5228546553849093
        },
        "100": {
          "bias": 47.141724526733285,
          "call_true": 143.9900642611085,
          "n_valid": 100,
          "nbias": 0.32739567669924424,
          "nrmse": 0.32768592514076356,
          "nstd": 0.013788996120171699,
          "rmse": 47.18351741847933,
          "std": 1.9854784374396985
        }
      },
      "success_rate": 1.0,
      "t_idx": 30,
      "true_params": {
        "mu": 70.4139579869488,
        "sigma": 11.105713806099972,
        "xi": 0.15000000000000002
      },
      "true_return_levels": {
        "10": 100.14149789694044,
        "100": 143.99006426110853
      }
    },
    "local": {
      "gev_params": {
        "mu": {
          "bias": 3.0155612086078394,
          "call_true": 70.41395798694882,
          "n_valid": 100,
          "nbias": 0.04282618524535678,
          "nrmse": 0.04398852371009189,
          "nstd": 0.010045301166401269,
          "rmse": 3.097406060430312,
          "std": 0.707329414297227
        },
        "sigma": {
          "bias": 1.0596300784531036,
          "call_true": 11.105713806099978,
          "n_valid": 100,
          "nbias": 0.09541305466300475,
          "nrmse": 0.10725614791916746,
          "nstd": 0.04899214494521337,
          "rmse": 1.1911560827349994,
          "std": 0.5440927405085073
        },
        "xi": {
          "bias": -0.05129311042837802,
          "call_true": 0.15,
          "n_valid": 100,
          "nbias": -0.34195406952252017,
          "nrmse": 0.4036105640938351,
          "nstd": 0.21440359555084731,
          "rmse": 0.060541584614075265,
          "std": 0.032160539332627094
        }
      },
      "n_runs": 100,
      "pixel": [
        5,
        7
      ],
      "return_levels": {
        "10": {
          "bias": 3.967217999666009,
          "call_true": 100.14149789694044,
          "n_valid": 100,
          "nbias": 0.0396161240143305,
          "nrmse": 0.04443989034719063,
          "nstd": 0.020136200539116446,
          "rmse": 4.450277185743454,
          "std": 2.0164692839403004
        },
        "100": {
          "bias": 0.5362447904051431,
          "call_true": 143.9900642611085,
          "n_valid": 100,
          "nbias": 0.003724179117197477,
          "nrmse": 0.04373384230766974,
          "nstd": 0.04357498655071685,
          "rmse": 6.2972387642665515,
          "std": 6.274365113614658
        }
      },
      "success_rate": 1.0,
      "t_idx": 30,
      "true_params": {
        "mu": 70.4139579869488,
        "sigma": 11.105713806099972,
        "xi": 0.15000000000000002
      },
      "true_return_levels": {
        "10": 100.14149789694044,
        "100": 143.99006426110853
      }
    },
    "pointwise": {
      "gev_params": {
        "mu": {
          "bias": -0.019562886247086176,
          "call_true": 70.41395798694882,
          "n_valid": 97,
          "nbias": -0.00027782682306698545,
          "nrmse": 0.019919104359175956,
          "nstd": 0.01991716673445616,
          "rmse": 1.4025829774846648,
          "std": 1.4024465416590506
        },
        "sigma": {
          "bias": 0.06557519416523644,
          "call_true": 11.105713806099974,
          "n_valid": 97,
          "nbias": 0.005904635695655898,
          "nrmse": 0.09139662485595772,
          "nstd": 0.09120569232434046,
          "rmse": 1.0150247584937497,
          "std": 1.0129043164413343
        },
        "xi": {
          "bias": -0.04751533314360058,
          "call_true": 0.15,
          "n_valid": 97,
          "nbias": -0.3167688876240039,
          "nrmse": 0.5944414266415303,
          "nstd": 0.5030090272958021,
          "rmse": 0.08916621399622954,
          "std": 0.07545135409437032
        }
      },
      "n_runs": 100,
      "pixel": [
        5,
        7
      ],
      "return_levels": {
        "10": {
          "bias": -1.3840107080309645,
          "call_true": 100.14149789694044,
          "n_valid": 97,
          "nbias": -0.013820551290887466,
          "nrmse": 0.03718185556351669,
          "nstd": 0.034517861248376414,
          "rmse": 3.72344671071825,
          "std": 3.4566703296111685
        },
        "100": {
          "bias": -6.772832353313143,
          "call_true": 143.99006426110853,
          "n_valid": 97,
          "nbias": -0.04703680346326836,
          "nrmse": 0.09416281296490502,
          "nstd": 0.08157312342568199,
          "rmse": 13.558509489823416,
          "std": 11.745719284043288
        }
      },
      "success_rate": 0.97,
      "t_idx": 30,
      "true_params": {
        "mu": 70.4139579869488,
        "sigma": 11.105713806099972,
        "xi": 0.15000000000000002
      },
      "true_return_levels": {
        "10": 100.14149789694044,
        "100": 143.99006426110853
      }
    },
    "weighted": {
      "gev_params": {
        "mu": {
          "bias": 1.2805206202289328,
          "call_true": 70.41395798694882,
          "n_valid": 100,
          "nbias": 0.018185607752177153,
          "nrmse": 0.02044501329978342,
          "nstd": 0.009342496428272009,
          "rmse": 1.4396143075335595,
          "std": 0.6578421509935646
        },
        "sigma": {
          "bias": 0.5923380456592574,
          "call_true": 11.105713806099978,
          "n_valid": 100,
          "nbias": 0.053336332630317465,
          "nrmse": 0.06722588602666882,
          "nstd": 0.04092133152304307,
          "rmse": 0.7465914505736795,
          "std": 0.4544605964594537
        },
        "xi": {
          "bias": -0.04604228494688872,
          "call_true": 0.15,
          "n_valid": 100,
          "nbias": -0.3069485663125915,
          "nrmse": 0.37785243643897,
          "nstd": 0.22035208499469786,
          "rmse": 0.056677865465845495,
          "std": 0.03305281274920468
        }
      },
      "n_runs": 100,
      "pixel": [
        5,
        7
      ],
      "return_levels": {
        "10": {
          "bias": 1.2291733371904234,
          "call_true": 100.14149789694044,
          "n_valid": 100,
          "nbias": 0.01227436540299621,
          "nrmse": 0.01970806474013349,
          "nstd": 0.015419071624291219,