{
  "i": 7,
  "j": 1,
  "local_selector_args": {
    "include_center": true,
    "max_points": 24,
    "mode": "circle",
    "radius": null
  },
  "local_selector_points": 24,
  "location": "(7,1)",
  "location_index": 71,
  "raw_report_path": "C:\\github\\EVT_Univariate\\EVT_Classes\\SIM\\_output\\sim_results_all\\blob\\bootstrap_k100\\t_030\\runs_100\\demo_weights_k100_5c6fff0c30fb1252\\raw\\loc_071_i07_j01.json",
  "reports": {
    "full": {
      "gev_params": {
        "mu": {
          "bias": -3.4199798779556385,
          "call_true": 89.44447092104643,
          "n_valid": 100,
          "nbias": -0.03823578855952416,
          "nrmse": 0.038284272479897685,
          "nstd": 0.0019261340935698068,
          "rmse": 3.4243164965616266,
          "std": 0.1722820449223407
        },
        "sigma": {
          "bias": 0.6112919339155973,
          "call_true": 17.238718784192848,
          "n_valid": 100,
          "nbias": 0.03546040408038475,
          "nrmse": 0.03643857324885843,
          "nstd": 0.008386260362536679,
          "rmse": 0.6281543171342828,
          "std": 0.14456838404079297
        },
        "xi": {
          "bias": 0.053179601430892946,
          "call_true": 0.04999999999999999,
          "n_valid": 100,
          "nbias": 1.063592028617859,
          "nrmse": 1.0743089029619817,
          "nstd": 0.1513658338064554,
          "rmse": 0.05371544514809907,
          "std": 0.007568291690322769
        }
      },
      "n_runs": 100,
      "pixel": [
        7,
        1
      ],
      "return_levels": {
        "10": {
          "bias": 0.7370343907863617,
          "call_true": 130.50462027229958,
          "n_valid": 100,
          "nbias": 0.005647573160617072,
          "nrmse": 0.006924332572127039,
          "nstd": 0.004006407239023157,
          "rmse": 0.9036573929645547,
          "std": 0.5228546553849093
        },
        "100": {
          "bias": 12.525423158055728,
          "call_true": 178.606365629786,
          "n_valid": 100,
          "nbias": 0.07012864918834044,
          "nrmse": 0.07100425413712035,
          "nstd": 0.011116504333082866,
          "rmse": 12.681811775684762,
          "std": 1.9854784374396988
        }
      },
      "success_rate": 1.0,
      "t_idx": 30,
      "true_params": {
        "mu": 89.44447092104646,
        "sigma": 17.23871878419285,
        "xi": 0.05
      },
      "true_return_levels": {
        "10": 130.50462027229958,
        "100": 178.60636562978607
      }
    },
    "local": {
      "gev_params": {
        "mu": {
          "bias": -1.706691151148998,
          "call_true": 89.44447092104643,
          "n_valid": 100,
          "nbias": -0.019081013432965713,
          "nrmse": 0.019608785785784923,
          "nstd": 0.004518783726157143,
          "rmse": 1.753897470013668,
          "std": 0.40418021959276046
        },
        "sigma": {
          "bias": -0.04689938592625644,
          "call_true": 17.238718784192848,
          "n_valid": 100,
          "nbias": -0.0027205841984765788,
          "nrmse": 0.017197837782510866,
          "nstd": 0.016981285169637712,
          "rmse": 0.29646868922887154,
          "std": 0.29273559963356904
        },
        "xi": {
          "bias": 0.056849576011300085,
          "call_true": 0.04999999999999999,
          "n_valid": 100,
          "nbias": 1.136991520226002,
          "nrmse": 1.1818636364436557,
          "nstd": 0.32257082645829277,
          "rmse": 0.05909318182218277,
          "std": 0.016128541322914636
        }
      },
      "n_runs": 100,
      "pixel": [
        7,
        1
      ],
      "return_levels": {
        "10": {
          "bias": 0.976321347573471,
          "call_true": 130.50462027229958,
          "n_valid": 100,
          "nbias": 0.0074811247719533906,
          "nrmse": 0.01092593799082906,
          "nstd": 0.007962970119616617,
          "rmse": 1.4258853886118381,
          "std": 1.0392043917002345
        },
        "100": {
          "bias": 11.36279437387604,
          "call_true": 178.606365629786,
          "n_valid": 100,
          "nbias": 0.06361920155426463,
          "nrmse": 0.06750555519187972,
          "nstd": 0.02257425913206835,
          "rmse": 12.056921872642569,
          "std": 4.031906380363735
        }
      },
      "success_rate": 1.0,
      "t_idx": 30,
      "true_params": {
        "mu": 89.44447092104646,
        "sigma": 17.23871878419285,
        "xi": 0.05
      },
      "true_return_levels": {
        "10": 130.50462027229958,
        "100": 178.60636562978607
      }
    },
    "pointwise": {
      "gev_params": {
        "mu": {
          "bias": 0.18259695312987417,
          "call_true": 89.44447092104645,
          "n_valid": 99,
          "nbias": 0.0020414560145484498,
          "nrmse": 0.02246370702355847,
          "nstd": 0.022370753017744716,
          "rmse": 2.0092543896475825,
          "std": 2.0009401677775793
        },
        "sigma": {
          "bias": 0.075469467734177,
          "call_true": 17.23871878419285,
          "n_valid": 99,
          "nbias": 0.004377904685316822,
          "nrmse": 0.0888166685828758,
          "nstd": 0.08870870627354835,
          "rmse": 1.5310855730490522,
          "std": 1.5292244411592641
        },
        "xi": {
          "bias": 0.04828949693150611,
          "call_true": 0.049999999999999996,
          "n_valid": 99,
          "nbias": 0.9657899386301223,
          "nrmse": 1.7948619979945863,
          "nstd": 1.5128712391627859,
          "rmse": 0.08974309989972931,
          "std": 0.07564356195813929
        }
      },
      "n_runs": 100,
      "pixel": [
        7,
        1
      ],
      "return_levels": {
        "10": {
          "bias": 2.8573262189804116,
          "call_true": 130.50462027229958,
          "n_valid": 99,
          "nbias": 0.021894444909448904,
          "nrmse": 0.04658794355080413,
          "nstd": 0.041122618671480766,
          "rmse": 6.079941882365021,
          "std": 5.366691734324174
        },
        "100": {
          "bias": 13.557981392684733,
          "call_true": 178.60636562978604,
          "n_valid": 99,
          "nbias": 0.07590984422575182,
          "nrmse": 0.1312813527838963,
          "nstd": 0.10710970608862637,
          "rmse": 23.44768529569351,
          "std": 19.13047532816412
        }
      },
      "success_rate": 0.99,
      "t_idx": 30,
      "true_params": {
        "mu": 89.44447092104646,
        "sigma": 17.23871878419285,
        "xi": 0.05
      },
      "true_return_levels": {
        "10": 130.50462027229958,
        "100": 178.60636562978607
      }
    },
    "weighted": {
      "gev_params": {
        "mu": {
          "bias": -1.2372878460952876,
          "call_true": 89.44447092104643,
          "n_valid": 100,
          "nbias": -0.013833027724960825,
          "nrmse": 0.014526704312573309,
          "nstd": 0.00443536719397629,
          "rmse": 1.299333381464603,
          "std": 0.39671907200577555
        },
        "sigma": {
          "bias": -0.07421357061621318,
          "call_true": 17.238718784192848,
          "n_valid": 100,
          "nbias": -0.004305051410448425,
          "nrmse": 0.019709121421787695,
          "nstd": 0.019233200450579375,
          "rmse": 0.3397600016737092,
          "std": 0.331555733887549
        },
        "xi": {
          "bias": 0.05516899436712265,
          "call_true": 0.04999999999999999,
          "n_valid": 100,
          "nbias": 1.1033798873424532,
          "nrmse": 1.1535021604253342,
          "nstd": 0.3363332548441632,
          "rmse": 0.0576751080212667,
          "std": 0.016816662742208156
        }
      },
      "n_runs": 100,
      "pixel": [
        7,
        1
      ],
      "return_levels": {
        "10": {
          "bias": 1.289175351479721,
          "call_true": 130.50462027229958,
          "n_valid": 100,
          "nbias": 0.009878388587238062,
          "nrmse": 0.012979673076403716,