{
  "i": 3,
  "j": 1,
  "local_selector_args": {
    "include_center": true,
    "max_points": 23,
    "mode": "circle",
    "radius": null
  },
  "local_selector_points": 23,
  "location": "(3,1)",
  "location_index": 31,
  "raw_report_path": "C:\\github\\EVT_Univariate\\EVT_Classes\\SIM\\_output\\sim_results_all\\blob\\bootstrap_k100\\t_030\\runs_100\\demo_weights_k100_5c6fff0c30fb1252\\raw\\loc_031_i03_j01.json",
  "reports": {
    "full": {
      "gev_params": {
        "mu": {
          "bias": -9.476564643626133,
          "call_true": 95.50105568671694,
          "n_valid": 100,
          "nbias": -0.09922994647004946,
          "nrmse": 0.09924634311750005,
          "nstd": 0.0018039805286288904,
          "rmse": 9.478130540767388,
          "std": 0.17228204492234073
        },
        "sigma": {
          "bias": -1.9779830887828154,
          "call_true": 19.82799380689127,
          "n_valid": 100,
          "nbias": -0.09975709635814806,
          "nrmse": 0.10002319120862346,
          "nstd": 0.007291125135945315,
          "rmse": 1.9832592158300875,
          "std": 0.14456838404079297
        },
        "xi": {
          "bias": 0.053179601430892946,
          "call_true": 0.04999999999999999,
          "n_valid": 100,
          "nbias": 1.063592028617859,
          "nrmse": 1.0743089029619817,
          "nstd": 0.1513658338064554,
          "rmse": 0.05371544514809907,
          "std": 0.007568291690322769
        }
      },
      "n_runs": 100,
      "pixel": [
        3,
        1
      ],
      "return_levels": {
        "10": {
          "bias": -11.4868311614907,
          "call_true": 142.72848582457664,
          "n_valid": 100,
          "nbias": -0.08048029862524307,
          "nrmse": 0.08056362764851473,
          "nstd": 0.0036632817363979778,
          "rmse": 11.498724586807505,
          "std": 0.5228546553849093
        },
        "100": {
          "bias": -6.923378850435515,
          "call_true": 198.05516763827734,
          "n_valid": 100,
          "nbias": -0.03495682002642915,
          "nrmse": 0.036365882351086856,
          "nstd": 0.010024875700622583,
          "rmse": 7.202450925358378,
          "std": 1.9854784374396988
        }
      },
      "success_rate": 1.0,
      "t_idx": 30,
      "true_params": {
        "mu": 95.50105568671695,
        "sigma": 19.827993806891264,
        "xi": 0.05
      },
      "true_return_levels": {
        "10": 142.72848582457664,
        "100": 198.0551676382773
      }
    },
    "local": {
      "gev_params": {
        "mu": {
          "bias": -4.007011192088046,
          "call_true": 95.50105568671694,
          "n_valid": 100,
          "nbias": -0.04195776856365551,
          "nrmse": 0.04217009521057118,
          "nstd": 0.004226415411120919,
          "rmse": 4.027288611018914,
          "std": 0.40362713353265756
        },
        "sigma": {
          "bias": -1.2736413425115534,
          "call_true": 19.82799380689127,
          "n_valid": 100,
          "nbias": -0.064234503748377,
          "nrmse": 0.06643897141349617,
          "nstd": 0.016972490998174102,
          "rmse": 1.3173515137230283,
          "std": 0.33653044639931395
        },
        "xi": {
          "bias": 0.05831324152648449,
          "call_true": 0.04999999999999999,
          "n_valid": 100,
          "nbias": 1.16626483052969,
          "nrmse": 1.2044895536419742,
          "nstd": 0.3010339348017023,
          "rmse": 0.060224477682098695,
          "std": 0.015051696740085113
        }
      },
      "n_runs": 100,
      "pixel": [
        3,
        1
      ],
      "return_levels": {
        "10": {
          "bias": -3.943278457633278,
          "call_true": 142.72848582457664,
          "n_valid": 100,
          "nbias": -0.02762783080652761,
          "nrmse": 0.029133232265077632,
          "nstd": 0.009243818861100872,
          "rmse": 4.158142128370232,
          "std": 1.3193562692815899
        },
        "100": {
          "bias": 4.16921758511136,
          "call_true": 198.05516763827734,
          "n_valid": 100,
          "nbias": 0.021050789205994905,
          "nrmse": 0.031243348108062632,
          "nstd": 0.02308703261154082,
          "rmse": 6.1879065471234,
          "std": 4.572506114149093
        }
      },
      "success_rate": 1.0,
      "t_idx": 30,
      "true_params": {
        "mu": 95.50105568671695,
        "sigma": 19.827993806891264,
        "xi": 0.05
      },
      "true_return_levels": {
        "10": 142.72848582457664,
        "100": 198.0551676382773
      }
    },
    "pointwise": {
      "gev_params": {
        "mu": {
          "bias": -0.24686932894630534,
          "call_true": 95.50105568671695,
          "n_valid": 98,
          "nbias": -0.0025849905759800086,
          "nrmse": 0.023401780310734272,
          "nstd": 0.023258571440094186,
          "rmse": 2.23489472462375,
          "std": 2.2212181262939192
        },
        "sigma": {
          "bias": -0.1970200972370396,
          "call_true": 19.82799380689127,
          "n_valid": 98,
          "nbias": -0.009936461507697503,
          "nrmse": 0.08661523574075901,
          "nstd": 0.08604339483733368,
          "rmse": 1.7174063578501972,
          "std": 1.7060678999585528
        },
        "xi": {
          "bias": 0.06039609232043125,
          "call_true": 0.049999999999999996,
          "n_valid": 98,
          "nbias": 1.207921846408625,
          "nrmse": 2.0256265013447106,
          "nstd": 1.6260650466444424,
          "rmse": 0.10128132506723553,
          "std": 0.08130325233222212
        }
      },
      "n_runs": 100,
      "pixel": [
        3,
        1
      ],
      "return_levels": {
        "10": {
          "bias": 2.8645166504612294,
          "call_true": 142.72848582457664,
          "n_valid": 98,
          "nbias": 0.020069691301720403,
          "nrmse": 0.04832004421063257,
          "nstd": 0.04395491057403183,
          "rmse": 6.896646745160187,
          "std": 6.273617830786235
        },
        "100": {
          "bias": 17.50851336085574,
          "call_true": 198.0551676382773,
          "n_valid": 98,
          "nbias": 0.0884022041415896,
          "nrmse": 0.15349402538317197,
          "nstd": 0.12548093931445745,
          "rmse": 30.400284928738117,
          "std": 24.852148471333372
        }
      },
      "success_rate": 0.98,
      "t_idx": 30,
      "true_params": {
        "mu": 95.50105568671695,
        "sigma": 19.827993806891264,
        "xi": 0.05
      },
      "true_return_levels": {
        "10": 142.72848582457664,
        "100": 198.0551676382773
      }
    },
    "weighted": {
      "gev_params": {
        "mu": {
          "bias": -2.4071690442608973,
          "call_true": 95.50105568671694,
          "n_valid": 100,
          "nbias": -0.025205679947218698,
          "nrmse": 0.025579946808799436,
          "nstd": 0.004359745077339436,
          "rmse": 2.4429119246504123,
          "std": 0.41636025741088356
        },
        "sigma": {
          "bias": -0.7417886813765054,
          "call_true": 19.82799380689127,
          "n_valid": 100,
          "nbias": -0.037411181817027545,
          "nrmse": 0.04104158461496617,
          "nstd": 0.01687646712913386,
          "rmse": 0.8137722855705533,
          "std": 0.33462648571867026
        },
        "xi": {
          "bias": 0.057774011939764024,
          "call_true": 0.04999999999999999,
          "n_valid": 100,
          "nbias": 1.1554802387952807,
          "nrmse": 1.1968124446384218,
          "nstd": 0.3118099507632756,
          "rmse": 0.059840622231921076,
          "std": 0.015590497538163777
        }
      },
      "n_runs": 100,
      "pixel": [
        3,
        1
      ],
      "return_levels": {
        "10": {
          "bias": -1.0168340606606217,
          "call_true": 142.72848582457664,
          "n_valid": 100,
          "nbias": -0.007124254522747353,
          "nrmse": 0.012149104799907006,