{
  "i": 6,
  "j": 1,
  "local_selector_args": {
    "include_center": true,
    "max_points": 31,
    "mode": "circle",
    "radius": null
  },
  "local_selector_points": 31,
  "location": "(6,1)",
  "location_index": 61,
  "raw_report_path": "C:\\github\\EVT_Univariate\\EVT_Classes\\SIM\\_output\\sim_results_all\\blob\\bootstrap_k100\\t_030\\runs_100\\demo_weights_k100_5c6fff0c30fb1252\\raw\\loc_061_i06_j01.json",
  "reports": {
    "full": {
      "gev_params": {
        "mu": {
          "bias": 2.036531619980922,
          "call_true": 83.98795942310991,
          "n_valid": 100,
          "nbias": 0.024247899746217133,
          "nrmse": 0.024334509524792373,
          "nstd": 0.002051270754828412,
          "rmse": 2.0438057985495437,
          "std": 0.1722820449223407
        },
        "sigma": {
          "bias": 2.653197325321417,
          "call_true": 15.196813392787035,
          "n_valid": 100,
          "nbias": 0.1745890573730886,
          "nrmse": 0.17484804116257543,
          "nstd": 0.00951307226746697,
          "rmse": 2.657133053642005,
          "std": 0.14456838404079297
        },
        "xi": {
          "bias": 0.053179601430892946,
          "call_true": 0.04999999999999999,
          "n_valid": 100,
          "nbias": 1.063592028617859,
          "nrmse": 1.0743089029619817,
          "nstd": 0.1513658338064554,
          "rmse": 0.05371544514809907,
          "std": 0.007568291690322769
        }
      },
      "n_runs": 100,
      "pixel": [
        6,
        1
      ],
      "return_levels": {
        "10": {
          "bias": 11.057070921054796,
          "call_true": 120.18458374203118,
          "n_valid": 100,
          "nbias": 0.0920007423313802,
          "nrmse": 0.09210354408691046,
          "nstd": 0.0043504303056637,
          "rmse": 11.06942610725115,
          "std": 0.5228546553849093
        },
        "100": {
          "bias": 28.543053251457422,
          "call_true": 162.58873553638435,
          "n_valid": 100,
          "nbias": 0.17555369477038596,
          "nrmse": 0.17597790883912792,
          "nstd": 0.012211660487361288,
          "rmse": 28.612025680490923,
          "std": 1.9854784374396988
        }
      },
      "success_rate": 1.0,
      "t_idx": 30,
      "true_params": {
        "mu": 83.9879594231099,
        "sigma": 15.196813392787032,
        "xi": 0.05
      },
      "true_return_levels": {
        "10": 120.18458374203114,
        "100": 162.58873553638438
      }
    },
    "local": {
      "gev_params": {
        "mu": {
          "bias": 3.617794437363734,
          "call_true": 83.98795942310991,
          "n_valid": 100,
          "nbias": 0.04307515579868072,
          "nrmse": 0.04328273261076634,
          "nstd": 0.004233898342482895,
          "rmse": 3.6352283902343596,
          "std": 0.3555964821900257
        },
        "sigma": {
          "bias": 2.078392385348415,
          "call_true": 15.196813392787035,
          "n_valid": 100,
          "nbias": 0.13676501327145968,
          "nrmse": 0.13776376017577388,
          "nstd": 0.01655852537593832,
          "rmse": 2.0935701556799016,
          "std": 0.25163682019786343
        },
        "xi": {
          "bias": 0.05613255687057972,
          "call_true": 0.04999999999999999,
          "n_valid": 100,
          "nbias": 1.1226511374115946,
          "nrmse": 1.1552592330237752,
          "nstd": 0.2725404908543576,
          "rmse": 0.05776296165118874,
          "std": 0.013627024542717877
        }
      },
      "n_runs": 100,
      "pixel": [
        6,
        1
      ],
      "return_levels": {
        "10": {
          "bias": 11.33742538272472,
          "call_true": 120.18458374203118,
          "n_valid": 100,
          "nbias": 0.09433344135933279,
          "nrmse": 0.09465021705205948,
          "nstd": 0.007737275315463994,
          "rmse": 11.37549693749467,
          "std": 0.9299012130865332
        },
        "100": {
          "bias": 27.534245268058985,
          "call_true": 162.58873553638435,
          "n_valid": 100,
          "nbias": 0.16934903378898183,
          "nrmse": 0.1706719708248131,
          "nstd": 0.021209110777308693,
          "rmse": 27.749339927909045,
          "std": 3.448362503133722
        }
      },
      "success_rate": 1.0,
      "t_idx": 30,
      "true_params": {
        "mu": 83.9879594231099,
        "sigma": 15.196813392787032,
        "xi": 0.05
      },
      "true_return_levels": {
        "10": 120.18458374203114,
        "100": 162.58873553638438
      }
    },
    "pointwise": {
      "gev_params": {
        "mu": {
          "bias": -0.08433663208934201,
          "call_true": 83.98795942310991,
          "n_valid": 99,
          "nbias": -0.0010041514601453238,
          "nrmse": 0.019907079401590314,
          "nstd": 0.019881737603798855,
          "rmse": 1.6719549770133946,
          "std": 1.6698265711287767
        },
        "sigma": {
          "bias": 0.04729306321931107,
          "call_true": 15.196813392787034,
          "n_valid": 99,
          "nbias": 0.003112038162010866,
          "nrmse": 0.08897587951779679,
          "nstd": 0.08892143922836425,
          "rmse": 1.3521498374910597,
          "std": 1.351322518571504
        },
        "xi": {
          "bias": 0.05723470863556922,
          "call_true": 0.049999999999999996,
          "n_valid": 99,
          "nbias": 1.1446941727113844,
          "nrmse": 1.8846734290868885,
          "nstd": 1.4972204865238552,
          "rmse": 0.09423367145434441,
          "std": 0.07486102432619275
        }
      },
      "n_runs": 100,
      "pixel": [
        6,
        1
      ],
      "return_levels": {
        "10": {
          "bias": 2.632168296789689,
          "call_true": 120.18458374203117,
          "n_valid": 99,
          "nbias": 0.021901047662148388,
          "nrmse": 0.04409773664014206,
          "nstd": 0.03827472387991366,
          "rmse": 5.29986812206119,
          "std": 4.600031757348603
        },
        "100": {
          "bias": 13.559914507758222,
          "call_true": 162.58873553638435,
          "n_valid": 99,
          "nbias": 0.08340008588555488,
          "nrmse": 0.13096738711758402,
          "nstd": 0.10097961260912612,
          "rmse": 21.29382186795214,
          "std": 16.41814752907175
        }
      },
      "success_rate": 0.99,
      "t_idx": 30,
      "true_params": {
        "mu": 83.9879594231099,
        "sigma": 15.196813392787032,
        "xi": 0.05
      },
      "true_return_levels": {
        "10": 120.18458374203114,
        "100": 162.58873553638438
      }
    },
    "weighted": {
      "gev_params": {
        "mu": {
          "bias": 2.9196673011332654,
          "call_true": 83.98795942310991,
          "n_valid": 100,
          "nbias": 0.03476292698605435,
          "nrmse": 0.03500942130095741,
          "nstd": 0.004147105881236357,
          "rmse": 2.940369855651371,
          "std": 0.34830696047661963
        },
        "sigma": {
          "bias": 1.6038188885905131,
          "call_true": 15.196813392787035,
          "n_valid": 100,
          "nbias": 0.10553652579242333,
          "nrmse": 0.10716391746407973,
          "nstd": 0.018605024319071746,
          "rmse": 1.6285500561416513,
          "std": 0.282737082745198
        },
        "xi": {
          "bias": 0.05558507949113846,
          "call_true": 0.04999999999999999,
          "n_valid": 100,
          "nbias": 1.1117015898227693,
          "nrmse": 1.1432340438248827,
          "nstd": 0.2666526844899959,
          "rmse": 0.057161702191244126,
          "std": 0.013332634224499791
        }
      },
      "n_runs": 100,
      "pixel": [
        6,
        1
      ],
      "return_levels": {
        "10": {
          "bias": 9.403111265293083,
          "call_true": 120.18458374203118,
          "n_valid": 100,
          "nbias": 0.07823891361537919,
          "nrmse": 0.07853748219767055,
          "nstd": 0.006841674227457338,