{
  "i": 4,
  "j": 6,
  "local_selector_args": {
    "include_center": true,
    "max_points": 17,
    "mode": "circle",
    "radius": null
  },
  "local_selector_points": 17,
  "location": "(4,6)",
  "location_index": 46,
  "raw_report_path": "C:\\github\\EVT_Univariate\\EVT_Classes\\SIM\\_output\\sim_results_all\\blob\\bootstrap_k100\\t_030\\runs_100\\demo_weights_k100_5c6fff0c30fb1252\\raw\\loc_046_i04_j06.json",
  "reports": {
    "full": {
      "gev_params": {
        "mu": {
          "bias": 11.236453542256386,
          "call_true": 74.78803750083443,
          "n_valid": 100,
          "nbias": 0.15024399513265765,
          "nrmse": 0.1502616540112682,
          "nstd": 0.0023036043019636463,
          "rmse": 11.237774215132136,
          "std": 0.1722820449223407
        },
        "sigma": {
          "bias": 5.563248636560169,
          "call_true": 12.286762081548277,
          "n_valid": 100,
          "nbias": 0.45278394744167894,
          "nrmse": 0.4529368016635534,
          "nstd": 0.011766190561946298,
          "rmse": 5.5651267200175,
          "std": 0.14456838404079297
        },
        "xi": {
          "bias": 0.053179601430892946,
          "call_true": 0.04999999999999999,
          "n_valid": 100,
          "nbias": 1.063592028617859,
          "nrmse": 1.0743089029619817,
          "nstd": 0.1513658338064554,
          "rmse": 0.05371544514809907,
          "std": 0.007568291690322769
        }
      },
      "n_runs": 100,
      "pixel": [
        4,
        6
      ],
      "return_levels": {
        "10": {
          "bias": 27.188316624122937,
          "call_true": 104.05333803896298,
          "n_valid": 100,
          "nbias": 0.26129211360756366,
          "nrmse": 0.2613404254365365,
          "nstd": 0.005024871524920472,
          "rmse": 27.19334363119433,
          "std": 0.5228546553849093
        },
        "100": {
          "bias": 52.79430769199507,
          "call_true": 138.3374810958467,
          "n_valid": 100,
          "nbias": 0.38163415492159136,
          "nrmse": 0.3819039412339536,
          "nstd": 0.014352425833632651,
          "rmse": 52.831629250881406,
          "std": 1.9854784374396988
        }
      },
      "success_rate": 1.0,
      "t_idx": 30,
      "true_params": {
        "mu": 74.78803750083443,
        "sigma": 12.28676208154828,
        "xi": 0.05
      },
      "true_return_levels": {
        "10": 104.053338038963,
        "100": 138.33748109584673
      }
    },
    "local": {
      "gev_params": {
        "mu": {
          "bias": 4.654056157612831,
          "call_true": 74.78803750083443,
          "n_valid": 100,
          "nbias": 0.06222995432338901,
          "nrmse": 0.06244456683678997,
          "nstd": 0.00517268908240664,
          "rmse": 4.670106606313211,
          "std": 0.38685526507518464
        },
        "sigma": {
          "bias": 3.6007985229524424,
          "call_true": 12.286762081548277,
          "n_valid": 100,
          "nbias": 0.2930632577609657,
          "nrmse": 0.29411177666539223,
          "nstd": 0.02481257995056797,
          "rmse": 3.613681425269137,
          "std": 0.30486626648202353
        },
        "xi": {
          "bias": 0.07176077902317048,
          "call_true": 0.04999999999999999,
          "n_valid": 100,
          "nbias": 1.43521558046341,
          "nrmse": 1.472556432830434,
          "nstd": 0.32951280015406154,
          "rmse": 0.07362782164152168,
          "std": 0.016475640007703074
        }
      },
      "n_runs": 100,
      "pixel": [
        4,
        6
      ],
      "return_levels": {
        "10": {
          "bias": 16.529737522560435,
          "call_true": 104.05333803896298,
          "n_valid": 100,
          "nbias": 0.15885831088254798,
          "nrmse": 0.15927526347975993,
          "nstd": 0.01151723144209093,
          "rmse": 16.573122832104353,
          "std": 1.1984063765168604
        },
        "100": {
          "bias": 39.18844038242476,
          "call_true": 138.3374810958467,
          "n_valid": 100,
          "nbias": 0.28328143661422583,
          "nrmse": 0.285122568234145,
          "nstd": 0.03234975403639156,
          "rmse": 39.443137893090295,
          "std": 4.475183487464608
        }
      },
      "success_rate": 1.0,
      "t_idx": 30,
      "true_params": {
        "mu": 74.78803750083443,
        "sigma": 12.28676208154828,
        "xi": 0.05
      },
      "true_return_levels": {
        "10": 104.053338038963,
        "100": 138.33748109584673
      }
    },
    "pointwise": {
      "gev_params": {
        "mu": {
          "bias": -0.027320261454551655,
          "call_true": 74.78803750083443,
          "n_valid": 100,
          "nbias": -0.00036530255863776123,
          "nrmse": 0.01732285329487287,
          "nstd": 0.01731900113506378,
          "rmse": 1.2955422018384053,
          "std": 1.2952541063661442
        },
        "sigma": {
          "bias": -0.1427334295374873,
          "call_true": 12.286762081548277,
          "n_valid": 100,
          "nbias": -0.011616846536960143,
          "nrmse": 0.08884188285338435,
          "nstd": 0.08807910663415691,
          "rmse": 1.0915790774963168,
          "std": 1.0822070275692064
        },
        "xi": {
          "bias": 0.05435201100539416,
          "call_true": 0.04999999999999999,
          "n_valid": 100,
          "nbias": 1.0870402201078835,
          "nrmse": 1.8015571296632091,
          "nstd": 1.436645972850704,
          "rmse": 0.09007785648316044,
          "std": 0.07183229864253518
        }
      },
      "n_runs": 100,
      "pixel": [
        4,
        6
      ],
      "return_levels": {
        "10": {
          "bias": 1.606693546730354,
          "call_true": 104.05333803896298,
          "n_valid": 100,
          "nbias": 0.015441057221333201,
          "nrmse": 0.04091639036238472,
          "nstd": 0.03789095871279274,
          "rmse": 4.257486997711385,
          "std": 3.942680735562612
        },
        "100": {
          "bias": 9.357077696267533,
          "call_true": 138.3374810958467,
          "n_valid": 100,
          "nbias": 0.06763949742430622,
          "nrmse": 0.11825849871218036,
          "nstd": 0.09700500454020938,
          "rmse": 16.359582830019463,
          "std": 13.41942798178374
        }
      },
      "success_rate": 1.0,
      "t_idx": 30,
      "true_params": {
        "mu": 74.78803750083443,
        "sigma": 12.28676208154828,
        "xi": 0.05
      },
      "true_return_levels": {
        "10": 104.053338038963,
        "100": 138.33748109584673
      }
    },
    "weighted": {
      "gev_params": {
        "mu": {
          "bias": 1.2712600608110733,
          "call_true": 74.78803750083443,
          "n_valid": 100,
          "nbias": 0.016998173816192053,
          "nrmse": 0.017672183812168663,
          "nstd": 0.004834063260405155,
          "rmse": 1.3216679456661091,
          "std": 0.36153010440058675
        },
        "sigma": {
          "bias": 0.7671525783457739,
          "call_true": 12.286762081548277,
          "n_valid": 100,
          "nbias": 0.062437326714240696,
          "nrmse": 0.06612193685837739,
          "nstd": 0.021764438120071273,
          "rmse": 0.8124245065500407,
          "std": 0.26741447301989557
        },
        "xi": {
          "bias": 0.04947525896131992,
          "call_true": 0.04999999999999999,
          "n_valid": 100,
          "nbias": 0.9895051792263986,
          "nrmse": 1.0415401035367085,
          "nstd": 0.32509273686040746,
          "rmse": 0.05207700517683541,
          "std": 0.016254636843020368
        }
      },
      "n_runs": 100,
      "pixel": [
        4,
        6
      ],
      "return_levels": {
        "10": {
          "bias": 4.934473011452033,
          "call_true": 104.05333803896298,
          "n_valid": 100,
          "nbias": 0.047422534485191715,
          "nrmse": 0.04826209105911147,
          "nstd": 0.008962848676551916,