{
  "i": 7,
  "j": 9,
  "local_selector_args": {
    "include_center": true,
    "max_points": 10,
    "mode": "circle",
    "radius": null
  },
  "local_selector_points": 10,
  "location": "(7,9)",
  "location_index": 79,
  "raw_report_path": "C:\\github\\EVT_Univariate\\EVT_Classes\\SIM\\_output\\sim_results_all\\blob\\bootstrap_k100\\t_030\\runs_100\\demo_weights_k100_5c6fff0c30fb1252\\raw\\loc_079_i07_j09.json",
  "reports": {
    "full": {
      "gev_params": {
        "mu": {
          "bias": -10.82727892452891,
          "call_true": 96.85176996761972,
          "n_valid": 100,
          "nbias": -0.11179226696784969,
          "nrmse": 0.11180641824598339,
          "nstd": 0.0017788218530228148,
          "rmse": 10.828649500863463,
          "std": 0.1722820449223407
        },
        "sigma": {
          "bias": -2.606534571375996,
          "call_true": 20.456545289484442,
          "n_valid": 100,
          "nbias": -0.12741812141250794,
          "nrmse": 0.12761395503740652,
          "nstd": 0.007067096716233285,
          "rmse": 2.610540650792938,
          "std": 0.14456838404079297
        },
        "xi": {
          "bias": -0.046820398569107094,
          "call_true": 0.15,
          "n_valid": 100,
          "nbias": -0.312135990460714,
          "nrmse": 0.3161876209032193,
          "nstd": 0.05045527793548512,
          "rmse": 0.04742814313548289,
          "std": 0.007568291690322768
        }
      },
      "n_runs": 100,
      "pixel": [
        7,
        9
      ],
      "return_levels": {
        "10": {
          "bias": -20.367763226244133,
          "call_true": 151.60941788933008,
          "n_valid": 100,
          "nbias": -0.134343654304589,
          "nrmse": 0.13438791221590177,
          "nstd": 0.003448695092059361,
          "rmse": 20.37447314241526,
          "std": 0.5228546553849093
        },
        "100": {
          "bias": -41.245979463162854,
          "call_true": 232.3777682510046,
          "n_valid": 100,
          "nbias": -0.17749537648804123,
          "nrmse": 0.17770090533510494,
          "nstd": 0.00854418412046659,
          "rmse": 41.29373979795472,
          "std": 1.9854784374396988
        }
      },
      "success_rate": 1.0,
      "t_idx": 30,
      "true_params": {
        "mu": 96.85176996761973,
        "sigma": 20.456545289484446,
        "xi": 0.15000000000000002
      },
      "true_return_levels": {
        "10": 151.60941788933008,
        "100": 232.37776825100465
      }
    },
    "local": {
      "gev_params": {
        "mu": {
          "bias": -5.978386560026957,
          "call_true": 96.85176996761972,
          "n_valid": 100,
          "nbias": -0.061727179193789644,
          "nrmse": 0.062045471230255896,
          "nstd": 0.006276611264232789,
          "rmse": 6.009213707125311,
          "std": 0.6079009103396449
        },
        "sigma": {
          "bias": -1.054322651917196,
          "call_true": 20.456545289484442,
          "n_valid": 100,
          "nbias": -0.05153962396862602,
          "nrmse": 0.056460142607822436,
          "nstd": 0.02305243727826359,
          "rmse": 1.1549794643076698,
          "std": 0.4715732272157986
        },
        "xi": {
          "bias": -0.05231449872255329,
          "call_true": 0.15,
          "n_valid": 100,
          "nbias": -0.34876332481702194,
          "nrmse": 0.38811370472423934,
          "nstd": 0.17028326710910427,
          "rmse": 0.0582170557086359,
          "std": 0.02554249006636564
        }
      },
      "n_runs": 100,
      "pixel": [
        7,
        9
      ],
      "return_levels": {
        "10": {
          "bias": -11.881815350267571,
          "call_true": 151.60941788933008,
          "n_valid": 100,
          "nbias": -0.07837122202356128,
          "nrmse": 0.0791734095163622,
          "nstd": 0.011241900772522932,
          "rmse": 12.003434529089219,
          "std": 1.7043780320918118
        },
        "100": {
          "bias": -28.571677705350353,
          "call_true": 232.3777682510046,
          "n_valid": 100,
          "nbias": -0.12295357649914444,
          "nrmse": 0.12645058680307517,
          "nstd": 0.029532506309337802,
          "rmse": 29.38430515532854,
          "std": 6.862697907022631
        }
      },
      "success_rate": 1.0,
      "t_idx": 30,
      "true_params": {
        "mu": 96.85176996761973,
        "sigma": 20.456545289484446,
        "xi": 0.15000000000000002
      },
      "true_return_levels": {
        "10": 151.60941788933008,
        "100": 232.37776825100465
      }
    },
    "pointwise": {
      "gev_params": {
        "mu": {
          "bias": 0.14604330633121937,
          "call_true": 96.85176996761972,
          "n_valid": 97,
          "nbias": 0.001507905393779027,
          "nrmse": 0.027957522794541327,
          "nstd": 0.027916828296400537,
          "rmse": 2.7077355665614014,
          "std": 2.703794232388522
        },
        "sigma": {
          "bias": -0.23626031878595563,
          "call_true": 20.456545289484442,
          "n_valid": 97,
          "nbias": -0.011549375294928403,
          "nrmse": 0.09406989618859309,
          "nstd": 0.09335822030881682,
          "rmse": 1.9243450917590543,
          "std": 1.9097866618929775
        },
        "xi": {
          "bias": -0.04865907307380583,
          "call_true": 0.15,
          "n_valid": 97,
          "nbias": -0.32439382049203885,
          "nrmse": 0.625489126604533,
          "nstd": 0.5347946304209499,
          "rmse": 0.09382336899067995,
          "std": 0.08021919456314248
        }
      },
      "n_runs": 100,
      "pixel": [
        7,
        9
      ],
      "return_levels": {
        "10": {
          "bias": -3.40017442953022,
          "call_true": 151.60941788933005,
          "n_valid": 97,
          "nbias": -0.022427197972702706,
          "nrmse": 0.046288841675754186,
          "nstd": 0.040492933393077836,
          "rmse": 7.017824341232453,
          "std": 6.139110060355945
        },
        "100": {
          "bias": -14.811926261585759,
          "call_true": 232.3777682510046,
          "n_valid": 97,
          "nbias": -0.06374072000548067,
          "nrmse": 0.11219076859215338,
          "nstd": 0.09232491088802104,
          "rmse": 26.070640423809504,
          "std": 21.454256746131204
        }
      },
      "success_rate": 0.97,
      "t_idx": 30,
      "true_params": {
        "mu": 96.85176996761973,
        "sigma": 20.456545289484446,
        "xi": 0.15000000000000002
      },
      "true_return_levels": {
        "10": 151.60941788933008,
        "100": 232.37776825100465
      }
    },
    "weighted": {
      "gev_params": {
        "mu": {
          "bias": -1.3163702636402388,
          "call_true": 96.85176996761972,
          "n_valid": 100,
          "nbias": -0.01359159738722729,
          "nrmse": 0.015469257235609466,
          "nstd": 0.007386907328846905,
          "rmse": 1.498224943353185,
          "std": 0.7154350493856046
        },
        "sigma": {
          "bias": -0.5595606523417215,
          "call_true": 20.456545289484442,
          "n_valid": 100,
          "nbias": -0.02735362420307402,
          "nrmse": 0.039744649631222796,
          "nstd": 0.028834292383647316,
          "rmse": 0.8130382251958003,
          "std": 0.5898500080363176
        },
        "xi": {
          "bias": -0.046298381909728084,
          "call_true": 0.15,
          "n_valid": 100,
          "nbias": -0.3086558793981872,
          "nrmse": 0.3418219483550416,
          "nstd": 0.14688019774689995,
          "rmse": 0.051273292253256234,
          "std": 0.02203202966203499
        }
      },
      "n_runs": 100,
      "pixel": [
        7,
        9
      ],
      "return_levels": {
        "10": {
          "bias": -5.6247168090078095,
          "call_true": 151.60941788933008,
          "n_valid": 100,
          "nbias": -0.037100048844681065,
          "nrmse": 0.039604814757550996,