{
  "i": 4,
  "j": 4,
  "local_selector_args": {
    "include_center": true,
    "max_points": 17,
    "mode": "circle",
    "radius": null
  },
  "local_selector_points": 17,
  "location": "(4,4)",
  "location_index": 44,
  "raw_report_path": "C:\\github\\EVT_Univariate\\EVT_Classes\\SIM\\_output\\sim_results_all\\blob\\bootstrap_k100\\t_030\\runs_100\\demo_weights_k100_5c6fff0c30fb1252\\raw\\loc_044_i04_j04.json",
  "reports": {
    "full": {
      "gev_params": {
        "mu": {
          "bias": -3.141189996655553,
          "call_true": 89.1656810397464,
          "n_valid": 100,
          "nbias": -0.03522868843737468,
          "nrmse": 0.03528163428087587,
          "nstd": 0.0019321564408345004,
          "rmse": 3.1459109488495605,
          "std": 0.1722820449223407
        },
        "sigma": {
          "bias": 0.7219767923363335,
          "call_true": 17.128033925772115,
          "n_valid": 100,
          "nbias": 0.04215176099400372,
          "nrmse": 0.042988512653717274,
          "nstd": 0.008440454092239076,
          "rmse": 0.7363087031513533,
          "std": 0.14456838404079297
        },
        "xi": {
          "bias": 0.053179601430892946,
          "call_true": 0.04999999999999999,
          "n_valid": 100,
          "nbias": 1.063592028617859,
          "nrmse": 1.0743089029619817,
          "nstd": 0.1513658338064554,
          "rmse": 0.05371544514809907,
          "std": 0.007568291690322769
        }
      },
      "n_runs": 100,
      "pixel": [
        4,
        4
      ],
      "return_levels": {
        "10": {
          "bias": 1.2794596892292123,
          "call_true": 129.96219497385673,
          "n_valid": 100,
          "nbias": 0.009844860572619516,
          "nrmse": 0.010635170210175458,
          "nstd": 0.004023128845200614,
          "rmse": 1.3821700644349757,
          "std": 0.5228546553849093
        },
        "100": {
          "bias": 13.376695937644682,
          "call_true": 177.75509285019717,
          "n_valid": 100,
          "nbias": 0.07525351720255842,
          "nrmse": 0.07607795328826798,
          "nstd": 0.011169741499969047,
          "rmse": 13.52324365060904,
          "std": 1.9854784374396988
        }
      },
      "success_rate": 1.0,
      "t_idx": 30,
      "true_params": {
        "mu": 89.16568103974637,
        "sigma": 17.128033925772115,
        "xi": 0.05
      },
      "true_return_levels": {
        "10": 129.96219497385673,
        "100": 177.75509285019712
      }
    },
    "local": {
      "gev_params": {
        "mu": {
          "bias": -2.6593923587161,
          "call_true": 89.1656810397464,
          "n_valid": 100,
          "nbias": -0.029825290713931203,
          "nrmse": 0.030226197425999135,
          "nstd": 0.004906632721629492,
          "rmse": 2.6951394787310425,
          "std": 0.43750324823599807
        },
        "sigma": {
          "bias": 0.29194021113190355,
          "call_true": 17.128033925772115,
          "n_valid": 100,
          "nbias": 0.017044583890777364,
          "nrmse": 0.02674487238303023,
          "nstd": 0.020609957757715708,
          "rmse": 0.45808708151698746,
          "std": 0.35300805568288485
        },
        "xi": {
          "bias": 0.05382097315043211,
          "call_true": 0.04999999999999999,
          "n_valid": 100,
          "nbias": 1.0764194630086426,
          "nrmse": 1.131519773638817,
          "nstd": 0.34879526629790386,
          "rmse": 0.05657598868194084,
          "std": 0.01743976331489519
        }
      },
      "n_runs": 100,
      "pixel": [
        4,
        4
      ],
      "return_levels": {
        "10": {
          "bias": 0.7094139891559701,
          "call_true": 129.96219497385673,
          "n_valid": 100,
          "nbias": 0.005458618095044303,
          "nrmse": 0.010301769722603254,
          "nstd": 0.008736701202971294,
          "rmse": 1.338840605264738,
          "std": 1.1354408651688839
        },
        "100": {
          "bias": 11.5632386012189,
          "call_true": 177.75509285019717,
          "n_valid": 100,
          "nbias": 0.06505151788232477,
          "nrmse": 0.06911306110614915,
          "nstd": 0.023343419558151435,
          "rmse": 12.285198594084893,
          "std": 4.149411711000317
        }
      },
      "success_rate": 1.0,
      "t_idx": 30,
      "true_params": {
        "mu": 89.16568103974637,
        "sigma": 17.128033925772115,
        "xi": 0.05
      },
      "true_return_levels": {
        "10": 129.96219497385673,
        "100": 177.75509285019712
      }
    },
    "pointwise": {
      "gev_params": {
        "mu": {
          "bias": 0.018990918541182584,
          "call_true": 89.16568103974636,
          "n_valid": 96,
          "nbias": 0.00021298461829408582,
          "nrmse": 0.02240863048627909,
          "nstd": 0.022407618298760954,
          "rmse": 1.9980807984770976,
          "std": 1.9979905460877032
        },
        "sigma": {
          "bias": -0.3017737197948512,
          "call_true": 17.128033925772115,
          "n_valid": 96,
          "nbias": -0.017618701662003366,
          "nrmse": 0.08785225346832141,
          "nstd": 0.08606741422401111,
          "rmse": 1.5047363778609402,
          "std": 1.4741655907323439
        },
        "xi": {
          "bias": 0.04941735781224754,
          "call_true": 0.049999999999999996,
          "n_valid": 96,
          "nbias": 0.988347156244951,
          "nrmse": 1.7969900933356384,
          "nstd": 1.500780894830736,
          "rmse": 0.08984950466678192,
          "std": 0.07503904474153679
        }
      },
      "n_runs": 100,
      "pixel": [
        4,
        4
      ],
      "return_levels": {
        "10": {
          "bias": 1.7686596168771207,
          "call_true": 129.9621949738567,
          "n_valid": 96,
          "nbias": 0.013609031589785828,
          "nrmse": 0.04129446935161685,
          "nstd": 0.03898752952188474,
          "rmse": 5.366719877216778,
          "std": 5.066904913272178
        },
        "100": {
          "bias": 11.254715372255683,
          "call_true": 177.75509285019712,
          "n_valid": 96,
          "nbias": 0.0633158532438819,
          "nrmse": 0.11949900619954362,
          "nstd": 0.10134651059941716,
          "rmse": 21.241556942506158,
          "std": 18.014858401642883
        }
      },
      "success_rate": 0.96,
      "t_idx": 30,
      "true_params": {
        "mu": 89.16568103974637,
        "sigma": 17.128033925772115,
        "xi": 0.05
      },
      "true_return_levels": {
        "10": 129.96219497385673,
        "100": 177.75509285019712
      }
    },
    "weighted": {
      "gev_params": {
        "mu": {
          "bias": -3.6243393344241075,
          "call_true": 89.1656810397464,
          "n_valid": 100,
          "nbias": -0.04064724557880656,
          "nrmse": 0.040889111136527316,
          "nstd": 0.0044408148341799234,
          "rmse": 3.6459054415983374,
          "std": 0.39596827906106136
        },
        "sigma": {
          "bias": -0.7791100827816716,
          "call_true": 17.128033925772115,
          "n_valid": 100,
          "nbias": -0.04548742057366926,
          "nrmse": 0.04909552834366552,
          "nstd": 0.01847337199587005,
          "rmse": 0.8409098750740095,
          "std": 0.3164125422686707
        },
        "xi": {
          "bias": 0.05175505928695202,
          "call_true": 0.04999999999999999,
          "n_valid": 100,
          "nbias": 1.0351011857390406,
          "nrmse": 1.096952222413374,
          "nstd": 0.36313869738609855,
          "rmse": 0.05484761112066869,
          "std": 0.018156934869304923
        }
      },
      "n_runs": 100,
      "pixel": [
        4,
        4
      ],
      "return_levels": {
        "10": {
          "bias": -3.066653286845008,
          "call_true": 129.96219497385673,
          "n_valid": 100,
          "nbias": -0.023596502717285573,
          "nrmse": 0.025365392426397612,