{
  "i": 3,
  "j": 7,
  "local_selector_args": {
    "include_center": true,
    "max_points": 17,
    "mode": "circle",
    "radius": null
  },
  "local_selector_points": 17,
  "location": "(3,7)",
  "location_index": 37,
  "raw_report_path": "C:\\github\\EVT_Univariate\\EVT_Classes\\SIM\\_output\\sim_results_all\\blob\\bootstrap_k100\\t_030\\runs_100\\demo_weights_k100_5c6fff0c30fb1252\\raw\\loc_037_i03_j07.json",
  "reports": {
    "full": {
      "gev_params": {
        "mu": {
          "bias": 6.618112622933427,
          "call_true": 79.40637842015737,
          "n_valid": 100,
          "nbias": 0.0833448490487184,
          "nrmse": 0.08337308399335956,
          "nstd": 0.0021696247625191626,
          "rmse": 6.620354657632275,
          "std": 0.1722820449223407
        },
        "sigma": {
          "bias": 4.179667440464881,
          "call_true": 13.670343277643564,
          "n_valid": 100,
          "nbias": 0.30574707273812907,
          "nrmse": 0.30592991040628453,
          "nstd": 0.010575329463541682,
          "rmse": 4.182166894152649,
          "std": 0.14456838404079295
        },
        "xi": {
          "bias": -0.046820398569107094,
          "call_true": 0.15,
          "n_valid": 100,
          "nbias": -0.312135990460714,
          "nrmse": 0.3161876209032193,
          "nstd": 0.05045527793548512,
          "rmse": 0.04742814313548289,
          "std": 0.007568291690322768
        }
      },
      "n_runs": 100,
      "pixel": [
        3,
        7
      ],
      "return_levels": {
        "10": {
          "bias": 15.242790387024188,
          "call_true": 115.99886427606178,
          "n_valid": 100,
          "nbias": 0.13140465195200865,
          "nrmse": 0.13148193532273159,
          "nstd": 0.0045074118496590205,
          "rmse": 15.251755170255475,
          "std": 0.5228546553849093
        },
        "100": {
          "bias": 21.15846011477114,
          "call_true": 169.97332867307065,
          "n_valid": 100,
          "nbias": 0.12448105994010186,
          "nrmse": 0.12502792804687296,
          "nstd": 0.011681117578503148,
          "rmse": 21.251413107224167,
          "std": 1.9854784374396988
        }
      },
      "success_rate": 1.0,
      "t_idx": 30,
      "true_params": {
        "mu": 79.4063784201574,
        "sigma": 13.670343277643568,
        "xi": 0.15000000000000002
      },
      "true_return_levels": {
        "10": 115.99886427606175,
        "100": 169.97332867307065
      }
    },
    "local": {
      "gev_params": {
        "mu": {
          "bias": -0.16732469396110616,
          "call_true": 79.40637842015737,
          "n_valid": 100,
          "nbias": -0.0021071946270582046,
          "nrmse": 0.005002888199669002,
          "nstd": 0.0045374685830410315,
          "rmse": 0.3972612335766566,
          "std": 0.36030394737453136
        },
        "sigma": {
          "bias": 2.0078032664683345,
          "call_true": 13.670343277643564,
          "n_valid": 100,
          "nbias": 0.14687292233194243,
          "nrmse": 0.14852624615323057,
          "nstd": 0.022099558412901434,
          "rmse": 2.0304047706544486,
          "std": 0.3021085497886984
        },
        "xi": {
          "bias": -0.030899271741509457,
          "call_true": 0.15,
          "n_valid": 100,
          "nbias": -0.20599514494339638,
          "nrmse": 0.24077924300065928,
          "nstd": 0.1246621198268328,
          "rmse": 0.03611688645009889,
          "std": 0.01869931797402492
        }
      },
      "n_runs": 100,
      "pixel": [
        3,
        7
      ],
      "return_levels": {
        "10": {
          "bias": 3.7150679138796545,
          "call_true": 115.99886427606178,
          "n_valid": 100,
          "nbias": 0.03202676109861119,
          "nrmse": 0.03375587859485753,
          "nstd": 0.010665172912018156,
          "rmse": 3.9156435796440974,
          "std": 1.2371479451019247
        },
        "100": {
          "bias": 5.442280000025048,
          "call_true": 169.97332867307065,
          "n_valid": 100,
          "nbias": 0.032018435142214655,
          "nrmse": 0.04289988561019738,
          "nstd": 0.02855205765635488,
          "rmse": 7.291836356859213,
          "std": 4.853088280316071
        }
      },
      "success_rate": 1.0,
      "t_idx": 30,
      "true_params": {
        "mu": 79.4063784201574,
        "sigma": 13.670343277643568,
        "xi": 0.15000000000000002
      },
      "true_return_levels": {
        "10": 115.99886427606175,
        "100": 169.97332867307065
      }
    },
    "pointwise": {
      "gev_params": {
        "mu": {
          "bias": -0.15720729937754033,
          "call_true": 79.40637842015738,
          "n_valid": 98,
          "nbias": -0.001979781756897669,
          "nrmse": 0.02092389162957827,
          "nstd": 0.020830019325996575,
          "rmse": 1.6614904567606557,
          "std": 1.6540363970992757
        },
        "sigma": {
          "bias": -0.1959071612055962,
          "call_true": 13.670343277643566,
          "n_valid": 98,
          "nbias": -0.014330815051731885,
          "nrmse": 0.09031308529797957,
          "nstd": 0.08916883489197999,
          "rmse": 1.234610878486485,
          "std": 1.2189685826408878
        },
        "xi": {
          "bias": -0.050070987803367356,
          "call_true": 0.15,
          "n_valid": 98,
          "nbias": -0.3338065853557824,
          "nrmse": 0.6064184659464756,
          "nstd": 0.5062771172134779,
          "rmse": 0.09096276989197134,
          "std": 0.07594156758202168
        }
      },
      "n_runs": 100,
      "pixel": [
        3,
        7
      ],
      "return_levels": {
        "10": {
          "bias": -2.6342322339748976,
          "call_true": 115.99886427606178,
          "n_valid": 98,
          "nbias": -0.022709120907475244,
          "nrmse": 0.04439710102071301,
          "nstd": 0.038149684227435844,
          "rmse": 5.150013295552292,
          "std": 4.425320042872945
        },
        "100": {
          "bias": -10.53109626863427,
          "call_true": 169.97332867307065,
          "n_valid": 98,
          "nbias": -0.06195734560738023,
          "nrmse": 0.1095592866588058,
          "nstd": 0.09035775903857964,
          "rmse": 18.622156640444363,
          "std": 15.358409075226616
        }
      },
      "success_rate": 0.98,
      "t_idx": 30,
      "true_params": {
        "mu": 79.4063784201574,
        "sigma": 13.670343277643568,
        "xi": 0.15000000000000002
      },
      "true_return_levels": {
        "10": 115.99886427606175,
        "100": 169.97332867307065
      }
    },
    "weighted": {
      "gev_params": {
        "mu": {
          "bias": -3.0228614218663803,
          "call_true": 79.40637842015737,
          "n_valid": 100,
          "nbias": -0.03806824441572851,
          "nrmse": 0.03835984040917987,
          "nstd": 0.004720818077632865,
          "rmse": 3.046016003668181,
          "std": 0.3748630667252352
        },
        "sigma": {
          "bias": -0.46490190335340104,
          "call_true": 13.670343277643564,
          "n_valid": 100,
          "nbias": -0.034008063580502776,
          "nrmse": 0.03954395452961941,
          "nstd": 0.020178601322814422,
          "rmse": 0.5405794329754254,
          "std": 0.27584840694558566
        },
        "xi": {
          "bias": -0.04978916555643085,
          "call_true": 0.15,
          "n_valid": 100,
          "nbias": -0.3319277703762057,
          "nrmse": 0.35124086061049603,
          "nstd": 0.11486556235653397,
          "rmse": 0.0526861290915744,
          "std": 0.017229834353480095
        }
      },
      "n_runs": 100,
      "pixel": [
        3,
        7
      ],
      "return_levels": {
        "10": {
          "bias": -6.275220324645739,
          "call_true": 115.99886427606178,
          "n_valid": 100,
          "nbias": -0.054097256587888255,
          "nrmse": 0.05475115753877454,