{
  "i": 8,
  "j": 7,
  "local_selector_args": {
    "include_center": true,
    "max_points": 15,
    "mode": "circle",
    "radius": null
  },
  "local_selector_points": 15,
  "location": "(8,7)",
  "location_index": 87,
  "raw_report_path": "C:\\github\\EVT_Univariate\\EVT_Classes\\SIM\\_output\\sim_results_all\\blob\\bootstrap_k100\\t_030\\runs_100\\demo_weights_k100_5c6fff0c30fb1252\\raw\\loc_087_i08_j07.json",
  "reports": {
    "full": {
      "gev_params": {
        "mu": {
          "bias": -10.652969495610813,
          "call_true": 96.67746053870165,
          "n_valid": 100,
          "nbias": -0.11019082872316703,
          "nrmse": 0.11020523745402641,
          "nstd": 0.0017820290682270586,
          "rmse": 10.654362495119884,
          "std": 0.17228204492234073
        },
        "sigma": {
          "bias": -2.5243134998824543,
          "call_true": 20.374324217990907,
          "n_valid": 100,
          "nbias": -0.12389679642250115,
          "nrmse": 0.12409981439292558,
          "nstd": 0.007095616153645793,
          "rmse": 2.52844985383396,
          "std": 0.14456838404079297
        },
        "xi": {
          "bias": 0.053179601430892946,
          "call_true": 0.04999999999999999,
          "n_valid": 100,
          "nbias": 1.063592028617859,
          "nrmse": 1.0743089029619817,
          "nstd": 0.1513658338064554,
          "rmse": 0.05371544514809907,
          "std": 0.007568291690322769
        }
      },
      "n_runs": 100,
      "pixel": [
        8,
        7
      ],
      "return_levels": {
        "10": {
          "bias": -13.964516494682156,
          "call_true": 145.20617115776807,
          "n_valid": 100,
          "nbias": -0.09617026868306829,
          "nrmse": 0.0962376545559718,
          "nstd": 0.0036007743418619725,
          "rmse": 13.9743013392766,
          "std": 0.5228546553849093
        },
        "100": {
          "bias": -10.925507307547695,
          "call_true": 202.05729609538957,
          "n_valid": 100,
          "nbias": -0.054071332828238255,
          "nrmse": 0.0549569420605824,
          "nstd": 0.00982631400007635,
          "rmse": 11.104451114432267,
          "std": 1.9854784374396988
        }
      },
      "success_rate": 1.0,
      "t_idx": 30,
      "true_params": {
        "mu": 96.67746053870164,
        "sigma": 20.374324217990903,
        "xi": 0.05
      },
      "true_return_levels": {
        "10": 145.2061711577681,
        "100": 202.0572960953895
      }
    },
    "local": {
      "gev_params": {
        "mu": {
          "bias": -9.572923032598123,
          "call_true": 96.67746053870165,
          "n_valid": 100,
          "nbias": -0.09901918171263835,
          "nrmse": 0.0991525427672893,
          "nstd": 0.005140855004630682,
          "rmse": 9.585816040696539,
          "std": 0.49700480684536963
        },
        "sigma": {
          "bias": -1.828070622661769,
          "call_true": 20.374324217990907,
          "n_valid": 100,
          "nbias": -0.0897242334569089,
          "nrmse": 0.09172267545154018,
          "nstd": 0.019042350762410648,
          "rmse": 1.8687875277912351,
          "std": 0.38797502830606084
        },
        "xi": {
          "bias": 0.05435008078813553,
          "call_true": 0.04999999999999999,
          "n_valid": 100,
          "nbias": 1.087001615762711,
          "nrmse": 1.1527346667596288,
          "nstd": 0.3836987089875187,
          "rmse": 0.05763673333798142,
          "std": 0.01918493544937593
        }
      },
      "n_runs": 100,
      "pixel": [
        8,
        7
      ],
      "return_levels": {
        "10": {
          "bias": -11.043334396293485,
          "call_true": 145.20617115776807,
          "n_valid": 100,
          "nbias": -0.07605278968684315,
          "nrmse": 0.07675878388351162,
          "nstd": 0.010386726343003543,
          "rmse": 11.145849110451318,
          "std": 1.5082167631310708
        },
        "100": {
          "bias": -5.293541212576988,
          "call_true": 202.05729609538957,
          "n_valid": 100,
          "nbias": -0.026198218598738207,
          "nrmse": 0.03804349208534009,
          "nstd": 0.027585514900035142,
          "rmse": 7.686965144790172,
          "std": 5.573854552100181
        }
      },
      "success_rate": 1.0,
      "t_idx": 30,
      "true_params": {
        "mu": 96.67746053870164,
        "sigma": 20.374324217990903,
        "xi": 0.05
      },
      "true_return_levels": {
        "10": 145.2061711577681,
        "100": 202.0572960953895
      }
    },
    "pointwise": {
      "gev_params": {
        "mu": {
          "bias": 0.1772313231542254,
          "call_true": 96.67746053870165,
          "n_valid": 99,
          "nbias": 0.0018332227818838565,
          "nrmse": 0.024057512947623684,
          "nstd": 0.023987563933360618,
          "rmse": 2.3258192586531927,
          "std": 2.319056765587054
        },
        "sigma": {
          "bias": -0.23404526017595517,
          "call_true": 20.374324217990907,
          "n_valid": 99,
          "nbias": -0.011487264935604041,
          "nrmse": 0.07967108731075405,
          "nstd": 0.07883860030199062,
          "rmse": 1.6232445636691641,
          "std": 1.6062832034453527
        },
        "xi": {
          "bias": 0.041252417251881626,
          "call_true": 0.049999999999999996,
          "n_valid": 99,
          "nbias": 0.8250483450376326,
          "nrmse": 1.7496582805451224,
          "nstd": 1.542919092833703,
          "rmse": 0.08748291402725611,
          "std": 0.07714595464168515
        }
      },
      "n_runs": 100,
      "pixel": [
        8,
        7
      ],
      "return_levels": {
        "10": {
          "bias": 2.1698581169123012,
          "call_true": 145.20617115776807,
          "n_valid": 99,
          "nbias": 0.014943291318898058,
          "nrmse": 0.045541732572027746,
          "nstd": 0.043020314390072034,
          "rmse": 6.6129406146751615,
          "std": 6.246815134585792
        },
        "100": {
          "bias": 12.328591127671194,
          "call_true": 202.05729609538957,
          "n_valid": 99,
          "nbias": 0.06101532271247938,
          "nrmse": 0.12755774435600395,
          "nstd": 0.11201834019250442,
          "rmse": 25.773972920601096,
          "std": 22.634122932390945
        }
      },
      "success_rate": 0.99,
      "t_idx": 30,
      "true_params": {
        "mu": 96.67746053870164,
        "sigma": 20.374324217990903,
        "xi": 0.05
      },
      "true_return_levels": {
        "10": 145.2061711577681,
        "100": 202.0572960953895
      }
    },
    "weighted": {
      "gev_params": {
        "mu": {
          "bias": -2.0263666361137473,
          "call_true": 96.67746053870165,
          "n_valid": 100,
          "nbias": -0.0209600730596617,
          "nrmse": 0.021763247048371643,
          "nstd": 0.005857837435615742,
          "rmse": 2.104015457712965,
          "std": 0.5663208475238701
        },
        "sigma": {
          "bias": -0.709486034200428,
          "call_true": 20.374324217990907,
          "n_valid": 100,
          "nbias": -0.0348225554187431,
          "nrmse": 0.04193811664099561,
          "nstd": 0.023370820728042866,
          "rmse": 0.8544607855355643,
          "std": 0.4761646787536877
        },
        "xi": {
          "bias": 0.05349420756101608,
          "call_true": 0.04999999999999999,
          "n_valid": 100,
          "nbias": 1.0698841512203219,
          "nrmse": 1.1326855127021707,
          "nstd": 0.37191984842563897,
          "rmse": 0.05663427563510852,
          "std": 0.018595992421281946
        }
      },
      "n_runs": 100,
      "pixel": [
        8,
        7
      ],
      "return_levels": {
        "10": {
          "bias": -0.7070151213911435,
          "call_true": 145.20617115776807,
          "n_valid": 100,
          "nbias": -0.004869043207695105,
          "nrmse": 0.013604603962961929,