{
  "i": 1,
  "j": 2,
  "local_selector_args": {
    "include_center": true,
    "max_points": 28,
    "mode": "circle",
    "radius": null
  },
  "local_selector_points": 28,
  "location": "(1,2)",
  "location_index": 12,
  "raw_report_path": "C:\\github\\EVT_Univariate\\EVT_Univariate\\EVT_Classes\\SIM\\_output\\sim_results_all\\blob\\bootstrap_k100\\t_030\\runs_100\\demo_weights_k100_5c6fff0c30fb1252\\raw\\loc_012_i01_j02.json",
  "reports": {
    "full": {
      "gev_params": {
        "mu": {
          "bias": -7.336293189983071,
          "call_true": 93.36078453824967,
          "n_valid": 100,
          "nbias": -0.07858002935887294,
          "nrmse": 0.0786016939897096,
          "nstd": 0.0018453411637453223,
          "rmse": 7.3383158169147125,
          "std": 0.17228249878798996
        },
        "sigma": {
          "bias": -1.0213213072129603,
          "call_true": 18.871333112510108,
          "n_valid": 100,
          "nbias": -0.054120252190128004,
          "nrmse": 0.05465975622352784,
          "nstd": 0.00766076062101112,
          "rmse": 1.0315024675427913,
          "std": 0.14456876557430065
        },
        "xi": {
          "bias": -0.04682041935622696,
          "call_true": 0.15,
          "n_valid": 100,
          "nbias": -0.31213612904151306,
          "nrmse": 0.3161877668611685,
          "nstd": 0.050455335294026335,
          "rmse": 0.047428165029175275,
          "std": 0.00756830029410395
        }
      },
      "n_runs": 100,
      "pixel": [
        1,
        2
      ],
      "return_levels": {
        "10": {
          "bias": -12.633513526360039,
          "call_true": 143.87517002050072,
          "n_valid": 100,
          "nbias": -0.08780885210811493,
          "nrmse": 0.08788402084201279,
          "nstd": 0.003634090094444475,
          "rmse": 12.644328440729819,
          "std": 0.5228553302080163
        },
        "100": {
          "bias": -27.25285323138467,
          "call_true": 218.38464476580836,
          "n_valid": 100,
          "nbias": -0.1247929004377122,
          "nrmse": 0.1251236449289207,
          "nstd": 0.0090916731486491,
          "rmse": 27.325082749605485,
          "std": 1.9854818108945722
        }
      },
      "success_rate": 1.0,
      "t_idx": 30,
      "true_params": {
        "mu": 93.36078453824967,
        "sigma": 18.87133311251011,
        "xi": 0.15000000000000002
      },
      "true_return_levels": {
        "10": 143.87517002050066,
        "100": 218.3846447658085
      }
    },
    "local": {
      "gev_params": {
        "mu": {
          "bias": -2.4107907943531903,
          "call_true": 93.36078453824967,
          "n_valid": 100,
          "nbias": -0.025822306509919006,
          "nrmse": 0.0261061122857302,
          "nstd": 0.0038389562621821667,
          "rmse": 2.43728712423941,
          "std": 0.3584079684453536
        },
        "sigma": {
          "bias": -0.30394619030961423,
          "call_true": 18.871333112510108,
          "n_valid": 100,
          "nbias": -0.016106238414504138,
          "nrmse": 0.02079436633308107,
          "nstd": 0.013152747063998714,
          "rmse": 0.3924174139351382,
          "std": 0.248209871189309
        },
        "xi": {
          "bias": -0.041008887737989455,
          "call_true": 0.15,
          "n_valid": 100,
          "nbias": -0.27339258491992974,
          "nrmse": 0.2872884752481944,
          "nstd": 0.08826756211220212,
          "rmse": 0.04309327128722916,
          "std": 0.013240134316830318
        }
      },
      "n_runs": 100,
      "pixel": [
        1,
        2
      ],
      "return_levels": {
        "10": {
          "bias": -5.564604682365898,
          "call_true": 143.87517002050072,
          "n_valid": 100,
          "nbias": -0.03867661585785094,
          "nrmse": 0.03937255392181268,
          "nstd": 0.007370033114598694,
          "rmse": 5.664732889642131,
          "std": 1.0603647674196075
        },
        "100": {
          "bias": -16.458478841736234,
          "call_true": 218.38464476580836,
          "n_valid": 100,
          "nbias": -0.07536463408123772,
          "nrmse": 0.07745503267428172,
          "nstd": 0.0178732765987434,
          "rmse": 16.914989795897093,
          "std": 3.9032491608176128
        }
      },
      "success_rate": 1.0,
      "t_idx": 30,
      "true_params": {
        "mu": 93.36078453824967,
        "sigma": 18.87133311251011,
        "xi": 0.15000000000000002
      },
      "true_return_levels": {
        "10": 143.87517002050066,
        "100": 218.3846447658085
      }
    },
    "pointwise": {
      "gev_params": {
        "mu": {
          "bias": 0.07658408357649706,
          "call_true": 93.36078453824967,
          "n_valid": 100,
          "nbias": 0.0008203024851951705,
          "nrmse": 0.02703020544433814,
          "nstd": 0.027017755461842312,
          "rmse": 2.5235611865134766,
          "std": 2.5223988463801783
        },
        "sigma": {
          "bias": -0.2360055652954401,
          "call_true": 18.871333112510108,
          "n_valid": 100,
          "nbias": -0.012506035683244245,
          "nrmse": 0.09204018701317701,
          "nstd": 0.09118659494086846,
          "rmse": 1.73692102886339,
          "std": 1.7208126085246578
        },
        "xi": {
          "bias": -0.044408338665962256,
          "call_true": 0.15,
          "n_valid": 100,
          "nbias": -0.29605559110641505,
          "nrmse": 0.6194732533279977,
          "nstd": 0.5441490591404208,
          "rmse": 0.09292098799919966,
          "std": 0.08162235887106312
        }
      },
      "n_runs": 100,
      "pixel": [
        1,
        2
      ],
      "return_levels": {
        "10": {
          "bias": -2.9831294626393334,
          "call_true": 143.87517002050072,
          "n_valid": 100,
          "nbias": -0.020734150737853296,
          "nrmse": 0.045058560291474356,
          "nstd": 0.04000461034331428,
          "rmse": 6.482808022814855,
          "std": 5.755670114748224
        },
        "100": {
          "bias": -12.546523885681545,
          "call_true": 218.38464476580836,
          "n_valid": 100,
          "nbias": -0.057451492979903436,
          "nrmse": 0.10710368983598431,
          "nstd": 0.09039096376775077,
          "rmse": 23.389801257938753,
          "std": 19.739998512459305
        }
      },
      "success_rate": 1.0,
      "t_idx": 30,
      "true_params": {
        "mu": 93.36078453824967,
        "sigma": 18.87133311251011,
        "xi": 0.15000000000000002
      },
      "true_return_levels": {
        "10": 143.87517002050066,
        "100": 218.3846447658085
      }
    },
    "weighted": {
      "gev_params": {
        "mu": {
          "bias": -3.450400779704753,
          "call_true": 93.36078453824967,
          "n_valid": 100,
          "nbias": -0.03695770977900397,
          "nrmse": 0.037172961938723534,
          "nstd": 0.0039945947464921265,
          "rmse": 3.4704968902097235,
          "std": 0.3729384994448755
        },
        "sigma": {
          "bias": -1.078114098842565,
          "call_true": 18.871333112510108,
          "n_valid": 100,
          "nbias": -0.05712972647003226,
          "nrmse": 0.05912586614781807,
          "nstd": 0.015233594493388406,
          "rmse": 1.1157839156411595,
          "std": 0.2874782361856323
        },
        "xi": {
          "bias": -0.043322587013244665,
          "call_true": 0.15,
          "n_valid": 100,
          "nbias": -0.28881724675496445,
          "nrmse": 0.30298333889448376,
          "nstd": 0.09156146364345426,
          "rmse": 0.04544750083417256,
          "std": 0.013734219546518139
        }
      },
      "n_runs": 100,
      "pixel": [
        1,
        2
      ],
      "return_levels": {
        "10": {
          "bias": -8.701295203606133,
          "call_true": 143.87517002050072,
          "n_valid": 100,
          "nbias": -0.06047808807013947,