{
  "i": 7,
  "j": 6,
  "local_selector_args": {
    "include_center": true,
    "max_points": 26,
    "mode": "circle",
    "radius": null
  },
  "local_selector_points": 26,
  "location": "(7,6)",
  "location_index": 76,
  "raw_report_path": "C:\\github\\EVT_Univariate\\EVT_Classes\\SIM\\_output\\sim_results_all\\blob\\bootstrap_k100\\t_030\\runs_100\\demo_weights_k100_5c6fff0c30fb1252\\raw\\loc_076_i07_j06.json",
  "reports": {
    "full": {
      "gev_params": {
        "mu": {
          "bias": 8.23747040823926,
          "call_true": 77.78702063485157,
          "n_valid": 100,
          "nbias": 0.1058977492775775,
          "nrmse": 0.1059209073043401,
          "nstd": 0.0022147916646797464,
          "rmse": 8.239271802144904,
          "std": 0.1722820449223407
        },
        "sigma": {
          "bias": 4.681694566470336,
          "call_true": 13.168316151638109,
          "n_valid": 100,
          "nbias": 0.35552719972385716,
          "nrmse": 0.35569666465642635,
          "nstd": 0.010978501911408693,
          "rmse": 4.683926134279023,
          "std": 0.14456838404079295
        },
        "xi": {
          "bias": 0.053179601430892946,
          "call_true": 0.04999999999999999,
          "n_valid": 100,
          "nbias": 1.063592028617859,
          "nrmse": 1.0743089029619817,
          "nstd": 0.1513658338064554,
          "rmse": 0.05371544514809907,
          "std": 0.007568291690322769
        }
      },
      "n_runs": 100,
      "pixel": [
        7,
        6
      ],
      "return_levels": {
        "10": {
          "bias": 22.089598455720044,
          "call_true": 109.15205620736585,
          "n_valid": 100,
          "nbias": 0.20237455182479086,
          "nrmse": 0.2024312346389682,
          "nstd": 0.004790149389321589,
          "rmse": 22.09578550143912,
          "std": 0.5228546553849093
        },
        "100": {
          "bias": 45.23576116110393,
          "call_true": 145.8960276267378,
          "n_valid": 100,
          "nbias": 0.3100547828268201,
          "nrmse": 0.3103532976967529,
          "nstd": 0.013608858786199246,
          "rmse": 45.27931329481464,
          "std": 1.9854784374396988
        }
      },
      "success_rate": 1.0,
      "t_idx": 30,
      "true_params": {
        "mu": 77.78702063485156,
        "sigma": 13.168316151638113,
        "xi": 0.05
      },
      "true_return_levels": {
        "10": 109.15205620736589,
        "100": 145.89602762673786
      }
    },
    "local": {
      "gev_params": {
        "mu": {
          "bias": 4.731528406896489,
          "call_true": 77.78702063485157,
          "n_valid": 100,
          "nbias": 0.06082670821276554,
          "nrmse": 0.060983056161386544,
          "nstd": 0.004364024150014188,
          "rmse": 4.743690248002087,
          "std": 0.33946443660814424
        },
        "sigma": {
          "bias": 3.607111797122633,
          "call_true": 13.168316151638109,
          "n_valid": 100,
          "nbias": 0.27392354159676796,
          "nrmse": 0.2748627885058559,
          "nstd": 0.022703432874757713,
          "rmse": 3.6194800973659516,
          "std": 0.2989659818223036
        },
        "xi": {
          "bias": 0.06862605474889279,
          "call_true": 0.04999999999999999,
          "n_valid": 100,
          "nbias": 1.3725210949778561,
          "nrmse": 1.4067865503620036,
          "nstd": 0.30860045709657313,
          "rmse": 0.07033932751810017,
          "std": 0.015430022854828654
        }
      },
      "n_runs": 100,
      "pixel": [
        7,
        6
      ],
      "return_levels": {
        "10": {
          "bias": 16.642166281037433,
          "call_true": 109.15205620736585,
          "n_valid": 100,
          "nbias": 0.1524677304238853,
          "nrmse": 0.1527638078719728,
          "nstd": 0.009506428084956437,
          "rmse": 16.67448374329281,
          "std": 1.0376461726604462
        },
        "100": {
          "bias": 39.343901725068775,
          "call_true": 145.8960276267378,
          "n_valid": 100,
          "nbias": 0.2696708221948763,
          "nrmse": 0.27099010864937234,
          "nstd": 0.026707426729994255,
          "rmse": 39.5363803780815,
          "std": 3.8965074680383176
        }
      },
      "success_rate": 1.0,
      "t_idx": 30,
      "true_params": {
        "mu": 77.78702063485156,
        "sigma": 13.168316151638113,
        "xi": 0.05
      },
      "true_return_levels": {
        "10": 109.15205620736589,
        "100": 145.89602762673786
      }
    },
    "pointwise": {
      "gev_params": {
        "mu": {
          "bias": -0.002464460086730237,
          "call_true": 77.78702063485157,
          "n_valid": 98,
          "nbias": -3.168215039754414e-05,
          "nrmse": 0.022483704476820937,
          "nstd": 0.022483682154895445,
          "rmse": 1.7489403840863749,
          "std": 1.7489386477302962
        },
        "sigma": {
          "bias": -0.20105998533929995,
          "call_true": 13.16831615163811,
          "n_valid": 98,
          "nbias": -0.01526846584058422,
          "nrmse": 0.08681994247708164,
          "nstd": 0.08546681439365034,
          "rmse": 1.1432724508052459,
          "std": 1.1254540324089624
        },
        "xi": {
          "bias": 0.038883772594569134,
          "call_true": 0.049999999999999996,
          "n_valid": 98,
          "nbias": 0.7776754518913828,
          "nrmse": 1.9593525282201414,
          "nstd": 1.798411304837743,
          "rmse": 0.09796762641100706,
          "std": 0.08992056524188714
        }
      },
      "n_runs": 100,
      "pixel": [
        7,
        6
      ],
      "return_levels": {
        "10": {
          "bias": 1.07963659335059,
          "call_true": 109.15205620736585,
          "n_valid": 98,
          "nbias": 0.009891124646332898,
          "nrmse": 0.03865581648417119,
          "nstd": 0.03736894166669197,
          "rmse": 4.219361853621873,
          "std": 4.078896821212537
        },
        "100": {
          "bias": 7.464960367397782,
          "call_true": 145.8960276267378,
          "n_valid": 98,
          "nbias": 0.051166303077807083,
          "nrmse": 0.11898256626729892,
          "nstd": 0.10741908817757749,
          "rmse": 17.359083775234005,
          "std": 15.67201825639483
        }
      },
      "success_rate": 0.98,
      "t_idx": 30,
      "true_params": {
        "mu": 77.78702063485156,
        "sigma": 13.168316151638113,
        "xi": 0.05
      },
      "true_return_levels": {
        "10": 109.15205620736589,
        "100": 145.89602762673786
      }
    },
    "weighted": {
      "gev_params": {
        "mu": {
          "bias": 3.8828167002918685,
          "call_true": 77.78702063485157,
          "n_valid": 99,
          "nbias": 0.04991599714968666,
          "nrmse": 0.05015454976980337,
          "nstd": 0.00488590740437799,
          "rmse": 3.9013729978753844,
          "std": 0.3800601800843248
        },
        "sigma": {
          "bias": 2.1611543049496844,
          "call_true": 13.16831615163811,
          "n_valid": 99,
          "nbias": 0.16411774140772292,
          "nrmse": 0.16517638415968408,
          "nstd": 0.01867096246301513,
          "rmse": 2.175094847399149,
          "std": 0.245865136568351
        },
        "xi": {
          "bias": 0.05687237624267135,
          "call_true": 0.049999999999999996,
          "n_valid": 99,
          "nbias": 1.137447524853427,
          "nrmse": 1.1735203010541329,
          "nstd": 0.288726557820709,
          "rmse": 0.058676015052706636,
          "std": 0.014436327891035447
        }
      },
      "n_runs": 100,
      "pixel": [
        7,
        6
      ],
      "return_levels": {
        "10": {
          "bias": 11.519229248511245,
          "call_true": 109.15205620736585,
          "n_valid": 99,
          "nbias": 0.10553378148577561,
          "nrmse": 0.10575711839366375,
          "nstd": 0.006869429106117871,