{
  "i": 9,
  "j": 7,
  "local_selector_args": {
    "include_center": true,
    "max_points": 25,
    "mode": "circle",
    "radius": null
  },
  "local_selector_points": 25,
  "location": "(9,7)",
  "location_index": 97,
  "raw_report_path": "C:\\github\\EVT_Univariate\\EVT_Classes\\SIM\\_output\\sim_results_all\\blob\\bootstrap_k100\\t_030\\runs_100\\demo_weights_k100_5c6fff0c30fb1252\\raw\\loc_097_i09_j07.json",
  "reports": {
    "full": {
      "gev_params": {
        "mu": {
          "bias": -3.9798216988117314,
          "call_true": 90.0043127419026,
          "n_valid": 100,
          "nbias": -0.04421812219403657,
          "nrmse": 0.04425953358216744,
          "nstd": 0.0019141532185949653,
          "rmse": 3.983548902340139,
          "std": 0.1722820449223407
        },
        "sigma": {
          "bias": 0.3868591087433538,
          "call_true": 17.46315160936509,
          "n_valid": 100,
          "nbias": 0.02215288038476915,
          "nrmse": 0.02364917274368888,
          "nstd": 0.008278481872840424,
          "rmse": 0.41298908905910353,
          "std": 0.14456838404079297
        },
        "xi": {
          "bias": 0.053179601430892946,
          "call_true": 0.04999999999999999,
          "n_valid": 100,
          "nbias": 1.063592028617859,
          "nrmse": 1.0743089029619817,
          "nstd": 0.1513658338064554,
          "rmse": 0.05371544514809907,
          "std": 0.007568291690322769
        }
      },
      "n_runs": 100,
      "pixel": [
        9,
        7
      ],
      "return_levels": {
        "10": {
          "bias": -0.35737414794820777,
          "call_true": 131.59902881103415,
          "n_valid": 100,
          "nbias": -0.0027156290679118075,
          "nrmse": 0.004812491821637483,
          "nstd": 0.003973089012196947,
          "rmse": 0.6333192498885374,
          "std": 0.5228546553849093
        },
        "100": {
          "bias": 10.804772568421413,
          "call_true": 180.32701621942036,
          "n_valid": 100,
          "nbias": 0.05991765845709031,
          "nrmse": 0.060920894761187346,
          "nstd": 0.011010432485744598,
          "rmse": 10.985683177702231,
          "std": 1.9854784374396988
        }
      },
      "success_rate": 1.0,
      "t_idx": 30,
      "true_params": {
        "mu": 90.00431274190255,
        "sigma": 17.463151609365095,
        "xi": 0.05
      },
      "true_return_levels": {
        "10": 131.59902881103415,
        "100": 180.3270162194204
      }
    },
    "local": {
      "gev_params": {
        "mu": {
          "bias": -3.428633115437708,
          "call_true": 90.0043127419026,
          "n_valid": 100,
          "nbias": -0.03809409806027513,
          "nrmse": 0.03833392657910457,
          "nstd": 0.004281310540748162,
          "rmse": 3.4502187164508595,
          "std": 0.3853364128547017
        },
        "sigma": {
          "bias": 1.073974407089614,
          "call_true": 17.46315160936509,
          "n_valid": 100,
          "nbias": 0.06149946075676661,
          "nrmse": 0.06419633740754854,
          "nstd": 0.018411574163301258,
          "rmse": 1.1210703729139757,
          "std": 0.3215241109807991
        },
        "xi": {
          "bias": 0.05006263595074415,
          "call_true": 0.04999999999999999,
          "n_valid": 100,
          "nbias": 1.0012527190148832,
          "nrmse": 1.0588349122758443,
          "nstd": 0.3444188788662692,
          "rmse": 0.052941745613792196,
          "std": 0.017220943943313458
        }
      },
      "n_runs": 100,
      "pixel": [
        9,
        7
      ],
      "return_levels": {
        "10": {
          "bias": 1.7726089147959327,
          "call_true": 131.59902881103415,
          "n_valid": 100,
          "nbias": 0.013469772009801529,
          "nrmse": 0.016349152899343387,
          "nstd": 0.009266069421824747,
          "rmse": 2.151532643436693,
          "std": 1.2194057368077573
        },
        "100": {
          "bias": 14.657842636780789,
          "call_true": 180.32701621942036,
          "n_valid": 100,
          "nbias": 0.08128478441048041,
          "nrmse": 0.08535279633629075,
          "nstd": 0.026036199142080073,
          "rmse": 15.391415089307184,
          "std": 4.695030104985932
        }
      },
      "success_rate": 1.0,
      "t_idx": 30,
      "true_params": {
        "mu": 90.00431274190255,
        "sigma": 17.463151609365095,
        "xi": 0.05
      },
      "true_return_levels": {
        "10": 131.59902881103415,
        "100": 180.3270162194204
      }
    },
    "pointwise": {
      "gev_params": {
        "mu": {
          "bias": -0.028526727423518573,
          "call_true": 90.00431274190258,
          "n_valid": 98,
          "nbias": -0.00031694845007396643,
          "nrmse": 0.020158664124487406,
          "nstd": 0.02015617232918719,
          "rmse": 1.8143667103193364,
          "std": 1.8141424379958468
        },
        "sigma": {
          "bias": -0.11814966713288749,
          "call_true": 17.463151609365095,
          "n_valid": 98,
          "nbias": -0.006765655465622052,
          "nrmse": 0.08986239343723666,
          "nstd": 0.08960734155407811,
          "rmse": 1.5692806005748787,
          "std": 1.5648265908710268
        },
        "xi": {
          "bias": 0.05927055515253878,
          "call_true": 0.049999999999999996,
          "n_valid": 98,
          "nbias": 1.1854111030507757,
          "nrmse": 2.014121592436986,
          "nstd": 1.6283385108400656,
          "rmse": 0.10070607962184928,
          "std": 0.08141692554200328
        }
      },
      "n_runs": 100,
      "pixel": [
        9,
        7
      ],
      "return_levels": {
        "10": {
          "bias": 2.8182001991001817,
          "call_true": 131.59902881103417,
          "n_valid": 98,
          "nbias": 0.021415053169935586,
          "nrmse": 0.04931325525790251,
          "nstd": 0.04442063306460053,
          "rmse": 6.489576499450595,
          "std": 5.845712170472742
        },
        "100": {
          "bias": 15.713691894269427,
          "call_true": 180.32701621942036,
          "n_valid": 98,
          "nbias": 0.08713997615947432,
          "nrmse": 0.15040473049851769,
          "nstd": 0.12258958973443866,
          "rmse": 27.122036276083747,
          "std": 22.106214936374208
        }
      },
      "success_rate": 0.98,
      "t_idx": 30,
      "true_params": {
        "mu": 90.00431274190255,
        "sigma": 17.463151609365095,
        "xi": 0.05
      },
      "true_return_levels": {
        "10": 131.59902881103415,
        "100": 180.3270162194204
      }
    },
    "weighted": {
      "gev_params": {
        "mu": {
          "bias": 0.053927690836705434,
          "call_true": 90.0043127419026,
          "n_valid": 100,
          "nbias": 0.0005991678531155402,
          "nrmse": 0.004292055465223658,
          "nstd": 0.004250027999948845,
          "rmse": 0.3863035023975823,
          "std": 0.3825208492692386
        },
        "sigma": {
          "bias": 0.5460206744059541,
          "call_true": 17.46315160936509,
          "n_valid": 100,
          "nbias": 0.03126701792551212,
          "nrmse": 0.03612430965852651,
          "nstd": 0.01809252161393806,
          "rmse": 0.6308442963505002,
          "std": 0.3159524479399151
        },
        "xi": {
          "bias": 0.05697291776537895,
          "call_true": 0.04999999999999999,
          "n_valid": 100,
          "nbias": 1.1394583553075792,
          "nrmse": 1.1792305357230362,
          "nstd": 0.30367632917530024,
          "rmse": 0.0589615267861518,
          "std": 0.01518381645876501
        }
      },
      "n_runs": 100,
      "pixel": [
        9,
        7
      ],
      "return_levels": {
        "10": {
          "bias": 4.287994809571323,
          "call_true": 131.59902881103415,
          "n_valid": 100,
          "nbias": 0.03258378764883247,
          "nrmse": 0.03371834515059161,