{
  "i": 5,
  "j": 5,
  "local_selector_args": {
    "include_center": true,
    "max_points": 17,
    "mode": "circle",
    "radius": null
  },
  "local_selector_points": 17,
  "location": "(5,5)",
  "location_index": 55,
  "raw_report_path": "C:\\github\\EVT_Univariate\\EVT_Classes\\SIM\\_output\\sim_results_all\\blob\\bootstrap_k100\\t_030\\runs_100\\demo_weights_k100_5c6fff0c30fb1252\\raw\\loc_055_i05_j05.json",
  "reports": {
    "full": {
      "gev_params": {
        "mu": {
          "bias": 8.01298252847147,
          "call_true": 78.01150851461932,
          "n_valid": 100,
          "nbias": 0.1027153900885001,
          "nrmse": 0.10273912824493181,
          "nstd": 0.0022084183244585652,
          "rmse": 8.014834377864064,
          "std": 0.1722820449223407
        },
        "sigma": {
          "bias": 4.61321608374216,
          "call_true": 13.236794634366287,
          "n_valid": 100,
          "nbias": 0.3485145921781553,
          "nrmse": 0.34868568171169473,
          "nstd": 0.010921706352190015,
          "rmse": 4.615480760761712,
          "std": 0.14456838404079297
        },
        "xi": {
          "bias": 0.053179601430892946,
          "call_true": 0.04999999999999999,
          "n_valid": 100,
          "nbias": 1.063592028617859,
          "nrmse": 1.0743089029619817,
          "nstd": 0.1513658338064554,
          "rmse": 0.05371544514809907,
          "std": 0.007568291690322769
        }
      },
      "n_runs": 100,
      "pixel": [
        5,
        5
      ],
      "return_levels": {
        "10": {
          "bias": 21.702004676763035,
          "call_true": 109.53964998632297,
          "n_valid": 100,
          "nbias": 0.1981200841838798,
          "nrmse": 0.19817757490467833,
          "nstd": 0.0047731999823825665,
          "rmse": 21.70830219019677,
          "std": 0.5228546553849093
        },
        "100": {
          "bias": 44.657089693607865,
          "call_true": 146.47469909423393,
          "n_valid": 100,
          "nbias": 0.3048792041885534,
          "nrmse": 0.3051803888566319,
          "nstd": 0.013555094836974875,
          "rmse": 44.70120562723646,
          "std": 1.9854784374396988
        }
      },
      "success_rate": 1.0,
      "t_idx": 30,
      "true_params": {
        "mu": 78.01150851461935,
        "sigma": 13.236794634366289,
        "xi": 0.05
      },
      "true_return_levels": {
        "10": 109.53964998632291,
        "100": 146.47469909423393
      }
    },
    "local": {
      "gev_params": {
        "mu": {
          "bias": 2.0284946897263523,
          "call_true": 78.01150851461932,
          "n_valid": 100,
          "nbias": 0.026002505634745075,
          "nrmse": 0.02653576478087276,
          "nstd": 0.005293062744844192,
          "rmse": 2.0700950401449907,
          "std": 0.41291980938782696
        },
        "sigma": {
          "bias": 2.4284786160962484,
          "call_true": 13.236794634366287,
          "n_valid": 100,
          "nbias": 0.18346425121617158,
          "nrmse": 0.1850558841074875,
          "nstd": 0.024218768930177534,
          "rmse": 2.4495467338119,
          "std": 0.32057887062593093
        },
        "xi": {
          "bias": 0.06167066719383001,
          "call_true": 0.04999999999999999,
          "n_valid": 100,
          "nbias": 1.2334133438766006,
          "nrmse": 1.2789294013516306,
          "nstd": 0.33815963211001854,
          "rmse": 0.06394647006758152,
          "std": 0.016907981605500923
        }
      },
      "n_runs": 100,
      "pixel": [
        5,
        5
      ],
      "return_levels": {
        "10": {
          "bias": 10.584130989018881,
          "call_true": 109.53964998632297,
          "n_valid": 100,
          "nbias": 0.09662374300392969,
          "nrmse": 0.09713913108820513,
          "nstd": 0.009993151478990341,
          "rmse": 10.640586419377534,
          "std": 1.0946463152689077
        },
        "100": {
          "bias": 27.846053469242634,
          "call_true": 146.47469909423393,
          "n_valid": 100,
          "nbias": 0.1901082824640451,
          "nrmse": 0.19198047637007898,
          "nstd": 0.02674592017211761,
          "rmse": 28.120282508275004,
          "std": 3.9176006092093285
        }
      },
      "success_rate": 1.0,
      "t_idx": 30,
      "true_params": {
        "mu": 78.01150851461935,
        "sigma": 13.236794634366289,
        "xi": 0.05
      },
      "true_return_levels": {
        "10": 109.53964998632291,
        "100": 146.47469909423393
      }
    },
    "pointwise": {
      "gev_params": {
        "mu": {
          "bias": -0.14273775955218718,
          "call_true": 78.01150851461932,
          "n_valid": 98,
          "nbias": -0.0018297013129215183,
          "nrmse": 0.019776493664646004,
          "nstd": 0.019691670695328945,
          "rmse": 1.5427941039088469,
          "std": 1.5361769361157338
        },
        "sigma": {
          "bias": -0.07294107122369381,
          "call_true": 13.236794634366287,
          "n_valid": 98,
          "nbias": -0.005510478423100947,
          "nrmse": 0.08850365215971721,
          "nstd": 0.08833193688104407,
          "rmse": 1.171504668029565,
          "std": 1.1692317081501857
        },
        "xi": {
          "bias": 0.041935414633219495,
          "call_true": 0.049999999999999996,
          "n_valid": 98,
          "nbias": 0.83870829266439,
          "nrmse": 1.7153225926124924,
          "nstd": 1.4962954242203732,
          "rmse": 0.08576612963062462,
          "std": 0.07481477121101865
        }
      },
      "n_runs": 100,
      "pixel": [
        5,
        5
      ],
      "return_levels": {
        "10": {
          "bias": 1.3494353551501015,
          "call_true": 109.53964998632296,
          "n_valid": 98,
          "nbias": 0.012319149781093795,
          "nrmse": 0.04039572907395415,
          "nstd": 0.03847146313941389,
          "rmse": 4.424934023703267,
          "std": 4.2141506067531225
        },
        "100": {
          "bias": 8.19827500568436,
          "call_true": 146.47469909423396,
          "n_valid": 98,
          "nbias": 0.05597058779694117,
          "nrmse": 0.11592070743690817,
          "nstd": 0.10151307164271091,
          "rmse": 16.979450740611853,
          "std": 14.869096622997494
        }
      },
      "success_rate": 0.98,
      "t_idx": 30,
      "true_params": {
        "mu": 78.01150851461935,
        "sigma": 13.236794634366289,
        "xi": 0.05
      },
      "true_return_levels": {
        "10": 109.53964998632291,
        "100": 146.47469909423393
      }
    },
    "weighted": {
      "gev_params": {
        "mu": {
          "bias": -1.357283966279507,
          "call_true": 78.01150851461932,
          "n_valid": 100,
          "nbias": -0.01739850942665918,
          "nrmse": 0.017984266012831256,
          "nstd": 0.004552548050348191,
          "rmse": 1.4029797211891644,
          "std": 0.3551511409929515
        },
        "sigma": {
          "bias": -0.013604983401815627,
          "call_true": 13.236794634366287,
          "n_valid": 100,
          "nbias": -0.0010278155533586222,
          "nrmse": 0.021022950138409217,
          "nstd": 0.020997810069393285,
          "rmse": 0.2782764735906451,
          "std": 0.27794369965998744
        },
        "xi": {
          "bias": 0.04857595354318619,
          "call_true": 0.04999999999999999,
          "n_valid": 100,
          "nbias": 0.971519070863724,
          "nrmse": 1.0295438057798454,
          "nstd": 0.3407508517490961,
          "rmse": 0.05147719028899225,
          "std": 0.0170375425874548
        }
      },
      "n_runs": 100,
      "pixel": [
        5,
        5
      ],
      "return_levels": {
        "10": {
          "bias": 0.43577581018587525,
          "call_true": 109.53964998632297,
          "n_valid": 100,
          "nbias": 0.003978247239609455,
          "nrmse": 0.009569144772204158,