{
  "i": 4,
  "j": 0,
  "local_selector_args": {
    "include_center": true,
    "max_points": 7,
    "mode": "circle",
    "radius": null
  },
  "local_selector_points": 7,
  "location": "(4,0)",
  "location_index": 40,
  "raw_report_path": "C:\\github\\EVT_Univariate\\EVT_Classes\\SIM\\_output\\sim_results_all\\blob\\bootstrap_k100\\t_030\\runs_100\\demo_weights_k100_5c6fff0c30fb1252\\raw\\loc_040_i04_j00.json",
  "reports": {
    "full": {
      "gev_params": {
        "mu": {
          "bias": 0.708598561979785,
          "call_true": 85.31589248111104,
          "n_valid": 100,
          "nbias": 0.008305586935478275,
          "nrmse": 0.00854754469080249,
          "nstd": 0.002019342937313631,
          "rmse": 0.7292414038179967,
          "std": 0.1722820449223407
        },
        "sigma": {
          "bias": 2.1797055763851767,
          "call_true": 15.670305141723272,
          "n_valid": 100,
          "nbias": 0.1390978386618369,
          "nrmse": 0.13940344653798598,
          "nstd": 0.0092256266060748,
          "rmse": 2.184494545058147,
          "std": 0.14456838404079297
        },
        "xi": {
          "bias": 0.053179601430892946,
          "call_true": 0.04999999999999999,
          "n_valid": 100,
          "nbias": 1.063592028617859,
          "nrmse": 1.0743089029619817,
          "nstd": 0.1513658338064554,
          "rmse": 0.05371544514809907,
          "std": 0.007568291690322769
        }
      },
      "n_runs": 100,
      "pixel": [
        4,
        0
      ],
      "return_levels": {
        "10": {
          "bias": 8.601348601491194,
          "call_true": 122.64030606159474,
          "n_valid": 100,
          "nbias": 0.07013476138237344,
          "nrmse": 0.07026422017420214,
          "nstd": 0.004263318252991894,
          "rmse": 8.617225467343431,
          "std": 0.5228546553849093
        },
        "100": {
          "bias": 24.76613184388003,
          "call_true": 166.3656569439618,
          "n_valid": 100,
          "nbias": 0.14886565111345182,
          "nrmse": 0.1493432709529947,
          "nstd": 0.011934424892202858,
          "rmse": 24.84559138225505,
          "std": 1.9854784374396988
        }
      },
      "success_rate": 1.0,
      "t_idx": 30,
      "true_params": {
        "mu": 85.31589248111104,
        "sigma": 15.670305141723272,
        "xi": 0.05
      },
      "true_return_levels": {
        "10": 122.64030606159474,
        "100": 166.36565694396177
      }
    },
    "local": {
      "gev_params": {
        "mu": {
          "bias": 6.335966497160448,
          "call_true": 85.31589248111104,
          "n_valid": 100,
          "nbias": 0.07426478599591785,
          "nrmse": 0.07486796956479196,
          "nstd": 0.009484430807124727,
          "rmse": 6.387427641668884,
          "std": 0.8091726789851903
        },
        "sigma": {
          "bias": 2.9256363547117257,
          "call_true": 15.670305141723272,
          "n_valid": 100,
          "nbias": 0.18669938640326897,
          "nrmse": 0.1906100583695237,
          "nstd": 0.038412673276876884,
          "rmse": 2.98691777773212,
          "std": 0.6019383115579799
        },
        "xi": {
          "bias": 0.056722211576998235,
          "call_true": 0.04999999999999999,
          "n_valid": 100,
          "nbias": 1.134444231539965,
          "nrmse": 1.284783831739166,
          "nstd": 0.6030802432712187,
          "rmse": 0.06423919158695829,
          "std": 0.030154012163560926
        }
      },
      "n_runs": 100,
      "pixel": [
        4,
        0
      ],
      "return_levels": {
        "10": {
          "bias": 16.34701464763377,
          "call_true": 122.64030606159474,
          "n_valid": 100,
          "nbias": 0.1332923503910995,
          "nrmse": 0.13464304977587221,
          "nstd": 0.019023674202539073,
          "rmse": 16.512664833579503,
          "std": 2.3330692266154562
        },
        "100": {
          "bias": 36.12037958557925,
          "call_true": 166.3656569439618,
          "n_valid": 100,
          "nbias": 0.2171143987833135,
          "nrmse": 0.22364423534644218,
          "nstd": 0.053647757126045165,
          "rmse": 37.206720135140856,
          "std": 8.925144357844612
        }
      },
      "success_rate": 1.0,
      "t_idx": 30,
      "true_params": {
        "mu": 85.31589248111104,
        "sigma": 15.670305141723272,
        "xi": 0.05
      },
      "true_return_levels": {
        "10": 122.64030606159474,
        "100": 166.36565694396177
      }
    },
    "pointwise": {
      "gev_params": {
        "mu": {
          "bias": 0.35202477047587877,
          "call_true": 85.31589248111104,
          "n_valid": 100,
          "nbias": 0.004126133598776068,
          "nrmse": 0.021123041324659073,
          "nstd": 0.020716126479829816,
          "rmse": 1.8021311225286787,
          "std": 1.767414819378258
        },
        "sigma": {
          "bias": -0.06240186394206356,
          "call_true": 15.670305141723272,
          "n_valid": 100,
          "nbias": -0.003982172866303303,
          "nrmse": 0.09091579581164741,
          "nstd": 0.09082854302105724,
          "rmse": 1.4246782625711216,
          "std": 1.4233109847181067
        },
        "xi": {
          "bias": 0.04335208519361913,
          "call_true": 0.04999999999999999,
          "n_valid": 100,
          "nbias": 0.8670417038723829,
          "nrmse": 1.9008683868577299,
          "nstd": 1.6916084972301315,
          "rmse": 0.09504341934288647,
          "std": 0.08458042486150656
        }
      },
      "n_runs": 100,
      "pixel": [
        4,
        0
      ],
      "return_levels": {
        "10": {
          "bias": 2.3185554801533046,
          "call_true": 122.64030606159474,
          "n_valid": 100,
          "nbias": 0.018905330185565873,
          "nrmse": 0.04861037599236958,
          "nstd": 0.04478344721763022,
          "rmse": 5.961591389473402,
          "std": 5.492255673263444
        },
        "100": {
          "bias": 11.314536537483546,
          "call_true": 166.3656569439618,
          "n_valid": 100,
          "nbias": 0.06801004934146178,
          "nrmse": 0.13927659467150263,
          "nstd": 0.12154259751980771,
          "rmse": 23.170842169442423,
          "std": 20.22051408305835
        }
      },
      "success_rate": 1.0,
      "t_idx": 30,
      "true_params": {
        "mu": 85.31589248111104,
        "sigma": 15.670305141723272,
        "xi": 0.05
      },
      "true_return_levels": {
        "10": 122.64030606159474,
        "100": 166.36565694396177
      }
    },
    "weighted": {
      "gev_params": {
        "mu": {
          "bias": -1.57102179934834,
          "call_true": 85.31589248111104,
          "n_valid": 100,
          "nbias": -0.018414175292090683,
          "nrmse": 0.019757749072385714,
          "nstd": 0.00716148006486897,
          "rmse": 1.685649995528431,
          "std": 0.6109880632199811
        },
        "sigma": {
          "bias": -0.015368613631057269,
          "call_true": 15.670305141723272,
          "n_valid": 100,
          "nbias": -0.000980747566308538,
          "nrmse": 0.02978657458579993,
          "nstd": 0.02977042424566036,
          "rmse": 0.4667647128861844,
          "std": 0.4665116321280547
        },
        "xi": {
          "bias": 0.049165206402540206,
          "call_true": 0.04999999999999999,
          "n_valid": 100,
          "nbias": 0.9833041280508044,
          "nrmse": 1.1476904016895142,
          "nstd": 0.5918667501122914,
          "rmse": 0.05738452008447569,
          "std": 0.02959333750561456
        }
      },
      "n_runs": 100,
      "pixel": [
        4,
        0
      ],
      "return_levels": {
        "10": {
          "bias": 0.6061099540302576,
          "call_true": 122.64030606159474,
          "n_valid": 100,
          "nbias": 0.004942175810665749,
          "nrmse": 0.016897749967051085,
          "nstd": 0.016158862961404345,