{
  "i": 3,
  "j": 6,
  "local_selector_args": {
    "include_center": true,
    "max_points": 19,
    "mode": "circle",
    "radius": null
  },
  "local_selector_points": 19,
  "location": "(3,6)",
  "location_index": 36,
  "raw_report_path": "C:\\github\\EVT_Univariate\\EVT_Classes\\SIM\\_output\\sim_results_all\\blob\\bootstrap_k100\\t_030\\runs_100\\demo_weights_k100_5c6fff0c30fb1252\\raw\\loc_036_i03_j06.json",
  "reports": {
    "full": {
      "gev_params": {
        "mu": {
          "bias": 1.3011104903881698,
          "call_true": 84.72338055270268,
          "n_valid": 100,
          "nbias": 0.015357159758029324,
          "nrmse": 0.015491201906322917,
          "nstd": 0.002033465187513046,
          "rmse": 1.3124669943281497,
          "std": 0.1722820449223407
        },
        "sigma": {
          "bias": 2.3927692535311396,
          "call_true": 15.45724146457731,
          "n_valid": 100,
          "nbias": 0.1547992414438595,
          "nrmse": 0.15508152660347527,
          "nstd": 0.00935279327634844,
          "rmse": 2.397132603405187,
          "std": 0.14456838404079297
        },
        "xi": {
          "bias": -0.046820398569107094,
          "call_true": 0.15,
          "n_valid": 100,
          "nbias": -0.312135990460714,
          "nrmse": 0.3161876209032193,
          "nstd": 0.05045527793548512,
          "rmse": 0.04742814313548289,
          "std": 0.007568291690322768
        }
      },
      "n_runs": 100,
      "pixel": [
        3,
        6
      ],
      "return_levels": {
        "10": {
          "bias": 5.142656967772496,
          "call_true": 126.09899769531344,
          "n_valid": 100,
          "nbias": 0.04078269503932485,
          "nrmse": 0.04099293477009064,
          "nstd": 0.004146382326116947,
          "rmse": 5.169167987097794,
          "std": 0.5228546553849094
        },
        "100": {
          "bias": 4.003136448068685,
          "call_true": 187.12865233977303,
          "n_valid": 100,
          "nbias": 0.02139242920854319,
          "nrmse": 0.023879134261138614,
          "nstd": 0.010610232118994947,
          "rmse": 4.468470213327371,
          "std": 1.9854784374396988
        }
      },
      "success_rate": 1.0,
      "t_idx": 30,
      "true_params": {
        "mu": 84.72338055270265,
        "sigma": 15.45724146457731,
        "xi": 0.15000000000000002
      },
      "true_return_levels": {
        "10": 126.09899769531344,
        "100": 187.1286523397731
      }
    },
    "local": {
      "gev_params": {
        "mu": {
          "bias": -1.6188529648120253,
          "call_true": 84.72338055270268,
          "n_valid": 100,
          "nbias": -0.01910751145966146,
          "nrmse": 0.01958171641279503,
          "nstd": 0.004283295867673878,
          "rmse": 1.6590292115163374,
          "std": 0.36289530581675283
        },
        "sigma": {
          "bias": 1.7833349135343803,
          "call_true": 15.45724146457731,
          "n_valid": 100,
          "nbias": 0.11537213270693686,
          "nrmse": 0.11746460664116559,
          "nstd": 0.022072716371500687,
          "rmse": 1.815678788394088,
          "std": 0.34118330673341485
        },
        "xi": {
          "bias": -0.04247123226523403,
          "call_true": 0.15,
          "n_valid": 100,
          "nbias": -0.28314154843489353,
          "nrmse": 0.30210981009439103,
          "nstd": 0.10536223661805909,
          "rmse": 0.04531647151415865,
          "std": 0.015804335492708863
        }
      },
      "n_runs": 100,
      "pixel": [
        3,
        6
      ],
      "return_levels": {
        "10": {
          "bias": 0.908371460570346,
          "call_true": 126.09899769531344,
          "n_valid": 100,
          "nbias": 0.007203637437033381,
          "nrmse": 0.012127857918336867,
          "nstd": 0.00975666671374693,
          "rmse": 1.5293107276934494,
          "std": 1.2303058934507156
        },
        "100": {
          "bias": -1.3277658041285805,
          "call_true": 187.12865233977303,
          "n_valid": 100,
          "nbias": -0.007095470349018124,
          "nrmse": 0.024348686977993625,
          "nstd": 0.02329190541966288,
          "rmse": 4.556336980434928,
          "std": 4.35858287160697
        }
      },
      "success_rate": 1.0,
      "t_idx": 30,
      "true_params": {
        "mu": 84.72338055270265,
        "sigma": 15.45724146457731,
        "xi": 0.15000000000000002
      },
      "true_return_levels": {
        "10": 126.09899769531344,
        "100": 187.1286523397731
      }
    },
    "pointwise": {
      "gev_params": {
        "mu": {
          "bias": -0.11286955142714024,
          "call_true": 84.72338055270266,
          "n_valid": 98,
          "nbias": -0.0013322125568033618,
          "nrmse": 0.020929623676093356,
          "nstd": 0.02088718164153276,
          "rmse": 1.7732284715345132,
          "std": 1.7696326388890047
        },
        "sigma": {
          "bias": -0.31165069692101915,
          "call_true": 15.457241464577312,
          "n_valid": 98,
          "nbias": -0.020162116095243484,
          "nrmse": 0.08875207893627673,
          "nstd": 0.08643159486017261,
          "rmse": 1.3718623146012554,
          "std": 1.3359940319222074
        },
        "xi": {
          "bias": -0.0622350305943674,
          "call_true": 0.15,
          "n_valid": 98,
          "nbias": -0.41490020396244937,
          "nrmse": 0.711265715412062,
          "nstd": 0.5777168326027469,
          "rmse": 0.10668985731180929,
          "std": 0.08665752489041202
        }
      },
      "n_runs": 100,
      "pixel": [
        3,
        6
      ],
      "return_levels": {
        "10": {
          "bias": -3.6269322562838266,
          "call_true": 126.09899769531344,
          "n_valid": 98,
          "nbias": -0.02876257799484971,
          "nrmse": 0.04984836538832303,
          "nstd": 0.04071331034168002,
          "rmse": 6.285828912217289,
          "std": 5.13390762694409
        },
        "100": {
          "bias": -14.470096082797664,
          "call_true": 187.12865233977305,
          "n_valid": 98,
          "nbias": -0.07732699349816315,
          "nrmse": 0.1293664768505592,
          "nstd": 0.1037122047266439,
          "rmse": 24.20817447098959,
          "std": 19.407525101683515
        }
      },
      "success_rate": 0.98,
      "t_idx": 30,
      "true_params": {
        "mu": 84.72338055270265,
        "sigma": 15.45724146457731,
        "xi": 0.15000000000000002
      },
      "true_return_levels": {
        "10": 126.09899769531344,
        "100": 187.1286523397731
      }
    },
    "weighted": {
      "gev_params": {
        "mu": {
          "bias": -1.9474874557788224,
          "call_true": 84.72338055270268,
          "n_valid": 100,
          "nbias": -0.022986422910348536,
          "nrmse": 0.02337273166094983,
          "nstd": 0.004231896393033575,
          "rmse": 1.980216839066855,
          "std": 0.3585405685665934
        },
        "sigma": {
          "bias": 0.09300622460535264,
          "call_true": 15.45724146457731,
          "n_valid": 100,
          "nbias": 0.006017000175515856,
          "nrmse": 0.017320366010363703,
          "nstd": 0.016241637467349294,
          "rmse": 0.2677250796770493,
          "std": 0.2510509121129439
        },
        "xi": {
          "bias": -0.049346850998699704,
          "call_true": 0.15,
          "n_valid": 100,
          "nbias": -0.32897900665799806,
          "nrmse": 0.34718829637036,
          "nstd": 0.11096182368215585,
          "rmse": 0.05207824445555399,
          "std": 0.016644273552323376
        }
      },
      "n_runs": 100,
      "pixel": [
        3,
        6
      ],
      "return_levels": {
        "10": {
          "bias": -4.0409799646005515,
          "call_true": 126.09899769531344,
          "n_valid": 100,
          "nbias": -0.03204609107492325,
          "nrmse": 0.03308877377765949,