{
  "i": 0,
  "j": 5,
  "local_selector_args": {
    "include_center": true,
    "max_points": 27,
    "mode": "circle",
    "radius": null
  },
  "local_selector_points": 27,
  "location": "(0,5)",
  "location_index": 5,
  "raw_report_path": "C:\\github\\EVT_Univariate\\EVT_Univariate\\EVT_Classes\\SIM\\_output\\sim_results_all\\blob\\bootstrap_k100\\t_030\\runs_100\\demo_weights_k100_5c6fff0c30fb1252\\raw\\loc_005_i00_j05.json",
  "reports": {
    "full": {
      "gev_params": {
        "mu": {
          "bias": 1.872508024495653,
          "call_true": 84.15198332377096,
          "n_valid": 100,
          "nbias": 0.02225150199123962,
          "nrmse": 0.02234548472994542,
          "nstd": 0.002047277936696285,
          "rmse": 1.8804168583559457,
          "std": 0.17228249878798998
        },
        "sigma": {
          "bias": 2.595496917213686,
          "call_true": 15.25451488808347,
          "n_valid": 100,
          "nbias": 0.1701461459938813,
          "nrmse": 0.17040987844790312,
          "nstd": 0.009477113276623103,
          "rmse": 2.5995200278600326,
          "std": 0.14456876557430065
        },
        "xi": {
          "bias": 0.05317958064377308,
          "call_true": 0.04999999999999999,
          "n_valid": 100,
          "nbias": 1.063591612875462,
          "nrmse": 1.074308515611656,
          "nstd": 0.15136600588207905,
          "rmse": 0.05371542578058279,
          "std": 0.00756830029410395
        }
      },
      "n_runs": 100,
      "pixel": [
        0,
        5
      ],
      "return_levels": {
        "10": {
          "bias": 10.755612186675261,
          "call_true": 120.48604430746535,
          "n_valid": 100,
          "nbias": 0.0892685310443779,
          "nrmse": 0.08937394663673051,
          "nstd": 0.004339550968025432,
          "rmse": 10.768313294406155,
          "std": 0.5228553302080163
        },
        "100": {
          "bias": 28.08058911489439,
          "call_true": 163.05120241952943,
          "n_valid": 100,
          "nbias": 0.1722194543689611,
          "nrmse": 0.17264941611643375,
          "nstd": 0.012177044887936144,
          "rmse": 28.150694894814208,
          "std": 1.9854818108945724
        }
      },
      "success_rate": 1.0,
      "t_idx": 30,
      "true_params": {
        "mu": 84.15198332377095,
        "sigma": 15.254514888083465,
        "xi": 0.05
      },
      "true_return_levels": {
        "10": 120.48604430746536,
        "100": 163.05120241952943
      }
    },
    "local": {
      "gev_params": {
        "mu": {
          "bias": 3.711044706624559,
          "call_true": 84.15198332377096,
          "n_valid": 100,
          "nbias": 0.04409931364714818,
          "nrmse": 0.04435006080568173,
          "nstd": 0.004709397978310755,
          "rmse": 3.7321455773279575,
          "std": 0.39630518013580734
        },
        "sigma": {
          "bias": 2.201294007527093,
          "call_true": 15.25451488808347,
          "n_valid": 100,
          "nbias": 0.14430442552104367,
          "nrmse": 0.14538647582105474,
          "nstd": 0.017704805186945616,
          "rmse": 2.217800159938267,
          "std": 0.27007821431487933
        },
        "xi": {
          "bias": 0.058959323316812515,
          "call_true": 0.04999999999999999,
          "n_valid": 100,
          "nbias": 1.1791864663362506,
          "nrmse": 1.213003254903166,
          "nstd": 0.2844225272637562,
          "rmse": 0.06065016274515829,
          "std": 0.014221126363187809
        }
      },
      "n_runs": 100,
      "pixel": [
        0,
        5
      ],
      "return_levels": {
        "10": {
          "bias": 11.899657444243621,
          "call_true": 120.48604430746535,
          "n_valid": 100,
          "nbias": 0.09876378225080724,
          "nrmse": 0.09911052475909211,
          "nstd": 0.008283201889229862,
          "rmse": 11.941435077460113,
          "std": 0.9980102298334298
        },
        "100": {
          "bias": 29.13755444692564,
          "call_true": 163.05120241952943,
          "n_valid": 100,
          "nbias": 0.17870186796878043,
          "nrmse": 0.18012280819058582,
          "nstd": 0.022580266050937534,
          "rmse": 29.36924045865728,
          "std": 3.6817395305582443
        }
      },
      "success_rate": 1.0,
      "t_idx": 30,
      "true_params": {
        "mu": 84.15198332377095,
        "sigma": 15.254514888083465,
        "xi": 0.05
      },
      "true_return_levels": {
        "10": 120.48604430746536,
        "100": 163.05120241952943
      }
    },
    "pointwise": {
      "gev_params": {
        "mu": {
          "bias": 0.2641497176108868,
          "call_true": 84.15198332377096,
          "n_valid": 100,
          "nbias": 0.003138960095504614,
          "nrmse": 0.018539421996968244,
          "nstd": 0.01827175682578169,
          "rmse": 1.5601291307212244,
          "std": 1.537604575699179
        },
        "sigma": {
          "bias": 0.09299441913710264,
          "call_true": 15.25451488808347,
          "n_valid": 100,
          "nbias": 0.0060961898703018125,
          "nrmse": 0.08733256503650572,
          "nstd": 0.08711953503618307,
          "rmse": 1.3322159135638945,
          "std": 1.3289662442523642
        },
        "xi": {
          "bias": 0.051801159165333954,
          "call_true": 0.04999999999999999,
          "n_valid": 100,
          "nbias": 1.0360231833066793,
          "nrmse": 1.8492654411524128,
          "nstd": 1.5318089422286716,
          "rmse": 0.09246327205762062,
          "std": 0.07659044711143356
        }
      },
      "n_runs": 100,
      "pixel": [
        0,
        5
      ],
      "return_levels": {
        "10": {
          "bias": 2.9421369211723323,
          "call_true": 120.48604430746535,
          "n_valid": 100,
          "nbias": 0.02441890210673998,
          "nrmse": 0.04968019656357302,
          "nstd": 0.043264756447906914,
          "rmse": 5.985770364362247,
          "std": 5.212799362334209
        },
        "100": {
          "bias": 13.498716861476423,
          "call_true": 163.05120241952943,
          "n_valid": 100,
          "nbias": 0.08278820800563208,
          "nrmse": 0.14488617377682814,
          "nstd": 0.11890380972410196,
          "rmse": 23.62386484827672,
          "std": 19.38740914777776
        }
      },
      "success_rate": 1.0,
      "t_idx": 30,
      "true_params": {
        "mu": 84.15198332377095,
        "sigma": 15.254514888083465,
        "xi": 0.05
      },
      "true_return_levels": {
        "10": 120.48604430746536,
        "100": 163.05120241952943
      }
    },
    "weighted": {
      "gev_params": {
        "mu": {
          "bias": 3.980382856648973,
          "call_true": 84.15198332377096,
          "n_valid": 100,
          "nbias": 0.04729992924034398,
          "nrmse": 0.04746329256244923,
          "nstd": 0.003934569192059218,
          "rmse": 3.99413020420649,
          "std": 0.3311018010363903
        },
        "sigma": {
          "bias": 1.8826473577659224,
          "call_true": 15.25451488808347,
          "n_valid": 100,
          "nbias": 0.12341574750676666,
          "nrmse": 0.1245436349174125,
          "nstd": 0.01672334493418561,
          "rmse": 1.8998527330637012,
          "std": 0.25510651427708964
        },
        "xi": {
          "bias": 0.056216359212994574,
          "call_true": 0.04999999999999999,
          "n_valid": 100,
          "nbias": 1.1243271842598916,
          "nrmse": 1.151415438057242,
          "nstd": 0.24828591126113744,
          "rmse": 0.057570771902862077,
          "std": 0.012414295563056869
        }
      },
      "n_runs": 100,
      "pixel": [
        0,
        5
      ],
      "return_levels": {
        "10": {
          "bias": 11.215407108550261,
          "call_true": 120.48604430746535,
          "n_valid": 100,
          "nbias": 0.09308469850607712,
          "nrmse": 0.0934166433292162,