{
  "i": 0,
  "j": 6,
  "local_selector_args": {
    "include_center": true,
    "max_points": 26,
    "mode": "circle",
    "radius": null
  },
  "local_selector_points": 26,
  "location": "(0,6)",
  "location_index": 6,
  "raw_report_path": "C:\\github\\EVT_Univariate\\EVT_Univariate\\EVT_Classes\\SIM\\_output\\sim_results_all\\blob\\bootstrap_k100\\t_030\\runs_100\\demo_weights_k100_5c6fff0c30fb1252\\raw\\loc_006_i00_j06.json",
  "reports": {
    "full": {
      "gev_params": {
        "mu": {
          "bias": -4.313577329665641,
          "call_true": 90.33806867793226,
          "n_valid": 100,
          "nbias": -0.04774927550249212,
          "nrmse": 0.04778734444815729,
          "nstd": 0.001907086362474728,
          "rmse": 4.317016404693638,
          "std": 0.17228249878798998
        },
        "sigma": {
          "bias": 0.2516742903744467,
          "call_true": 17.598337514922704,
          "n_valid": 100,
          "nbias": 0.014301026455540856,
          "nrmse": 0.016492547113234595,
          "nstd": 0.008214910382967252,
          "rmse": 0.2902414105794665,
          "std": 0.14456876557430065
        },
        "xi": {
          "bias": -0.04682041935622696,
          "call_true": 0.15,
          "n_valid": 100,
          "nbias": -0.31213612904151306,
          "nrmse": 0.3161877668611685,
          "nstd": 0.050455335294026335,
          "rmse": 0.047428165029175275,
          "std": 0.00756830029410395
        }
      },
      "n_runs": 100,
      "pixel": [
        0,
        6
      ],
      "return_levels": {
        "10": {
          "bias": -6.203269965145314,
          "call_true": 137.4449264592859,
          "n_valid": 100,
          "nbias": -0.04513276790164279,
          "nrmse": 0.04529280268827476,
          "nstd": 0.0038041078974486347,
          "rmse": 6.225265934624871,
          "std": 0.5228553302080163
        },
        "100": {
          "bias": -15.796455303446974,
          "call_true": 206.92824683787074,
          "n_valid": 100,
          "nbias": -0.07633783954021305,
          "nrmse": 0.07693848361224846,
          "nstd": 0.009595025528101084,
          "rmse": 15.920745528246824,
          "std": 1.9854818108945722
        }
      },
      "success_rate": 1.0,
      "t_idx": 30,
      "true_params": {
        "mu": 90.33806867793224,
        "sigma": 17.598337514922704,
        "xi": 0.15000000000000002
      },
      "true_return_levels": {
        "10": 137.44492645928594,
        "100": 206.9282468378708
      }
    },
    "local": {
      "gev_params": {
        "mu": {
          "bias": -4.90897268489025,
          "call_true": 90.33806867793226,
          "n_valid": 100,
          "nbias": -0.05434002250359611,
          "nrmse": 0.05446152854010714,
          "nstd": 0.003635938012889218,
          "rmse": 4.919949305561366,
          "std": 0.3284636179170907
        },
        "sigma": {
          "bias": -0.5868809827019669,
          "call_true": 17.598337514922704,
          "n_valid": 100,
          "nbias": -0.03334866047456555,
          "nrmse": 0.03713178175154043,
          "nstd": 0.016328994475967605,
          "rmse": 0.6534576277940563,
          "std": 0.2873631560673863
        },
        "xi": {
          "bias": -0.0409460059553385,
          "call_true": 0.15,
          "n_valid": 100,
          "nbias": -0.27297337303559005,
          "nrmse": 0.28691550797019927,
          "nstd": 0.08835183262032602,
          "rmse": 0.043037326195529885,
          "std": 0.013252774893048902
        }
      },
      "n_runs": 100,
      "pixel": [
        0,
        6
      ],
      "return_levels": {
        "10": {
          "bias": -8.622950293514455,
          "call_true": 137.4449264592859,
          "n_valid": 100,
          "nbias": -0.06273749432336272,
          "nrmse": 0.0631342807654179,
          "nstd": 0.007067122030405953,
          "rmse": 8.677486576862771,
          "std": 0.9713400677479456
        },
        "100": {
          "bias": -19.817115093486038,
          "call_true": 206.92824683787074,
          "n_valid": 100,
          "nbias": -0.09576805195190602,
          "nrmse": 0.09715667523690169,
          "nstd": 0.016367643948529,
          "rmse": 20.104460475368437,
          "std": 3.38692786713559
        }
      },
      "success_rate": 1.0,
      "t_idx": 30,
      "true_params": {
        "mu": 90.33806867793224,
        "sigma": 17.598337514922704,
        "xi": 0.15000000000000002
      },
      "true_return_levels": {
        "10": 137.44492645928594,
        "100": 206.9282468378708
      }
    },
    "pointwise": {
      "gev_params": {
        "mu": {
          "bias": 0.5488664198983945,
          "call_true": 90.33806867793226,
          "n_valid": 98,
          "nbias": 0.006075693535747143,
          "nrmse": 0.023531084740922456,
          "nstd": 0.022733189330671442,
          "rmse": 2.1257527493916966,
          "std": 2.0536724190226336
        },
        "sigma": {
          "bias": -0.02780054580874495,
          "call_true": 17.598337514922708,
          "n_valid": 98,
          "nbias": -0.0015797256863139012,
          "nrmse": 0.08585290824538383,
          "nstd": 0.08583837324266048,
          "rmse": 1.5108684559399552,
          "std": 1.5106126640562496
        },
        "xi": {
          "bias": -0.0533977786929594,
          "call_true": 0.15,
          "n_valid": 98,
          "nbias": -0.355985191286396,
          "nrmse": 0.6217586347991598,
          "nstd": 0.5097630268390433,
          "rmse": 0.09326379521987398,
          "std": 0.07646445402585648
        }
      },
      "n_runs": 100,
      "pixel": [
        0,
        6
      ],
      "return_levels": {
        "10": {
          "bias": -2.2072097066302856,
          "call_true": 137.4449264592859,
          "n_valid": 98,
          "nbias": -0.016058866365533744,
          "nrmse": 0.04311332946603547,
          "nstd": 0.04001089837407868,
          "rmse": 5.92570839787421,
          "std": 5.499294984595206
        },
        "100": {
          "bias": -12.138762229940715,
          "call_true": 206.92824683787077,
          "n_valid": 98,
          "nbias": -0.0586616975470318,
          "nrmse": 0.11306426503610661,
          "nstd": 0.09665574617711832,
          "rmse": 23.39619014393391,
          "std": 20.000804103237325
        }
      },
      "success_rate": 0.98,
      "t_idx": 30,
      "true_params": {
        "mu": 90.33806867793224,
        "sigma": 17.598337514922704,
        "xi": 0.15000000000000002
      },
      "true_return_levels": {
        "10": 137.44492645928594,
        "100": 206.9282468378708
      }
    },
    "weighted": {
      "gev_params": {
        "mu": {
          "bias": -1.5776479931177891,
          "call_true": 90.33806867793226,
          "n_valid": 100,
          "nbias": -0.01746382246384216,
          "nrmse": 0.01791430117840314,
          "nstd": 0.0039921287130975916,
          "rmse": 1.6183433701717456,
          "std": 0.3606411978549556
        },
        "sigma": {
          "bias": -0.22408314429704704,
          "call_true": 17.598337514922704,
          "n_valid": 100,
          "nbias": -0.01273319960519187,
          "nrmse": 0.01982463155096249,
          "nstd": 0.015194790026379407,
          "rmse": 0.34888055714282346,
          "std": 0.26740304335260606
        },
        "xi": {
          "bias": -0.04364709176123146,
          "call_true": 0.15,
          "n_valid": 100,
          "nbias": -0.29098061174154305,
          "nrmse": 0.3019339667192192,
          "nstd": 0.08058786415658363,
          "rmse": 0.04529009500788288,
          "std": 0.012088179623487544
        }
      },
      "n_runs": 100,
      "pixel": [
        0,
        6
      ],
      "return_levels": {
        "10": {
          "bias": -4.506129462215626,
          "call_true": 137.4449264592859,
          "n_valid": 100,
          "nbias": -0.03278498216193114,
          "nrmse": 0.03353273641648095,