{
  "i": 1,
  "j": 0,
  "local_selector_args": {
    "include_center": true,
    "max_points": 8,
    "mode": "circle",
    "radius": null
  },
  "local_selector_points": 8,
  "location": "(1,0)",
  "location_index": 10,
  "raw_report_path": "C:\\github\\EVT_Univariate\\EVT_Univariate\\EVT_Classes\\SIM\\_output\\sim_results_all\\blob\\bootstrap_k100\\t_030\\runs_100\\demo_weights_k100_5c6fff0c30fb1252\\raw\\loc_010_i01_j00.json",
  "reports": {
    "full": {
      "gev_params": {
        "mu": {
          "bias": -13.975508651726013,
          "call_true": 99.99999999999261,
          "n_valid": 100,
          "nbias": -0.13975508651727045,
          "nrmse": 0.13976570514038344,
          "nstd": 0.001722824987880027,
          "rmse": 13.976570514037311,
          "std": 0.17228249878798998
        },
        "sigma": {
          "bias": -4.149988194699101,
          "call_true": 21.99999999999626,
          "n_valid": 100,
          "nbias": -0.1886358270318094,
          "nrmse": 0.18875025118546826,
          "nstd": 0.006571307526105692,
          "rmse": 4.1525055260795956,
          "std": 0.14456876557430065
        },
        "xi": {
          "bias": 0.05317958064377308,
          "call_true": 0.04999999999999999,
          "n_valid": 100,
          "nbias": 1.063591612875462,
          "nrmse": 1.074308515611656,
          "nstd": 0.15136600588207905,
          "rmse": 0.05371542578058279,
          "std": 0.00756830029410395
        }
      },
      "n_runs": 100,
      "pixel": [
        1,
        0
      ],
      "return_levels": {
        "10": {
          "bias": -21.159180078215048,
          "call_true": 152.40083657235567,
          "n_valid": 100,
          "nbias": -0.13883900216104955,
          "nrmse": 0.13888138408003495,
          "nstd": 0.003430790420627246,
          "rmse": 21.165639118123966,
          "std": 0.5228553302080163
        },
        "100": {
          "bias": -22.656344820029382,
          "call_true": 213.78813635445331,
          "n_valid": 100,
          "nbias": -0.10597568792342128,
          "nrmse": 0.10638184773219389,
          "nstd": 0.009287146820919533,
          "rmse": 22.743176968608957,
          "std": 1.9854818108945727
        }
      },
      "success_rate": 1.0,
      "t_idx": 30,
      "true_params": {
        "mu": 99.99999999999261,
        "sigma": 21.999999999996252,
        "xi": 0.05
      },
      "true_return_levels": {
        "10": 152.40083657235567,
        "100": 213.7881363544532
      }
    },
    "local": {
      "gev_params": {
        "mu": {
          "bias": -5.526475524894954,
          "call_true": 99.99999999999261,
          "n_valid": 100,
          "nbias": -0.05526475524895362,
          "nrmse": 0.05586799963340947,
          "nstd": 0.00818780863918381,
          "rmse": 5.5867999633405345,
          "std": 0.8187808639183205
        },
        "sigma": {
          "bias": -2.3410465968199263,
          "call_true": 21.99999999999626,
          "n_valid": 100,
          "nbias": -0.10641120894637839,
          "nrmse": 0.110187123920503,
          "nstd": 0.02859819729357942,
          "rmse": 2.424116726250654,
          "std": 0.6291603404586402
        },
        "xi": {
          "bias": 0.060465357080101964,
          "call_true": 0.04999999999999999,
          "n_valid": 100,
          "nbias": 1.2093071416020396,
          "nrmse": 1.330903538700339,
          "nstd": 0.5557701562655099,
          "rmse": 0.06654517693501694,
          "std": 0.02778850781327549
        }
      },
      "n_runs": 100,
      "pixel": [
        1,
        0
      ],
      "return_levels": {
        "10": {
          "bias": -7.680378808683799,
          "call_true": 152.40083657235567,
          "n_valid": 100,
          "nbias": -0.05039590976941501,
          "nrmse": 0.05283166960082323,
          "nstd": 0.015856783763535748,
          "rmse": 8.051590644679752,
          "std": 2.4165871109097945
        },
        "100": {
          "bias": -1.1629024372168726,
          "call_true": 213.78813635445331,
          "n_valid": 100,
          "nbias": -0.005439508744717343,
          "nrmse": 0.03853663548362635,
          "nstd": 0.03815080626951457,
          "rmse": 8.238675481415374,
          "std": 8.156189772779314
        }
      },
      "success_rate": 1.0,
      "t_idx": 30,
      "true_params": {
        "mu": 99.99999999999261,
        "sigma": 21.999999999996252,
        "xi": 0.05
      },
      "true_return_levels": {
        "10": 152.40083657235567,
        "100": 213.7881363544532
      }
    },
    "pointwise": {
      "gev_params": {
        "mu": {
          "bias": 0.8894849618349857,
          "call_true": 99.99999999999261,
          "n_valid": 96,
          "nbias": 0.008894849618350515,
          "nrmse": 0.02659440705158399,
          "nstd": 0.025062803847380483,
          "rmse": 2.6594407051582025,
          "std": 2.506280384737863
        },
        "sigma": {
          "bias": 0.12801581741464885,
          "call_true": 21.999999999996252,
          "n_valid": 96,
          "nbias": 0.005818900791575939,
          "nrmse": 0.08421895287368232,
          "nstd": 0.0840176910937055,
          "rmse": 1.8528169632206954,
          "std": 1.848389204061206
        },
        "xi": {
          "bias": 0.05558727191770837,
          "call_true": 0.049999999999999996,
          "n_valid": 96,
          "nbias": 1.1117454383541674,
          "nrmse": 1.95092335539977,
          "nstd": 1.6031606341670808,
          "rmse": 0.09754616776998849,
          "std": 0.08015803170835403
        }
      },
      "n_runs": 100,
      "pixel": [
        1,
        0
      ],
      "return_levels": {
        "10": {
          "bias": 4.909942363394653,
          "call_true": 152.4008365723557,
          "n_valid": 96,
          "nbias": 0.0322172927250537,
          "nrmse": 0.05495449197886025,
          "nstd": 0.04452013295266332,
          "rmse": 8.375110550987113,
          "std": 6.78490550629839
        },
        "100": {
          "bias": 20.96782109005567,
          "call_true": 213.78813635445326,
          "n_valid": 96,
          "nbias": 0.09807757084935599,
          "nrmse": 0.1579221950274013,
          "nstd": 0.12377483499711128,
          "rmse": 33.76189176391263,
          "std": 26.46159130161238
        }
      },
      "success_rate": 0.96,
      "t_idx": 30,
      "true_params": {
        "mu": 99.99999999999261,
        "sigma": 21.999999999996252,
        "xi": 0.05
      },
      "true_return_levels": {
        "10": 152.40083657235567,
        "100": 213.7881363544532
      }
    },
    "weighted": {
      "gev_params": {
        "mu": {
          "bias": -3.461399536125423,
          "call_true": 99.99999999999261,
          "n_valid": 100,
          "nbias": -0.03461399536125678,
          "nrmse": 0.035636128238501964,
          "nstd": 0.008473780795008254,
          "rmse": 3.563612823849933,
          "std": 0.8473780795007628
        },
        "sigma": {
          "bias": -1.4029252610447946,
          "call_true": 21.99999999999626,
          "n_valid": 100,
          "nbias": -0.06376933004750152,
          "nrmse": 0.07047609661034404,
          "nstd": 0.030005878402795803,
          "rmse": 1.5504741254273051,
          "std": 0.6601293248613954
        },
        "xi": {
          "bias": 0.05670169673860073,
          "call_true": 0.04999999999999999,
          "n_valid": 100,
          "nbias": 1.134033934772015,
          "nrmse": 1.2749947638431312,
          "nstd": 0.5827338008155211,
          "rmse": 0.06374973819215654,
          "std": 0.029136690040776046
        }
      },
      "n_runs": 100,
      "pixel": [
        1,
        0
      ],
      "return_levels": {
        "10": {
          "bias": -3.439725427336141,
          "call_true": 152.40083657235567,
          "n_valid": 100,
          "nbias": -0.022570252924451993,
          "nrmse": 0.02845597561444549,