{
  "i": 3,
  "j": 8,
  "local_selector_args": {
    "include_center": true,
    "max_points": 8,
    "mode": "circle",
    "radius": null
  },
  "local_selector_points": 8,
  "location": "(3,8)",
  "location_index": 38,
  "raw_report_path": "C:\\github\\EVT_Univariate\\EVT_Classes\\SIM\\_output\\sim_results_all\\blob\\bootstrap_k100\\t_030\\runs_100\\demo_weights_k100_5c6fff0c30fb1252\\raw\\loc_038_i03_j08.json",
  "reports": {
    "full": {
      "gev_params": {
        "mu": {
          "bias": 12.463131926566858,
          "call_true": 73.56135911652393,
          "n_valid": 100,
          "nbias": 0.16942498176012208,
          "nrmse": 0.16944116823800928,
          "nstd": 0.0023420182415259554,
          "rmse": 12.464322625879548,
          "std": 0.1722820449223407
        },
        "sigma": {
          "bias": 5.9065950013409045,
          "call_true": 11.943415716767543,
          "n_valid": 100,
          "nbias": 0.49454822149818883,
          "nrmse": 0.494696332011484,
          "nstd": 0.012104442101754126,
          "rmse": 5.908363946773212,
          "std": 0.14456838404079297
        },
        "xi": {
          "bias": 0.053179601430892946,
          "call_true": 0.04999999999999999,
          "n_valid": 100,
          "nbias": 1.063592028617859,
          "nrmse": 1.0743089029619817,
          "nstd": 0.1513658338064554,
          "rmse": 0.05371544514809907,
          "std": 0.007568291690322769
        }
      },
      "n_runs": 100,
      "pixel": [
        3,
        8
      ],
      "return_levels": {
        "10": {
          "bias": 29.23279667882403,
          "call_true": 102.00885798426191,
          "n_valid": 100,
          "nbias": 0.28657115917653064,
          "nrmse": 0.2866169933054746,
          "nstd": 0.005125580912449546,
          "rmse": 29.2374721659743,
          "std": 0.5228546553849093
        },
        "100": {
          "bias": 55.79683802960033,
          "call_true": 135.33495075824146,
          "n_valid": 100,
          "nbias": 0.4122869792096369,
          "nrmse": 0.41254792084688896,
          "nstd": 0.014670847599350011,
          "rmse": 55.83215255322862,
          "std": 1.9854784374396988
        }
      },
      "success_rate": 1.0,
      "t_idx": 30,
      "true_params": {
        "mu": 73.56135911652396,
        "sigma": 11.943415716767545,
        "xi": 0.05
      },
      "true_return_levels": {
        "10": 102.00885798426192,
        "100": 135.33495075824146
      }
    },
    "local": {
      "gev_params": {
        "mu": {
          "bias": 1.834541991264126,
          "call_true": 73.56135911652393,
          "n_valid": 100,
          "nbias": 0.024938935513115566,
          "nrmse": 0.025709309512018733,
          "nstd": 0.006246446274277887,
          "rmse": 1.8912117496514746,
          "std": 0.4594970775842286
        },
        "sigma": {
          "bias": 1.4024203544547411,
          "call_true": 11.943415716767543,
          "n_valid": 100,
          "nbias": 0.11742204974795124,
          "nrmse": 0.12072955978390312,
          "nstd": 0.028065794815125347,
          "rmse": 1.4419233218014953,
          "std": 0.3352014548985411
        },
        "xi": {
          "bias": 0.054874628335237506,
          "call_true": 0.04999999999999999,
          "n_valid": 100,
          "nbias": 1.0974925667047504,
          "nrmse": 1.2032714578155903,
          "nstd": 0.49332774827843884,
          "rmse": 0.0601635728907795,
          "std": 0.024666387413921936
        }
      },
      "n_runs": 100,
      "pixel": [
        3,
        8
      ],
      "return_levels": {
        "10": {
          "bias": 7.277989702505656,
          "call_true": 102.00885798426191,
          "n_valid": 100,
          "nbias": 0.07134664426523152,
          "nrmse": 0.07254204135198423,
          "nstd": 0.013115033953577765,
          "rmse": 7.399930794163014,
          "std": 1.3378496360292873
        },
        "100": {
          "bias": 19.149098161436267,
          "call_true": 135.33495075824146,
          "n_valid": 100,
          "nbias": 0.141494108167547,
          "nrmse": 0.1465281793038838,
          "nstd": 0.03807787656870592,
          "rmse": 19.83038393078589,
          "std": 5.153267550404212
        }
      },
      "success_rate": 1.0,
      "t_idx": 30,
      "true_params": {
        "mu": 73.56135911652396,
        "sigma": 11.943415716767545,
        "xi": 0.05
      },
      "true_return_levels": {
        "10": 102.00885798426192,
        "100": 135.33495075824146
      }
    },
    "pointwise": {
      "gev_params": {
        "mu": {
          "bias": 0.028980933375394518,
          "call_true": 73.56135911652393,
          "n_valid": 98,
          "nbias": 0.00039396952045825633,
          "nrmse": 0.018036665690438807,
          "nstd": 0.018032362497620833,
          "rmse": 1.3268016421190552,
          "std": 1.3264850934068246
        },
        "sigma": {
          "bias": -0.16630407507491815,
          "call_true": 11.943415716767543,
          "n_valid": 98,
          "nbias": -0.013924331114208922,
          "nrmse": 0.08166472464643787,
          "nstd": 0.08046887755275571,
          "rmse": 0.9753557558477598,
          "std": 0.9610732568742255
        },
        "xi": {
          "bias": 0.0700443702507574,
          "call_true": 0.049999999999999996,
          "n_valid": 98,
          "nbias": 1.400887405015148,
          "nrmse": 2.239350825622128,
          "nstd": 1.7470565528008617,
          "rmse": 0.11196754128110639,
          "std": 0.08735282764004308
        }
      },
      "n_runs": 100,
      "pixel": [
        3,
        8
      ],
      "return_levels": {
        "10": {
          "bias": 2.152030687613078,
          "call_true": 102.00885798426191,
          "n_valid": 98,
          "nbias": 0.02109650799095405,
          "nrmse": 0.040421320714369526,
          "nstd": 0.03447927665832814,
          "rmse": 4.123332764288425,
          "std": 3.5171916360394713
        },
        "100": {
          "bias": 12.452735492406257,
          "call_true": 135.3349507582415,
          "n_valid": 98,
          "nbias": 0.09201418718991126,
          "nrmse": 0.14605049889764382,
          "nstd": 0.11342018155527098,
          "rmse": 19.76573707652923,
          "std": 15.349714685773407
        }
      },
      "success_rate": 0.99,
      "t_idx": 30,
      "true_params": {
        "mu": 73.56135911652396,
        "sigma": 11.943415716767545,
        "xi": 0.05
      },
      "true_return_levels": {
        "10": 102.00885798426192,
        "100": 135.33495075824146
      }
    },
    "weighted": {
      "gev_params": {
        "mu": {
          "bias": -0.6182766122514988,
          "call_true": 73.56135911652393,
          "n_valid": 100,
          "nbias": -0.008404910127776808,
          "nrmse": 0.010740392780567527,
          "nstd": 0.0066868170922242155,
          "rmse": 0.7900778903838489,
          "std": 0.4918913534676158
        },
        "sigma": {
          "bias": 0.11734120622514153,
          "call_true": 11.943415716767543,
          "n_valid": 100,
          "nbias": 0.009824761107528428,
          "nrmse": 0.03046494250004372,
          "nstd": 0.028837246586853035,
          "rmse": 0.36385547306544164,
          "std": 0.3444152241137217
        },
        "xi": {
          "bias": 0.055665511898696424,
          "call_true": 0.04999999999999999,
          "n_valid": 100,
          "nbias": 1.1133102379739288,
          "nrmse": 1.2459438956150442,
          "nstd": 0.5593894037634487,
          "rmse": 0.0622971947807522,
          "std": 0.02796947018817243
        }
      },
      "n_runs": 100,
      "pixel": [
        3,
        8
      ],
      "return_levels": {
        "10": {
          "bias": 1.5935255148835858,
          "call_true": 102.00885798426191,
          "n_valid": 100,
          "nbias": 0.015621442552855925,
          "nrmse": 0.020528078413002984,