{
  "i": 2,
  "j": 9,
  "local_selector_args": {
    "include_center": true,
    "max_points": 14,
    "mode": "circle",
    "radius": null
  },
  "local_selector_points": 14,
  "location": "(2,9)",
  "location_index": 29,
  "raw_report_path": "C:\\github\\EVT_Univariate\\EVT_Classes\\SIM\\_output\\sim_results_all\\blob\\bootstrap_k100\\t_030\\runs_100\\demo_weights_k100_5c6fff0c30fb1252\\raw\\loc_029_i02_j09.json",
  "reports": {
    "full": {
      "gev_params": {
        "mu": {
          "bias": 10.262164663375174,
          "call_true": 75.76232637971566,
          "n_valid": 100,
          "nbias": 0.13545207959879554,
          "nrmse": 0.1354711661368522,
          "nstd": 0.002273980395729597,
          "rmse": 10.26361070390088,
          "std": 0.17228204492234073
        },
        "sigma": {
          "bias": 5.28352656254313,
          "call_true": 12.566484155565322,
          "n_valid": 100,
          "nbias": 0.42044588582902986,
          "nrmse": 0.42060324704751895,
          "nstd": 0.0115042825225517,
          "rmse": 5.285504039801974,
          "std": 0.14456838404079297
        },
        "xi": {
          "bias": 0.053179601430892946,
          "call_true": 0.04999999999999999,
          "n_valid": 100,
          "nbias": 1.063592028617859,
          "nrmse": 1.0743089029619817,
          "nstd": 0.1513658338064554,
          "rmse": 0.05371544514809907,
          "std": 0.007568291690322769
        }
      },
      "n_runs": 100,
      "pixel": [
        2,
        9
      ],
      "return_levels": {
        "10": {
          "bias": 25.547769986775737,
          "call_true": 105.69388467631019,
          "n_valid": 100,
          "nbias": 0.24171474125505307,
          "nrmse": 0.2417653567673036,
          "nstd": 0.0049468770779516995,
          "rmse": 25.553119736890377,
          "std": 0.5228546553849093
        },
        "100": {
          "bias": 50.37324365404076,
          "call_true": 140.7585451338011,
          "n_valid": 100,
          "nbias": 0.35786987998602415,
          "nrmse": 0.3581477598575399,
          "nstd": 0.014105562369605047,
          "rmse": 50.41235762047729,
          "std": 1.9854784374396985
        }
      },
      "success_rate": 1.0,
      "t_idx": 30,
      "true_params": {
        "mu": 75.76232637971565,
        "sigma": 12.56648415556532,
        "xi": 0.05
      },
      "true_return_levels": {
        "10": 105.6938846763102,
        "100": 140.75854513380105
      }
    },
    "local": {
      "gev_params": {
        "mu": {
          "bias": 3.5111823788292758,
          "call_true": 75.76232637971566,
          "n_valid": 100,
          "nbias": 0.04634470120718663,
          "nrmse": 0.046611960154947014,
          "nstd": 0.0049843253809277914,
          "rmse": 3.531430538457397,
          "std": 0.3776240862925519
        },
        "sigma": {
          "bias": 2.371101597068296,
          "call_true": 12.566484155565322,
          "n_valid": 100,
          "nbias": 0.1886845650474326,
          "nrmse": 0.19031774005342011,
          "nstd": 0.024879250227897845,
          "rmse": 2.3916248649043035,
          "std": 0.31264470379122317
        },
        "xi": {
          "bias": 0.05497497446835041,
          "call_true": 0.04999999999999999,
          "n_valid": 100,
          "nbias": 1.0994994893670085,
          "nrmse": 1.170609410762184,
          "nstd": 0.40178012077089537,
          "rmse": 0.05853047053810919,
          "std": 0.020089006038544764
        }
      },
      "n_runs": 100,
      "pixel": [
        2,
        9
      ],
      "return_levels": {
        "10": {
          "bias": 11.507988416341158,
          "call_true": 105.69388467631019,
          "n_valid": 100,
          "nbias": 0.10888036192050866,
          "nrmse": 0.10947975176387952,
          "nstd": 0.01144040359164476,
          "rmse": 11.571340257322548,
          "std": 1.209180697865746
        },
        "100": {
          "bias": 26.976119630603254,
          "call_true": 140.7585451338011,
          "n_valid": 100,
          "nbias": 0.19164818452024007,
          "nrmse": 0.19438436486932895,
          "nstd": 0.03250007193451173,
          "rmse": 27.3612603957647,
          "std": 4.574662842245752
        }
      },
      "success_rate": 1.0,
      "t_idx": 30,
      "true_params": {
        "mu": 75.76232637971565,
        "sigma": 12.56648415556532,
        "xi": 0.05
      },
      "true_return_levels": {
        "10": 105.6938846763102,
        "100": 140.75854513380105
      }
    },
    "pointwise": {
      "gev_params": {
        "mu": {
          "bias": 0.15750910587759162,
          "call_true": 75.76232637971566,
          "n_valid": 99,
          "nbias": 0.002078989827848826,
          "nrmse": 0.01802584209649755,
          "nstd": 0.017905551781041668,
          "rmse": 1.3656797321840655,
          "std": 1.3565662580441777
        },
        "sigma": {
          "bias": -0.04870741894313635,
          "call_true": 12.566484155565322,
          "n_valid": 99,
          "nbias": -0.0038759782243122697,
          "nrmse": 0.0827362821567478,
          "nstd": 0.08264544257202355,
          "rmse": 1.0397041788131531,
          "std": 1.0385626446110177
        },
        "xi": {
          "bias": 0.05992431451538295,
          "call_true": 0.049999999999999996,
          "n_valid": 99,
          "nbias": 1.1984862903076592,
          "nrmse": 2.0107224567917332,
          "nstd": 1.6145077919264341,
          "rmse": 0.10053612283958666,
          "std": 0.0807253895963217
        }
      },
      "n_runs": 100,
      "pixel": [
        2,
        9
      ],
      "return_levels": {
        "10": {
          "bias": 2.321475606818938,
          "call_true": 105.69388467631019,
          "n_valid": 99,
          "nbias": 0.02196414309047782,
          "nrmse": 0.04319497521544507,
          "nstd": 0.037193847638607225,
          "rmse": 4.565444729017328,
          "std": 3.9311622429832043
        },
        "100": {
          "bias": 11.766765035765708,
          "call_true": 140.7585451338011,
          "n_valid": 99,
          "nbias": 0.08359538687033567,
          "nrmse": 0.13459882233340803,
          "nstd": 0.10549243701583182,
          "rmse": 18.94593440837349,
          "std": 14.848961956967633
        }
      },
      "success_rate": 0.99,
      "t_idx": 30,
      "true_params": {
        "mu": 75.76232637971565,
        "sigma": 12.56648415556532,
        "xi": 0.05
      },
      "true_return_levels": {
        "10": 105.6938846763102,
        "100": 140.75854513380105
      }
    },
    "weighted": {
      "gev_params": {
        "mu": {
          "bias": -0.057999444901192306,
          "call_true": 75.76232637971566,
          "n_valid": 100,
          "nbias": -0.000765544666758291,
          "nrmse": 0.004882038032292317,
          "nstd": 0.004821642532576071,
          "rmse": 0.36987455880071535,
          "std": 0.3652988552393471
        },
        "sigma": {
          "bias": 0.3721632443062111,
          "call_true": 12.566484155565322,
          "n_valid": 100,
          "nbias": 0.029615542398260305,
          "nrmse": 0.03679991444927988,
          "nstd": 0.02184384013700808,
          "rmse": 0.462445541853035,
          "std": 0.27450027097841384
        },
        "xi": {
          "bias": 0.05171255219727754,
          "call_true": 0.04999999999999999,
          "n_valid": 100,
          "nbias": 1.034251043945551,
          "nrmse": 1.1013804178522717,
          "nstd": 0.3786338639450809,
          "rmse": 0.05506902089261357,
          "std": 0.018931693197254042
        }
      },
      "n_runs": 100,
      "pixel": [
        2,
        9
      ],
      "return_levels": {
        "10": {
          "bias": 2.7384169594319836,
          "call_true": 105.69388467631019,
          "n_valid": 100,
          "nbias": 0.025908944191222083,
          "nrmse": 0.027831179176481074,
          "nstd": 0.010163717098066717,