{
  "i": 0,
  "j": 7,
  "local_selector_args": {
    "include_center": true,
    "max_points": 22,
    "mode": "circle",
    "radius": null
  },
  "local_selector_points": 22,
  "location": "(0,7)",
  "location_index": 7,
  "raw_report_path": "C:\\github\\EVT_Univariate\\EVT_Univariate\\EVT_Classes\\SIM\\_output\\sim_results_all\\blob\\bootstrap_k100\\t_030\\runs_100\\demo_weights_k100_5c6fff0c30fb1252\\raw\\loc_007_i00_j07.json",
  "reports": {
    "full": {
      "gev_params": {
        "mu": {
          "bias": -5.905788395911932,
          "call_true": 91.93027974417849,
          "n_valid": 100,
          "nbias": -0.06424203659932752,
          "nrmse": 0.06426936558410638,
          "nstd": 0.0018740560701807265,
          "rmse": 5.908300757127778,
          "std": 0.17228249878798998
        },
        "sigma": {
          "bias": -0.4077870859078584,
          "call_true": 18.25779889120501,
          "n_valid": 100,
          "nbias": -0.02233495331708874,
          "nrmse": 0.023697002163991926,
          "nstd": 0.007918192463163842,
          "rmse": 0.4326550998346145,
          "std": 0.14456876557430065
        },
        "xi": {
          "bias": 0.05317958064377308,
          "call_true": 0.04999999999999999,
          "n_valid": 100,
          "nbias": 1.063591612875462,
          "nrmse": 1.074308515611656,
          "nstd": 0.15136600588207905,
          "rmse": 0.05371542578058279,
          "std": 0.00756830029410395
        }
      },
      "n_runs": 100,
      "pixel": [
        0,
        7
      ],
      "return_levels": {
        "10": {
          "bias": -4.176074880459186,
          "call_true": 135.4177313745998,
          "n_valid": 100,
          "nbias": -0.03083846434339609,
          "nrmse": 0.031079231489726366,
          "nstd": 0.0038610551579960073,
          "rmse": 4.208679021204769,
          "std": 0.5228553302080163
        },
        "100": {
          "bias": 4.7687431645585185,
          "call_true": 186.3630483698653,
          "n_valid": 100,
          "nbias": 0.025588458690020112,
          "nrmse": 0.027717746876471744,
          "nstd": 0.010653838452749961,
          "rmse": 5.165563801843587,
          "std": 1.9854818108945722
        }
      },
      "success_rate": 1.0,
      "t_idx": 30,
      "true_params": {
        "mu": 91.93027974417853,
        "sigma": 18.25779889120501,
        "xi": 0.05
      },
      "true_return_levels": {
        "10": 135.4177313745998,
        "100": 186.3630483698653
      }
    },
    "local": {
      "gev_params": {
        "mu": {
          "bias": -7.271961644202947,
          "call_true": 91.93027974417849,
          "n_valid": 100,
          "nbias": -0.07910300789292928,
          "nrmse": 0.07918552580533647,
          "nstd": 0.0036140890081422144,
          "rmse": 7.279547538974446,
          "std": 0.33224421353887434
        },
        "sigma": {
          "bias": -1.5279711634862516,
          "call_true": 18.25779889120501,
          "n_valid": 100,
          "nbias": -0.08368868408460194,
          "nrmse": 0.08525128927888831,
          "nstd": 0.0162476607516402,
          "rmse": 1.5565008948698844,
          "std": 0.29664652245597156
        },
        "xi": {
          "bias": 0.06033438988029957,
          "call_true": 0.04999999999999999,
          "n_valid": 100,
          "nbias": 1.2066877976059918,
          "nrmse": 1.2405199929814372,
          "nstd": 0.28774018157960896,
          "rmse": 0.06202599964907184,
          "std": 0.014387009078980445
        }
      },
      "n_runs": 100,
      "pixel": [
        0,
        7
      ],
      "return_levels": {
        "10": {
          "bias": -8.0200183619045,
          "call_true": 135.4177313745998,
          "n_valid": 100,
          "nbias": -0.0592242853317273,
          "nrmse": 0.059700055265641476,
          "nstd": 0.0075220094168245415,
          "rmse": 8.0844460470114,
          "std": 1.018613450604756
        },
        "100": {
          "bias": -1.3753329157637484,
          "call_true": 186.3630483698653,
          "n_valid": 100,
          "nbias": -0.007379858441863404,
          "nrmse": 0.020893726352434163,
          "nstd": 0.019547007194669452,
          "rmse": 3.8938185348454177,
          "std": 3.642839847306288
        }
      },
      "success_rate": 1.0,
      "t_idx": 30,
      "true_params": {
        "mu": 91.93027974417853,
        "sigma": 18.25779889120501,
        "xi": 0.05
      },
      "true_return_levels": {
        "10": 135.4177313745998,
        "100": 186.3630483698653
      }
    },
    "pointwise": {
      "gev_params": {
        "mu": {
          "bias": 0.09393657058038286,
          "call_true": 91.9302797441785,
          "n_valid": 99,
          "nbias": 0.0010218240479827475,
          "nrmse": 0.025394990605250387,
          "nstd": 0.025374424593588712,
          "rmse": 2.334568590441453,
          "std": 2.3326779512361733
        },
        "sigma": {
          "bias": -0.24003599144176063,
          "call_true": 18.25779889120501,
          "n_valid": 99,
          "nbias": -0.013147038855674366,
          "nrmse": 0.09309322916815965,
          "nstd": 0.09216021205641228,
          "rmse": 1.6996774562851191,
          "std": 1.6826426174967828
        },
        "xi": {
          "bias": 0.056816060043227,
          "call_true": 0.049999999999999996,
          "n_valid": 99,
          "nbias": 1.13632120086454,
          "nrmse": 2.1497879237987374,
          "nstd": 1.824928011121714,
          "rmse": 0.10748939618993686,
          "std": 0.0912464005560857
        }
      },
      "n_runs": 100,
      "pixel": [
        0,
        7
      ],
      "return_levels": {
        "10": {
          "bias": 2.6305132173154346,
          "call_true": 135.4177313745998,
          "n_valid": 99,
          "nbias": 0.019425175644382696,
          "nrmse": 0.04907550383183223,
          "nstd": 0.04506736765702053,
          "rmse": 6.6456933949722,
          "std": 6.1029206871387345
        },
        "100": {
          "bias": 15.495462427808695,
          "call_true": 186.3630483698653,
          "n_valid": 99,
          "nbias": 0.08314664609400269,
          "nrmse": 0.1510655242788771,
          "nstd": 0.12612465210644064,
          "rmse": 28.153031608203435,
          "std": 23.50497464114503
        }
      },
      "success_rate": 0.99,
      "t_idx": 30,
      "true_params": {
        "mu": 91.93027974417853,
        "sigma": 18.25779889120501,
        "xi": 0.05
      },
      "true_return_levels": {
        "10": 135.4177313745998,
        "100": 186.3630483698653
      }
    },
    "weighted": {
      "gev_params": {
        "mu": {
          "bias": -3.5450036363904474,
          "call_true": 91.93027974417849,
          "n_valid": 100,
          "nbias": -0.038561871521063606,
          "nrmse": 0.03879940040050883,
          "nstd": 0.004286669596783422,
          "rmse": 3.566839732725168,
          "std": 0.3940747352031648
        },
        "sigma": {
          "bias": -1.027549337592741,
          "call_true": 18.25779889120501,
          "n_valid": 100,
          "nbias": -0.05628002278454952,
          "nrmse": 0.05845447886982325,
          "nstd": 0.015795098458483897,
          "rmse": 1.0672501194954256,
          "std": 0.28838373112178123
        },
        "xi": {
          "bias": 0.0558393419906497,
          "call_true": 0.04999999999999999,
          "n_valid": 100,
          "nbias": 1.1167868398129943,
          "nrmse": 1.151185525533732,
          "nstd": 0.27931213475049826,
          "rmse": 0.05755927627668659,
          "std": 0.013965606737524911
        }
      },
      "n_runs": 100,
      "pixel": [
        0,
        7
      ],
      "return_levels": {
        "10": {
          "bias": -3.2451004541896555,
          "call_true": 135.4177313745998,
          "n_valid": 100,
          "nbias": -0.023963630325580364,
          "nrmse": 0.025296320793726783,