{
  "i": 5,
  "j": 0,
  "local_selector_args": {
    "include_center": true,
    "max_points": 4,
    "mode": "circle",
    "radius": null
  },
  "local_selector_points": 4,
  "location": "(5,0)",
  "location_index": 50,
  "raw_report_path": "C:\\github\\EVT_Univariate\\EVT_Classes\\SIM\\_output\\sim_results_all\\blob\\bootstrap_k100\\t_030\\runs_100\\demo_weights_k100_5c6fff0c30fb1252\\raw\\loc_050_i05_j00.json",
  "reports": {
    "full": {
      "gev_params": {
        "mu": {
          "bias": -4.6105415868777575,
          "call_true": 90.63503262996859,
          "n_valid": 100,
          "nbias": -0.05086931016730584,
          "nrmse": 0.050904811976059346,
          "nstd": 0.001900832822841346,
          "rmse": 4.613759294472555,
          "std": 0.1722820449223407
        },
        "sigma": {
          "bias": 0.13051010977443636,
          "call_true": 17.719500608334016,
          "n_valid": 100,
          "nbias": 0.007365337921151882,
          "nrmse": 0.01099149032266691,
          "nstd": 0.008158716616020096,
          "rmse": 0.19476371945899376,
          "std": 0.14456838404079295
        },
        "xi": {
          "bias": -0.046820398569107094,
          "call_true": 0.15,
          "n_valid": 100,
          "nbias": -0.312135990460714,
          "nrmse": 0.3161876209032193,
          "nstd": 0.05045527793548512,
          "rmse": 0.04742814313548289,
          "std": 0.007568291690322768
        }
      },
      "n_runs": 100,
      "pixel": [
        5,
        0
      ],
      "return_levels": {
        "10": {
          "bias": -6.824562554949498,
          "call_true": 138.06621721803543,
          "n_valid": 100,
          "nbias": -0.049429633783419205,
          "nrmse": 0.04957448889556147,
          "nstd": 0.0037869847231289926,
          "rmse": 6.844562152327676,
          "std": 0.5228546553849093
        },
        "100": {
          "bias": -16.896135703587106,
          "call_true": 208.02792449142885,
          "n_valid": 100,
          "nbias": -0.08122051760547781,
          "nrmse": 0.08177937340685618,
          "nstd": 0.009544288067545011,
          "rmse": 17.01239331603784,
          "std": 1.9854784374396988
        }
      },
      "success_rate": 1.0,
      "t_idx": 30,
      "true_params": {
        "mu": 90.63503262996858,
        "sigma": 17.719500608334013,
        "xi": 0.15000000000000002
      },
      "true_return_levels": {
        "10": 138.06621721803543,
        "100": 208.0279244914289
      }
    },
    "local": {
      "gev_params": {
        "mu": {
          "bias": -0.7732196916251827,
          "call_true": 90.63503262996859,
          "n_valid": 99,
          "nbias": -0.008531134917576193,
          "nrmse": 0.01340460880222026,
          "nstd": 0.010339403955677189,
          "rmse": 1.2149271561811976,
          "std": 0.9371122148972284
        },
        "sigma": {
          "bias": 0.03379762939067639,
          "call_true": 17.719500608334016,
          "n_valid": 99,
          "nbias": 0.0019073691825592614,
          "nrmse": 0.0450340210656026,
          "nstd": 0.044993610614603524,
          "rmse": 0.7979803636676722,
          "std": 0.797264310656611
        },
        "xi": {
          "bias": -0.04369841405388084,
          "call_true": 0.15,
          "n_valid": 99,
          "nbias": -0.2913227603592056,
          "nrmse": 0.4173185875245225,
          "nstd": 0.29880738409576735,
          "rmse": 0.06259778812867837,
          "std": 0.0448211076143651
        }
      },
      "n_runs": 100,
      "pixel": [
        5,
        0
      ],
      "return_levels": {
        "10": {
          "bias": -3.010864342354799,
          "call_true": 138.06621721803543,
          "n_valid": 99,
          "nbias": -0.021807393604476137,
          "nrmse": 0.030490131184641837,
          "nstd": 0.02130928632864372,
          "rmse": 4.209657075145156,
          "std": 2.9420925550118366
        },
        "100": {
          "bias": -12.10237135261893,
          "call_true": 208.02792449142888,
          "n_valid": 99,
          "nbias": -0.058176667301786056,
          "nrmse": 0.08082589584950961,
          "nstd": 0.05610972127477618,
          "rmse": 16.81404335873388,
          "std": 11.67238886058426
        }
      },
      "success_rate": 0.99,
      "t_idx": 30,
      "true_params": {
        "mu": 90.63503262996858,
        "sigma": 17.719500608334013,
        "xi": 0.15000000000000002
      },
      "true_return_levels": {
        "10": 138.06621721803543,
        "100": 208.0279244914289
      }
    },
    "pointwise": {
      "gev_params": {
        "mu": {
          "bias": -0.03387772459156525,
          "call_true": 90.63503262996859,
          "n_valid": 99,
          "nbias": -0.00037378178843799014,
          "nrmse": 0.022276832848748377,
          "nstd": 0.022273696795675993,
          "rmse": 2.0190614721386653,
          "std": 2.0187772358661205
        },
        "sigma": {
          "bias": -0.3261691738896139,
          "call_true": 17.719500608334016,
          "n_valid": 99,
          "nbias": -0.018407357018640057,
          "nrmse": 0.09669294289899068,
          "nstd": 0.09492467758204814,
          "rmse": 1.7133506605202715,
          "std": 1.6820178821610123
        },
        "xi": {
          "bias": -0.04570833670652729,
          "call_true": 0.15,
          "n_valid": 99,
          "nbias": -0.30472224471018194,
          "nrmse": 0.6339504911856066,
          "nstd": 0.5559114847286931,
          "rmse": 0.09509257367784099,
          "std": 0.08338672270930396
        }
      },
      "n_runs": 100,
      "pixel": [
        5,
        0
      ],
      "return_levels": {
        "10": {
          "bias": -3.141817504962319,
          "call_true": 138.06621721803543,
          "n_valid": 99,
          "nbias": -0.022755874451175353,
          "nrmse": 0.04980054431470836,
          "nstd": 0.044297453561165066,
          "rmse": 6.875772768930924,
          "std": 6.115981845581653
        },
        "100": {
          "bias": -12.115505625030545,
          "call_true": 208.02792449142888,
          "n_valid": 99,
          "nbias": -0.05823980436592649,
          "nrmse": 0.12834064085195396,
          "nstd": 0.11436540246818021,
          "rmse": 26.698437144331873,
          "std": 23.791197309082467
        }
      },
      "success_rate": 0.99,
      "t_idx": 30,
      "true_params": {
        "mu": 90.63503262996858,
        "sigma": 17.719500608334013,
        "xi": 0.15000000000000002
      },
      "true_return_levels": {
        "10": 138.06621721803543,
        "100": 208.0279244914289
      }
    },
    "weighted": {
      "gev_params": {
        "mu": {
          "bias": -0.9148284673709213,
          "call_true": 90.63503262996859,
          "n_valid": 100,
          "nbias": -0.010093541545969854,
          "nrmse": 0.015678779803261045,
          "nstd": 0.011997689576702964,
          "rmse": 1.4210467190666574,
          "std": 1.0874109862687071
        },
        "sigma": {
          "bias": -0.228728516480487,
          "call_true": 17.719500608334016,
          "n_valid": 100,
          "nbias": -0.012908293610312533,
          "nrmse": 0.04823539754145272,
          "nstd": 0.046476117867695746,
          "rmse": 0.8547071560790046,
          "std": 0.8235335988296382
        },
        "xi": {
          "bias": -0.04627062804996971,
          "call_true": 0.15,
          "n_valid": 100,
          "nbias": -0.30847085366646476,
          "nrmse": 0.4045588832172016,
          "nstd": 0.26175106958374006,
          "rmse": 0.06068383248258024,
          "std": 0.039262660437561006
        }
      },
      "n_runs": 100,
      "pixel": [
        5,
        0
      ],
      "return_levels": {
        "10": {
          "bias": -3.9551591736018397,
          "call_true": 138.06621721803543,
          "n_valid": 100,
          "nbias": -0.028646827973535453,
          "nrmse": 0.0366526014180568,