{
  "i": 3,
  "j": 3,
  "local_selector_args": {
    "include_center": true,
    "max_points": 35,
    "mode": "circle",
    "radius": null
  },
  "local_selector_points": 35,
  "location": "(3,3)",
  "location_index": 33,
  "raw_report_path": "C:\\github\\EVT_Univariate\\EVT_Classes\\SIM\\_output\\sim_results_all\\blob\\bootstrap_k100\\t_030\\runs_100\\demo_weights_k100_5c6fff0c30fb1252\\raw\\loc_033_i03_j03.json",
  "reports": {
    "full": {
      "gev_params": {
        "mu": {
          "bias": -2.862996880590101,
          "call_true": 88.88748792368095,
          "n_valid": 100,
          "nbias": -0.03220922255164055,
          "nrmse": 0.03226748596334195,
          "nstd": 0.001938203553128451,
          "rmse": 2.8681757688941025,
          "std": 0.1722820449223407
        },
        "sigma": {
          "bias": 0.8317163249867278,
          "call_true": 17.018294393121725,
          "n_valid": 100,
          "nbias": 0.048871896664502534,
          "nrmse": 0.04960469015265594,
          "nstd": 0.008494880902943076,
          "rmse": 0.844187220297485,
          "std": 0.14456838404079297
        },
        "xi": {
          "bias": -0.046820398569107094,
          "call_true": 0.15,
          "n_valid": 100,
          "nbias": -0.312135990460714,
          "nrmse": 0.3161876209032193,
          "nstd": 0.05045527793548512,
          "rmse": 0.04742814313548289,
          "std": 0.007568291690322768
        }
      },
      "n_runs": 100,
      "pixel": [
        3,
        3
      ],
      "return_levels": {
        "10": {
          "bias": -3.200043877262715,
          "call_true": 134.44169854034868,
          "n_valid": 100,
          "nbias": -0.02380246539582596,
          "nrmse": 0.024118090926587094,
          "nstd": 0.003889080999880332,
          "rmse": 3.242477109720941,
          "std": 0.5228546553849094
        },
        "100": {
          "bias": -10.503052321323198,
          "call_true": 201.6348411091649,
          "n_valid": 100,
          "nbias": -0.05208947155931675,
          "nrmse": 0.05301202239345751,
          "nstd": 0.009846901589615471,
          "rmse": 10.689070712180296,
          "std": 1.9854784374396988
        }
      },
      "success_rate": 1.0,
      "t_idx": 30,
      "true_params": {
        "mu": 88.88748792368092,
        "sigma": 17.01829439312172,
        "xi": 0.15000000000000002
      },
      "true_return_levels": {
        "10": 134.44169854034865,
        "100": 201.634841109165
      }
    },
    "local": {
      "gev_params": {
        "mu": {
          "bias": -0.2538696833244768,
          "call_true": 88.88748792368095,
          "n_valid": 100,
          "nbias": -0.0028560789516568407,
          "nrmse": 0.004200812653565944,
          "nstd": 0.003080525924621072,
          "rmse": 0.373399684013489,
          "std": 0.27382021092334163
        },
        "sigma": {
          "bias": 0.94136121320812,
          "call_true": 17.018294393121725,
          "n_valid": 100,
          "nbias": 0.0553146626484843,
          "nrmse": 0.05691874338790915,
          "nstd": 0.013417579697658813,
          "rmse": 0.9686599314619885,
          "std": 0.22834432133793087
        },
        "xi": {
          "bias": -0.045231990292668375,
          "call_true": 0.15,
          "n_valid": 100,
          "nbias": -0.30154660195112254,
          "nrmse": 0.3116115369926124,
          "nstd": 0.07855823851531778,
          "rmse": 0.04674173054889186,
          "std": 0.011783735777297666
        }
      },
      "n_runs": 100,
      "pixel": [
        3,
        3
      ],
      "return_levels": {
        "10": {
          "bias": -0.22565880646193479,
          "call_true": 134.44169854034868,
          "n_valid": 100,
          "nbias": -0.0016784882139391447,
          "nrmse": 0.0068505208117977025,
          "nstd": 0.006641710074110495,
          "rmse": 0.9209956538240914,
          "std": 0.8929227835759601
        },
        "100": {
          "bias": -6.798076582797807,
          "call_true": 201.6348411091649,
          "n_valid": 100,
          "nbias": -0.033714791280130676,
          "nrmse": 0.0373522580523664,
          "nstd": 0.016078060534398888,
          "rmse": 7.531516617457425,
          "std": 3.241897181197055
        }
      },
      "success_rate": 1.0,
      "t_idx": 30,
      "true_params": {
        "mu": 88.88748792368092,
        "sigma": 17.01829439312172,
        "xi": 0.15000000000000002
      },
      "true_return_levels": {
        "10": 134.44169854034865,
        "100": 201.634841109165
      }
    },
    "pointwise": {
      "gev_params": {
        "mu": {
          "bias": 0.4529404092122938,
          "call_true": 88.88748792368095,
          "n_valid": 98,
          "nbias": 0.005095659915613654,
          "nrmse": 0.021372140268263406,
          "nstd": 0.020755785450585446,
          "rmse": 1.8997158599984787,
          "std": 1.8449296285854266
        },
        "sigma": {
          "bias": -0.18171467607360453,
          "call_true": 17.01829439312172,
          "n_valid": 98,
          "nbias": -0.010677607983268176,
          "nrmse": 0.0830901112612542,
          "nstd": 0.08240118492572329,
          "rmse": 1.4140519746012623,
          "std": 1.4023276234080229
        },
        "xi": {
          "bias": -0.03924022538739506,
          "call_true": 0.15,
          "n_valid": 98,
          "nbias": -0.2616015025826337,
          "nrmse": 0.6059401004122016,
          "nstd": 0.5465602063213689,
          "rmse": 0.09089101506183024,
          "std": 0.08198403094820533
        }
      },
      "n_runs": 100,
      "pixel": [
        3,
        3
      ],
      "return_levels": {
        "10": {
          "bias": -1.8860468561520256,
          "call_true": 134.44169854034865,
          "n_valid": 98,
          "nbias": -0.014028734214377581,
          "nrmse": 0.041788205086400874,
          "nstd": 0.039363037239083215,
          "rmse": 5.618077270768171,
          "std": 5.292033586129343
        },
        "100": {
          "bias": -8.87653332132818,
          "call_true": 201.63484110916494,
          "n_valid": 98,
          "nbias": -0.04402281506757273,
          "nrmse": 0.11678358419949673,
          "nstd": 0.10816837473128289,
          "rmse": 23.54763944422431,
          "std": 21.810513051978837
        }
      },
      "success_rate": 0.98,
      "t_idx": 30,
      "true_params": {
        "mu": 88.88748792368092,
        "sigma": 17.01829439312172,
        "xi": 0.15000000000000002
      },
      "true_return_levels": {
        "10": 134.44169854034865,
        "100": 201.634841109165
      }
    },
    "weighted": {
      "gev_params": {
        "mu": {
          "bias": -0.2376307459465471,
          "call_true": 88.88748792368095,
          "n_valid": 100,
          "nbias": -0.0026733880267892996,
          "nrmse": 0.004249531176623504,
          "nstd": 0.0033032577373427515,
          "rmse": 0.3777301511434274,
          "std": 0.2936182822368595
        },
        "sigma": {
          "bias": 0.2820143997758991,
          "call_true": 17.018294393121725,
          "n_valid": 100,
          "nbias": 0.01657124934270033,
          "nrmse": 0.02047034306818564,
          "nstd": 0.012017846751863232,
          "rmse": 0.34837032466258183,
          "std": 0.20452325399463017
        },
        "xi": {
          "bias": -0.044362344592809716,
          "call_true": 0.15,
          "n_valid": 100,
          "nbias": -0.2957489639520648,
          "nrmse": 0.30616278939980696,
          "nstd": 0.07917198958186476,
          "rmse": 0.045924418409971045,
          "std": 0.011875798437279714
        }
      },
      "n_runs": 100,
      "pixel": [
        3,
        3
      ],
      "return_levels": {
        "10": {
          "bias": -1.8377962576338098,
          "call_true": 134.44169854034868,
          "n_valid": 100,
          "nbias": -0.013669838134946278,
          "nrmse": 0.015012908973377226,