{
  "i": 3,
  "j": 4,
  "local_selector_args": {
    "include_center": true,
    "max_points": 16,
    "mode": "circle",
    "radius": null
  },
  "local_selector_points": 16,
  "location": "(3,4)",
  "location_index": 34,
  "raw_report_path": "C:\\github\\EVT_Univariate\\EVT_Classes\\SIM\\_output\\sim_results_all\\blob\\bootstrap_k100\\t_030\\runs_100\\demo_weights_k100_5c6fff0c30fb1252\\raw\\loc_034_i03_j04.json",
  "reports": {
    "full": {
      "gev_params": {
        "mu": {
          "bias": -9.10691355817697,
          "call_true": 95.13140460126785,
          "n_valid": 100,
          "nbias": -0.09572983386871593,
          "nrmse": 0.09574696223990001,
          "nstd": 0.0018109902365516495,
          "rmse": 9.108543004186242,
          "std": 0.17228204492234073
        },
        "sigma": {
          "bias": -1.8093581963614063,
          "call_true": 19.659368914469862,
          "n_valid": 100,
          "nbias": -0.09203541600105314,
          "nrmse": 0.0923287288208465,
          "nstd": 0.007353663521436157,
          "rmse": 1.8151245412930672,
          "std": 0.14456838404079297
        },
        "xi": {
          "bias": -0.046820398569107094,
          "call_true": 0.15,
          "n_valid": 100,
          "nbias": -0.312135990460714,
          "nrmse": 0.3161876209032193,
          "nstd": 0.05045527793548512,
          "rmse": 0.04742814313548289,
          "std": 0.007568291690322768
        }
      },
      "n_runs": 100,
      "pixel": [
        3,
        4
      ],
      "return_levels": {
        "10": {
          "bias": -16.513532993814696,
          "call_true": 147.7551876569007,
          "n_valid": 100,
          "nbias": -0.11176279666173505,
          "nrmse": 0.11181880341832443,
          "nstd": 0.00353865514758791,
          "rmse": 16.521808282644614,
          "std": 0.5228546553849093
        },
        "100": {
          "bias": -34.24426661105936,
          "call_true": 225.37605539890114,
          "n_valid": 100,
          "nbias": -0.1519427897983626,
          "nrmse": 0.1521979660079403,
          "nstd": 0.008809624580240032,
          "rmse": 34.30177721860563,
          "std": 1.9854784374396988
        }
      },
      "success_rate": 1.0,
      "t_idx": 30,
      "true_params": {
        "mu": 95.13140460126779,
        "sigma": 19.659368914469855,
        "xi": 0.15000000000000002
      },
      "true_return_levels": {
        "10": 147.75518765690063,
        "100": 225.37605539890114
      }
    },
    "local": {
      "gev_params": {
        "mu": {
          "bias": -5.25548663251779,
          "call_true": 95.13140460126785,
          "n_valid": 100,
          "nbias": -0.05524449738281009,
          "nrmse": 0.05548360893521201,
          "nstd": 0.005145519351457845,
          "rmse": 5.278233650354173,
          "std": 0.48950048330718954
        },
        "sigma": {
          "bias": -1.7398769573632824,
          "call_true": 19.659368914469862,
          "n_valid": 100,
          "nbias": -0.08850116018132621,
          "nrmse": 0.09038418853961462,
          "nstd": 0.018353369841090265,
          "rmse": 1.7768961065352828,
          "std": 0.3608156685296986
        },
        "xi": {
          "bias": -0.04285107094794515,
          "call_true": 0.15,
          "n_valid": 100,
          "nbias": -0.28567380631963435,
          "nrmse": 0.3085448247571303,
          "nstd": 0.11657780778201443,
          "rmse": 0.04628172371356954,
          "std": 0.017486671167302164
        }
      },
      "n_runs": 100,
      "pixel": [
        3,
        4
      ],
      "return_levels": {
        "10": {
          "bias": -12.265788395426025,
          "call_true": 147.7551876569007,
          "n_valid": 100,
          "nbias": -0.08301426562367585,
          "nrmse": 0.08353333753251385,
          "nstd": 0.009297859016068137,
          "rmse": 12.34248396272381,
          "std": 1.3738069037265535
        },
        "100": {
          "bias": -28.838639017065216,
          "call_true": 225.37605539890114,
          "n_valid": 100,
          "nbias": -0.12795786564825032,
          "nrmse": 0.129756573555627,
          "nstd": 0.021530280993084253,
          "rmse": 29.24402471004458,
          "std": 4.852409801851265
        }
      },
      "success_rate": 1.0,
      "t_idx": 30,
      "true_params": {
        "mu": 95.13140460126779,
        "sigma": 19.659368914469855,
        "xi": 0.15000000000000002
      },
      "true_return_levels": {
        "10": 147.75518765690063,
        "100": 225.37605539890114
      }
    },
    "pointwise": {
      "gev_params": {
        "mu": {
          "bias": 0.8810353553972499,
          "call_true": 95.13140460126785,
          "n_valid": 100,
          "nbias": 0.00926124615830079,
          "nrmse": 0.023944480668602913,
          "nstd": 0.02208093010007634,
          "rmse": 2.2778720784521003,
          "std": 2.1005898953226763
        },
        "sigma": {
          "bias": 0.16912940324943246,
          "call_true": 19.659368914469862,
          "n_valid": 100,
          "nbias": 0.008602992496109494,
          "nrmse": 0.09111530191249574,
          "nstd": 0.09070825079736207,
          "rmse": 1.7912693340510553,
          "std": 1.7832669660115958
        },
        "xi": {
          "bias": -0.05530865042004738,
          "call_true": 0.15,
          "n_valid": 100,
          "nbias": -0.3687243361336492,
          "nrmse": 0.6449886162752376,
          "nstd": 0.5292000369117952,
          "rmse": 0.09674829244128563,
          "std": 0.07938000553676927
        }
      },
      "n_runs": 100,
      "pixel": [
        3,
        4
      ],
      "return_levels": {
        "10": {
          "bias": -1.8052679181310998,
          "call_true": 147.7551876569007,
          "n_valid": 100,
          "nbias": -0.012217966399413844,
          "nrmse": 0.044837924760359034,
          "nstd": 0.043141172838466184,
          "rmse": 6.625035987112843,
          "std": 6.374332088486358
        },
        "100": {
          "bias": -12.546796518285909,
          "call_true": 225.37605539890114,
          "n_valid": 100,
          "nbias": -0.055670494791821984,
          "nrmse": 0.1189378986566485,
          "nstd": 0.10510480363186503,
          "rmse": 26.8057544366697,
          "std": 23.68810604602584
        }
      },
      "success_rate": 1.0,
      "t_idx": 30,
      "true_params": {
        "mu": 95.13140460126779,
        "sigma": 19.659368914469855,
        "xi": 0.15000000000000002
      },
      "true_return_levels": {
        "10": 147.75518765690063,
        "100": 225.37605539890114
      }
    },
    "weighted": {
      "gev_params": {
        "mu": {
          "bias": -0.8717970573224767,
          "call_true": 95.13140460126785,
          "n_valid": 100,
          "nbias": -0.009164135239845475,
          "nrmse": 0.010563438794239105,
          "nstd": 0.0052540331618156,
          "rmse": 1.0049147699154892,
          "std": 0.4998235545051584
        },
        "sigma": {
          "bias": -0.16305512901902885,
          "call_true": 19.659368914469862,
          "n_valid": 100,
          "nbias": -0.008294016442156268,
          "nrmse": 0.023294098074280595,
          "nstd": 0.02176750551513527,
          "rmse": 0.45794726757212423,
          "std": 0.4279354212698016
        },
        "xi": {
          "bias": -0.04432786695659164,
          "call_true": 0.15,
          "n_valid": 100,
          "nbias": -0.2955191130439443,
          "nrmse": 0.3188673823466863,
          "nstd": 0.1197700352773948,
          "rmse": 0.047830107352002944,
          "std": 0.01796550529160922
        }
      },
      "n_runs": 100,
      "pixel": [
        3,
        4
      ],
      "return_levels": {
        "10": {
          "bias": -3.9521604657385208,
          "call_true": 147.7551876569007,
          "n_valid": 100,
          "nbias": -0.026748031851956035,
          "nrmse": 0.028998172416500528,