{
  "i": 7,
  "j": 0,
  "local_selector_args": {
    "include_center": true,
    "max_points": 28,
    "mode": "circle",
    "radius": null
  },
  "local_selector_points": 28,
  "location": "(7,0)",
  "location_index": 70,
  "raw_report_path": "C:\\github\\EVT_Univariate\\EVT_Classes\\SIM\\_output\\sim_results_all\\blob\\bootstrap_k100\\t_030\\runs_100\\demo_weights_k100_5c6fff0c30fb1252\\raw\\loc_070_i07_j00.json",
  "reports": {
    "full": {
      "gev_params": {
        "mu": {
          "bias": -3.217640590689539,
          "call_true": 89.24213163378036,
          "n_valid": 100,
          "nbias": -0.036055174072865626,
          "nrmse": 0.036106819472576226,
          "nstd": 0.0019305012303978593,
          "rmse": 3.2222495362487917,
          "std": 0.1722820449223407
        },
        "sigma": {
          "bias": 0.691695374421981,
          "call_true": 17.158315343686464,
          "n_valid": 100,
          "nbias": 0.04031254587452816,
          "nrmse": 0.04118363006553832,
          "nstd": 0.00842555817077858,
          "rmse": 0.7066417116622333,
          "std": 0.14456838404079297
        },
        "xi": {
          "bias": -0.046820398569107094,
          "call_true": 0.15,
          "n_valid": 100,
          "nbias": -0.312135990460714,
          "nrmse": 0.3161876209032193,
          "nstd": 0.05045527793548512,
          "rmse": 0.04742814313548289,
          "std": 0.007568291690322768
        }
      },
      "n_runs": 100,
      "pixel": [
        7,
        0
      ],
      "return_levels": {
        "10": {
          "bias": -3.929492707395243,
          "call_true": 135.17114737048118,
          "n_valid": 100,
          "nbias": -0.029070499021697067,
          "nrmse": 0.02932671242697128,
          "nstd": 0.003868093639479536,
          "rmse": 3.9641253673578567,
          "std": 0.5228546553849093
        },
        "100": {
          "bias": -11.785344314030281,
          "call_true": 202.91713310187208,
          "n_valid": 100,
          "nbias": -0.05807959206733712,
          "nrmse": 0.058898038189118825,
          "nstd": 0.009784676173415644,
          "rmse": 11.95142105466057,
          "std": 1.9854784374396988
        }
      },
      "success_rate": 1.0,
      "t_idx": 30,
      "true_params": {
        "mu": 89.24213163378036,
        "sigma": 17.158315343686468,
        "xi": 0.15000000000000002
      },
      "true_return_levels": {
        "10": 135.17114737048118,
        "100": 202.91713310187208
      }
    },
    "local": {
      "gev_params": {
        "mu": {
          "bias": -1.646529293082118,
          "call_true": 89.24213163378036,
          "n_valid": 100,
          "nbias": -0.018450134067156974,
          "nrmse": 0.01887307821260674,
          "nstd": 0.003973113907642829,
          "rmse": 1.6842737301840829,
          "std": 0.3545691543418648
        },
        "sigma": {
          "bias": 0.14945463475660223,
          "call_true": 17.158315343686464,
          "n_valid": 100,
          "nbias": 0.008710332673282825,
          "nrmse": 0.01720730636399684,
          "nstd": 0.014839861758964873,
          "rmse": 0.29524838880888077,
          "std": 0.254627027717033
        },
        "xi": {
          "bias": -0.042862892299890556,
          "call_true": 0.15,
          "n_valid": 100,
          "nbias": -0.2857526153326037,
          "nrmse": 0.3036487707508714,
          "nstd": 0.10270354818160997,
          "rmse": 0.0455473156126307,
          "std": 0.015405532227241494
        }
      },
      "n_runs": 100,
      "pixel": [
        7,
        0
      ],
      "return_levels": {
        "10": {
          "bias": -3.5225787974831335,
          "call_true": 135.17114737048118,
          "n_valid": 100,
          "nbias": -0.02606013832100088,
          "nrmse": 0.027047105976779003,
          "nstd": 0.007239829584280036,
          "rmse": 3.655988347932217,
          "std": 0.9786160716738863
        },
        "100": {
          "bias": -12.33215324347364,
          "call_true": 202.91713310187208,
          "n_valid": 100,
          "nbias": -0.06077433213725936,
          "nrmse": 0.06376687360843136,
          "nstd": 0.019305302977776363,
          "rmse": 12.93939117949232,
          "std": 3.917376733913414
        }
      },
      "success_rate": 1.0,
      "t_idx": 30,
      "true_params": {
        "mu": 89.24213163378036,
        "sigma": 17.158315343686468,
        "xi": 0.15000000000000002
      },
      "true_return_levels": {
        "10": 135.17114737048118,
        "100": 202.91713310187208
      }
    },
    "pointwise": {
      "gev_params": {
        "mu": {
          "bias": 0.06728347063291307,
          "call_true": 89.24213163378036,
          "n_valid": 99,
          "nbias": 0.0007539428899908146,
          "nrmse": 0.021752542284761308,
          "nstd": 0.021739472531985708,
          "rmse": 1.9412432419460421,
          "std": 1.940076869348421
        },
        "sigma": {
          "bias": -0.2341057127859534,
          "call_true": 17.158315343686464,
          "n_valid": 99,
          "nbias": -0.013643863520208261,
          "nrmse": 0.07986272929474052,
          "nstd": 0.07868863017391353,
          "rmse": 1.3703098934466247,
          "std": 1.3501643304867303
        },
        "xi": {
          "bias": -0.04897712912043616,
          "call_true": 0.15,
          "n_valid": 99,
          "nbias": -0.3265141941362411,
          "nrmse": 0.6647637075384637,
          "nstd": 0.5790503155062133,
          "rmse": 0.09971455613076956,
          "std": 0.086857547325932
        }
      },
      "n_runs": 100,
      "pixel": [
        7,
        0
      ],
      "return_levels": {
        "10": {
          "bias": -2.8364988528340054,
          "call_true": 135.17114737048118,
          "n_valid": 99,
          "nbias": -0.020984499340378042,
          "nrmse": 0.04853544181222108,
          "nstd": 0.04376459641469543,
          "rmse": 6.56059135789115,
          "std": 5.915710711580428
        },
        "100": {
          "bias": -11.600573801593907,
          "call_true": 202.91713310187208,
          "n_valid": 99,
          "nbias": -0.0571690207931825,
          "nrmse": 0.1303640732477562,
          "nstd": 0.11716012399829137,
          "rmse": 26.453104002917147,
          "std": 23.773796475593127
        }
      },
      "success_rate": 0.99,
      "t_idx": 30,
      "true_params": {
        "mu": 89.24213163378036,
        "sigma": 17.158315343686468,
        "xi": 0.15000000000000002
      },
      "true_return_levels": {
        "10": 135.17114737048118,
        "100": 202.91713310187208
      }
    },
    "weighted": {
      "gev_params": {
        "mu": {
          "bias": -0.021772670767664978,
          "call_true": 89.24213163378036,
          "n_valid": 100,
          "nbias": -0.00024397300209067936,
          "nrmse": 0.004273540638639,
          "nstd": 0.004266570843704566,
          "rmse": 0.38137987621573144,
          "std": 0.38075787685873225
        },
        "sigma": {
          "bias": 0.355382001016638,
          "call_true": 17.158315343686464,
          "n_valid": 100,
          "nbias": 0.020711940181668453,
          "nrmse": 0.026020336388977227,
          "nstd": 0.015750347288441612,
          "rmse": 0.4464651371108712,
          "std": 0.2702494255476582
        },
        "xi": {
          "bias": -0.04396684333682064,
          "call_true": 0.15,
          "n_valid": 100,
          "nbias": -0.2931122889121376,
          "nrmse": 0.3111167330651254,
          "nstd": 0.1043015229121998,
          "rmse": 0.04666750995976881,
          "std": 0.01564522843682997
        }
      },
      "n_runs": 100,
      "pixel": [
        7,
        0
      ],
      "return_levels": {
        "10": {
          "bias": -1.4307402659889918,
          "call_true": 135.17114737048118,
          "n_valid": 100,
          "nbias": -0.010584657257273814,
          "nrmse": 0.013234557757745024,