{
  "i": 9,
  "j": 3,
  "local_selector_args": {
    "include_center": true,
    "max_points": 29,
    "mode": "circle",
    "radius": null
  },
  "local_selector_points": 29,
  "location": "(9,3)",
  "location_index": 93,
  "raw_report_path": "C:\\github\\EVT_Univariate\\EVT_Classes\\SIM\\_output\\sim_results_all\\blob\\bootstrap_k100\\t_030\\runs_100\\demo_weights_k100_5c6fff0c30fb1252\\raw\\loc_093_i09_j03.json",
  "reports": {
    "full": {
      "gev_params": {
        "mu": {
          "bias": -7.457508861573374,
          "call_true": 93.48199990466425,
          "n_valid": 100,
          "nbias": -0.07977481086389643,
          "nrmse": 0.07979609570115195,
          "nstd": 0.0018429435088898301,
          "rmse": 7.459498610727667,
          "std": 0.1722820449223407
        },
        "sigma": {
          "bias": -1.074248844442495,
          "call_true": 18.92425956255095,
          "n_valid": 100,
          "nbias": -0.05676570017927234,
          "nrmse": 0.05727742883390452,
          "nstd": 0.00763931521669033,
          "rmse": 1.0839329303283491,
          "std": 0.14456838404079297
        },
        "xi": {
          "bias": 0.053179601430892946,
          "call_true": 0.04999999999999999,
          "n_valid": 100,
          "nbias": 1.063592028617859,
          "nrmse": 1.0743089029619817,
          "nstd": 0.1513658338064554,
          "rmse": 0.05371544514809907,
          "std": 0.007568291690322769
        }
      },
      "n_runs": 100,
      "pixel": [
        9,
        3
      ],
      "return_levels": {
        "10": {
          "bias": -7.315210359322777,
          "call_true": 138.5568650224087,
          "n_valid": 100,
          "nbias": -0.052795726564249953,
          "nrmse": 0.05293041288430641,
          "nstd": 0.0037735745197493347,
          "rmse": 7.333872073591205,
          "std": 0.5228546553849093
        },
        "100": {
          "bias": -0.23003964005505623,
          "call_true": 191.36182842789682,
          "n_valid": 100,
          "nbias": -0.001202118739901844,
          "nrmse": 0.010444927013968638,
          "nstd": 0.010375519787572509,
          "rmse": 1.9987603311889715,
          "std": 1.9854784374396988
        }
      },
      "success_rate": 1.0,
      "t_idx": 30,
      "true_params": {
        "mu": 93.48199990466419,
        "sigma": 18.924259562550944,
        "xi": 0.05
      },
      "true_return_levels": {
        "10": 138.55686502240872,
        "100": 191.36182842789685
      }
    },
    "local": {
      "gev_params": {
        "mu": {
          "bias": -7.546682521851694,
          "call_true": 93.48199990466425,
          "n_valid": 100,
          "nbias": -0.08072872349273687,
          "nrmse": 0.08082472079144211,
          "nstd": 0.003938107952787977,
          "rmse": 7.555656541320106,
          "std": 0.3681422072670832
        },
        "sigma": {
          "bias": -2.084556677251168,
          "call_true": 18.92425956255095,
          "n_valid": 100,
          "nbias": -0.11015261497344281,
          "nrmse": 0.11101985377526874,
          "nstd": 0.013849525146896418,
          "rmse": 2.100968529439638,
          "std": 0.2620920086979444
        },
        "xi": {
          "bias": 0.05660591684281826,
          "call_true": 0.04999999999999999,
          "n_valid": 100,
          "nbias": 1.1321183368563654,
          "nrmse": 1.1673773937469059,
          "nstd": 0.284742077650802,
          "rmse": 0.058368869687345275,
          "std": 0.014237103882540098
        }
      },
      "n_runs": 100,
      "pixel": [
        9,
        3
      ],
      "return_levels": {
        "10": {
          "bias": -9.788198335396997,
          "call_true": 138.5568650224087,
          "n_valid": 100,
          "nbias": -0.07064390735034283,
          "nrmse": 0.07095766971531406,
          "nstd": 0.006665526663646142,
          "rmse": 9.831672265049427,
          "std": 0.9235544782380846
        },
        "100": {
          "bias": -5.369296842203494,
          "call_true": 191.36182842789682,
          "n_valid": 100,
          "nbias": -0.028058348346240797,
          "nrmse": 0.033664368950482,
          "nstd": 0.018601581247710715,
          "rmse": 6.442075195235553,
          "std": 3.559632599212001
        }
      },
      "success_rate": 1.0,
      "t_idx": 30,
      "true_params": {
        "mu": 93.48199990466419,
        "sigma": 18.924259562550944,
        "xi": 0.05
      },
      "true_return_levels": {
        "10": 138.55686502240872,
        "100": 191.36182842789685
      }
    },
    "pointwise": {
      "gev_params": {
        "mu": {
          "bias": 0.41185387051435074,
          "call_true": 93.48199990466424,
          "n_valid": 99,
          "nbias": 0.004405702391202282,
          "nrmse": 0.022965024619541943,
          "nstd": 0.022538459180172946,
          "rmse": 2.1468164292946317,
          "std": 2.1069402389322063
        },
        "sigma": {
          "bias": -0.2828008120832744,
          "call_true": 18.92425956255095,
          "n_valid": 99,
          "nbias": -0.014943824414821831,
          "nrmse": 0.08970773291347761,
          "nstd": 0.08845427890348102,
          "rmse": 1.6976524224226452,
          "std": 1.6739317333877497
        },
        "xi": {
          "bias": 0.05481521382344642,
          "call_true": 0.049999999999999996,
          "n_valid": 99,
          "nbias": 1.0963042764689284,
          "nrmse": 1.9512095942281917,
          "nstd": 1.6141052673243104,
          "rmse": 0.09756047971140958,
          "std": 0.08070526336621552
        }
      },
      "n_runs": 100,
      "pixel": [
        9,
        3
      ],
      "return_levels": {
        "10": {
          "bias": 2.8628430754152276,
          "call_true": 138.5568650224087,
          "n_valid": 99,
          "nbias": 0.020661863812754585,
          "nrmse": 0.051804724833607464,
          "nstd": 0.047505966981727335,
          "rmse": 7.177900266293173,
          "std": 6.582277854846198
        },
        "100": {
          "bias": 15.214615485110171,
          "call_true": 191.36182842789685,
          "n_valid": 99,
          "nbias": 0.0795070553521748,
          "nrmse": 0.14376740365100268,
          "nstd": 0.11978186215690816,
          "rmse": 27.511593230987366,
          "std": 22.92167615484425
        }
      },
      "success_rate": 0.99,
      "t_idx": 30,
      "true_params": {
        "mu": 93.48199990466419,
        "sigma": 18.924259562550944,
        "xi": 0.05
      },
      "true_return_levels": {
        "10": 138.55686502240872,
        "100": 191.36182842789685
      }
    },
    "weighted": {
      "gev_params": {
        "mu": {
          "bias": -5.021444179566536,
          "call_true": 93.48199990466425,
          "n_valid": 100,
          "nbias": -0.05371562637392819,
          "nrmse": 0.05384785827748936,
          "nstd": 0.0037713822836102063,
          "rmse": 5.033805482362634,
          "std": 0.35255635827690174
        },
        "sigma": {
          "bias": -1.6145165081658788,
          "call_true": 18.92425956255095,
          "n_valid": 100,
          "nbias": -0.08531464614662289,
          "nrmse": 0.08648534633763219,
          "nstd": 0.014181899873314236,
          "rmse": 1.636671142450467,
          "std": 0.26838195429270706
        },
        "xi": {
          "bias": 0.056510448604822155,
          "call_true": 0.04999999999999999,
          "n_valid": 100,
          "nbias": 1.1302089720964434,
          "nrmse": 1.1758548983267318,
          "nstd": 0.32444170710879544,
          "rmse": 0.05879274491633658,
          "std": 0.01622208535543977
        }
      },
      "n_runs": 100,
      "pixel": [
        9,
        3
      ],
      "return_levels": {
        "10": {
          "bias": -6.069273011910668,
          "call_true": 138.5568650224087,
          "n_valid": 100,
          "nbias": -0.043803481053999664,
          "nrmse": 0.04448431590486765,