{
  "i": 4,
  "j": 5,
  "local_selector_args": {
    "include_center": true,
    "max_points": 34,
    "mode": "circle",
    "radius": null
  },
  "local_selector_points": 34,
  "location": "(4,5)",
  "location_index": 45,
  "raw_report_path": "C:\\github\\EVT_Univariate\\EVT_Classes\\SIM\\_output\\sim_results_all\\blob\\bootstrap_k100\\t_030\\runs_100\\demo_weights_k100_5c6fff0c30fb1252\\raw\\loc_045_i04_j05.json",
  "reports": {
    "full": {
      "gev_params": {
        "mu": {
          "bias": 0.9971585771739637,
          "call_true": 85.02733246591688,
          "n_valid": 100,
          "nbias": 0.011727506300090899,
          "nrmse": 0.011901255162343758,
          "nstd": 0.0020261960469170285,
          "rmse": 1.0119319794503123,
          "std": 0.1722820449223407
        },
        "sigma": {
          "bias": 2.283834376162249,
          "call_true": 15.5661763419462,
          "n_valid": 100,
          "nbias": 0.14671775046052876,
          "nrmse": 0.14701140431482743,
          "nstd": 0.009287340761470388,
          "rmse": 2.288405443841754,
          "std": 0.14456838404079297
        },
        "xi": {
          "bias": -0.046820398569107094,
          "call_true": 0.15,
          "n_valid": 100,
          "nbias": -0.312135990460714,
          "nrmse": 0.3161876209032193,
          "nstd": 0.05045527793548512,
          "rmse": 0.04742814313548289,
          "std": 0.007568291690322768
        }
      },
      "n_runs": 100,
      "pixel": [
        4,
        5
      ],
      "return_levels": {
        "10": {
          "bias": 4.5471104780084195,
          "call_true": 126.69454418507752,
          "n_valid": 100,
          "nbias": 0.03589034166590413,
          "nrmse": 0.03612683018912207,
          "nstd": 0.00412689164121475,
          "rmse": 4.577072283662519,
          "std": 0.5228546553849093
        },
        "100": {
          "bias": 2.977483592961503,
          "call_true": 188.1543051948802,
          "n_valid": 100,
          "nbias": 0.015824690218369353,
          "nrmse": 0.01902035352428517,
          "nstd": 0.010552394405130651,
          "rmse": 3.5787614019228675,
          "std": 1.9854784374396988
        }
      },
      "success_rate": 1.0,
      "t_idx": 30,
      "true_params": {
        "mu": 85.02733246591686,
        "sigma": 15.5661763419462,
        "xi": 0.15000000000000002
      },
      "true_return_levels": {
        "10": 126.69454418507752,
        "100": 188.1543051948803
      }
    },
    "local": {
      "gev_params": {
        "mu": {
          "bias": -2.5038675000965442,
          "call_true": 85.02733246591688,
          "n_valid": 100,
          "nbias": -0.029447795520343024,
          "nrmse": 0.029612606666850855,
          "nstd": 0.0031199058635935062,
          "rmse": 2.5178809522447545,
          "std": 0.2652772731261286
        },
        "sigma": {
          "bias": 1.2878100277368816,
          "call_true": 15.5661763419462,
          "n_valid": 100,
          "nbias": 0.08273130147360709,
          "nrmse": 0.08399745351700029,
          "nstd": 0.014529416843898503,
          "rmse": 1.3075191737200555,
          "std": 0.2261674647377675
        },
        "xi": {
          "bias": -0.04287844061851505,
          "call_true": 0.15,
          "n_valid": 100,
          "nbias": -0.28585627079010034,
          "nrmse": 0.2962973198798962,
          "nstd": 0.07796341589480538,
          "rmse": 0.04444459798198443,
          "std": 0.011694512384220805
        }
      },
      "n_runs": 100,
      "pixel": [
        4,
        5
      ],
      "return_levels": {
        "10": {
          "bias": -1.2774914964788855,
          "call_true": 126.69454418507752,
          "n_valid": 100,
          "nbias": -0.01008324000607875,
          "nrmse": 0.011880450043771225,
          "nstd": 0.006282783158947692,
          "rmse": 1.5051882030091797,
          "std": 0.7959943485365593
        },
        "100": {
          "bias": -5.383913196589279,
          "call_true": 188.1543051948802,
          "n_valid": 100,
          "nbias": -0.02861435028559622,
          "nrmse": 0.032657179700593265,
          "nstd": 0.01573881646535217,
          "rmse": 6.144588956189472,
          "std": 2.961326076628078
        }
      },
      "success_rate": 1.0,
      "t_idx": 30,
      "true_params": {
        "mu": 85.02733246591686,
        "sigma": 15.5661763419462,
        "xi": 0.15000000000000002
      },
      "true_return_levels": {
        "10": 126.69454418507752,
        "100": 188.1543051948803
      }
    },
    "pointwise": {
      "gev_params": {
        "mu": {
          "bias": -0.2855931338554036,
          "call_true": 85.02733246591686,
          "n_valid": 97,
          "nbias": -0.0033588391588067683,
          "nrmse": 0.02221015020867957,
          "nstd": 0.021954702726235568,
          "rmse": 1.8884698259113506,
          "std": 1.8667498078940028
        },
        "sigma": {
          "bias": -0.18351117008322185,
          "call_true": 15.566176341946202,
          "n_valid": 97,
          "nbias": -0.01178909746696843,
          "nrmse": 0.08761056332392225,
          "nstd": 0.08681375459481815,
          "rmse": 1.363761478117418,
          "std": 1.3513582129293815
        },
        "xi": {
          "bias": -0.03836997804068722,
          "call_true": 0.15,
          "n_valid": 97,
          "nbias": -0.2557998536045815,
          "nrmse": 0.631549486772828,
          "nstd": 0.577426349536369,
          "rmse": 0.09473242301592419,
          "std": 0.08661395243045535
        }
      },
      "n_runs": 100,
      "pixel": [
        4,
        5
      ],
      "return_levels": {
        "10": {
          "bias": -2.4501532058219206,
          "call_true": 126.69454418507755,
          "n_valid": 97,
          "nbias": -0.01933905853311801,
          "nrmse": 0.043259881403827145,
          "nstd": 0.038696487620013084,
          "rmse": 5.480790955958393,
          "std": 4.902633860581054
        },
        "100": {
          "bias": -8.828325549161061,
          "call_true": 188.15430519488024,
          "n_valid": 97,
          "nbias": -0.046920667268373954,
          "nrmse": 0.10847952402185679,
          "nstd": 0.09780724980848376,
          "rmse": 20.410889470203784,
          "std": 18.402855130737347
        }
      },
      "success_rate": 0.97,
      "t_idx": 30,
      "true_params": {
        "mu": 85.02733246591686,
        "sigma": 15.5661763419462,
        "xi": 0.15000000000000002
      },
      "true_return_levels": {
        "10": 126.69454418507752,
        "100": 188.1543051948803
      }
    },
    "weighted": {
      "gev_params": {
        "mu": {
          "bias": 2.5900430223643935,
          "call_true": 85.02733246591688,
          "n_valid": 100,
          "nbias": 0.03046129929340791,
          "nrmse": 0.030671544324177864,
          "nstd": 0.003585090875756758,
          "rmse": 2.6079195964949773,
          "std": 0.30483071381349497
        },
        "sigma": {
          "bias": 1.400963174901396,
          "call_true": 15.5661763419462,
          "n_valid": 100,
          "nbias": 0.09000046923059829,
          "nrmse": 0.09112718332494825,
          "nstd": 0.014285624907957688,
          "rmse": 1.4185018051810037,
          "std": 0.22237255647216833
        },
        "xi": {
          "bias": -0.043440671563148535,
          "call_true": 0.15,
          "n_valid": 100,
          "nbias": -0.2896044770876569,
          "nrmse": 0.3023972233004506,
          "nstd": 0.08702486719672399,
          "rmse": 0.045359583495067586,
          "std": 0.013053730079508597
        }
      },
      "n_runs": 100,
      "pixel": [
        4,
        5
      ],
      "return_levels": {
        "10": {
          "bias": 4.075887333477169,
          "call_true": 126.69454418507752,
          "n_valid": 100,
          "nbias": 0.032170977524675765,
          "nrmse": 0.03270251676186697,