{
  "i": 2,
  "j": 1,
  "local_selector_args": {
    "include_center": true,
    "max_points": 32,
    "mode": "circle",
    "radius": null
  },
  "local_selector_points": 32,
  "location": "(2,1)",
  "location_index": 21,
  "raw_report_path": "C:\\github\\EVT_Univariate\\EVT_Classes\\SIM\\_output\\sim_results_all\\blob\\bootstrap_k100\\t_030\\runs_100\\demo_weights_k100_5c6fff0c30fb1252\\raw\\loc_021_i02_j01.json",
  "reports": {
    "full": {
      "gev_params": {
        "mu": {
          "bias": -6.665284880665381,
          "call_true": 92.6897759237562,
          "n_valid": 100,
          "nbias": -0.07190960183297931,
          "nrmse": 0.07193361928721108,
          "nstd": 0.0018586952358591814,
          "rmse": 6.667511053116383,
          "std": 0.1722820449223407
        },
        "sigma": {
          "bias": -0.7310052587843622,
          "call_true": 18.58101597689281,
          "n_valid": 100,
          "nbias": -0.039341511771661675,
          "nrmse": 0.04010348756349601,
          "nstd": 0.0077804348384704555,
          "rmse": 0.7451635431464414,
          "std": 0.14456838404079297
        },
        "xi": {
          "bias": 0.053179601430892946,
          "call_true": 0.04999999999999999,
          "n_valid": 100,
          "nbias": 1.063592028617859,
          "nrmse": 1.0743089029619817,
          "nstd": 0.1513658338064554,
          "rmse": 0.05371544514809907,
          "std": 0.007568291690322769
        }
      },
      "n_runs": 100,
      "pixel": [
        2,
        1
      ],
      "return_levels": {
        "10": {
          "bias": -5.705429513115405,
          "call_true": 136.94708417620134,
          "n_valid": 100,
          "nbias": -0.04166156254757919,
          "nrmse": 0.041836137473300374,
          "nstd": 0.0038179320029346855,
          "rmse": 5.729337040163197,
          "std": 0.5228546553849094
        },
        "100": {
          "bias": 2.337504701201508,
          "call_true": 188.79428408664037,
          "n_valid": 100,
          "nbias": 0.012381226012800228,
          "nrmse": 0.016244818591453804,
          "nstd": 0.010516623673461081,
          "rmse": 3.0669288960908663,
          "std": 1.9854784374396988
        }
      },
      "success_rate": 1.0,
      "t_idx": 30,
      "true_params": {
        "mu": 92.6897759237562,
        "sigma": 18.58101597689281,
        "xi": 0.05
      },
      "true_return_levels": {
        "10": 136.94708417620134,
        "100": 188.7942840866403
      }
    },
    "local": {
      "gev_params": {
        "mu": {
          "bias": -1.9916626730237794,
          "call_true": 92.6897759237562,
          "n_valid": 100,
          "nbias": -0.021487404119544543,
          "nrmse": 0.021780643673565123,
          "nstd": 0.0035620082872156143,
          "rmse": 2.0188429815779294,
          "std": 0.3301617499805779
        },
        "sigma": {
          "bias": -0.1887713793119989,
          "call_true": 18.58101597689281,
          "n_valid": 100,
          "nbias": -0.010159368010164423,
          "nrmse": 0.017333588015036757,
          "nstd": 0.014044234230070136,
          "rmse": 0.3220756758442757,
          "std": 0.2609561406121581
        },
        "xi": {
          "bias": 0.05780435673892498,
          "call_true": 0.04999999999999999,
          "n_valid": 100,
          "nbias": 1.1560871347784998,
          "nrmse": 1.1816323392865784,
          "nstd": 0.2443716883100631,
          "rmse": 0.05908161696432891,
          "std": 0.012218584415503152
        }
      },
      "n_runs": 100,
      "pixel": [
        2,
        1
      ],
      "return_levels": {
        "10": {
          "bias": 0.5983336094431877,
          "call_true": 136.94708417620134,
          "n_valid": 100,
          "nbias": 0.004369086155009689,
          "nrmse": 0.008593501133202435,
          "nstd": 0.007399955938818435,
          "rmse": 1.1768549230569556,
          "std": 1.0134023888535493
        },
        "100": {
          "bias": 11.496011933867521,
          "call_true": 188.79428408664037,
          "n_valid": 100,
          "nbias": 0.06089173721272111,
          "nrmse": 0.06379469818259882,
          "nstd": 0.019025242585202193,
          "rmse": 12.044074371907042,
          "std": 3.591857053447911
        }
      },
      "success_rate": 1.0,
      "t_idx": 30,
      "true_params": {
        "mu": 92.6897759237562,
        "sigma": 18.58101597689281,
        "xi": 0.05
      },
      "true_return_levels": {
        "10": 136.94708417620134,
        "100": 188.7942840866403
      }
    },
    "pointwise": {
      "gev_params": {
        "mu": {
          "bias": 0.1204156731500084,
          "call_true": 92.6897759237562,
          "n_valid": 97,
          "nbias": 0.001299125733662995,
          "nrmse": 0.023549431821061187,
          "nstd": 0.023513570792692118,
          "rmse": 2.182791558625935,
          "std": 2.1794676079420108
        },
        "sigma": {
          "bias": 0.05428722030513584,
          "call_true": 18.58101597689281,
          "n_valid": 97,
          "nbias": 0.002921649729629798,
          "nrmse": 0.08399271740665717,
          "nstd": 0.08394188787614872,
          "rmse": 1.5606700240757398,
          "std": 1.5597255597572643
        },
        "xi": {
          "bias": 0.05510194564679848,
          "call_true": 0.049999999999999996,
          "n_valid": 97,
          "nbias": 1.1020389129359698,
          "nrmse": 1.8627623735085876,
          "nstd": 1.5017968885752337,
          "rmse": 0.09313811867542937,
          "std": 0.07508984442876168
        }
      },
      "n_runs": 100,
      "pixel": [
        2,
        1
      ],
      "return_levels": {
        "10": {
          "bias": 3.367169719351774,
          "call_true": 136.94708417620134,
          "n_valid": 97,
          "nbias": 0.024587377961398905,
          "nrmse": 0.05282918492403275,
          "nstd": 0.04675878125786604,
          "rmse": 7.23480283475162,
          "std": 6.403478752897566
        },
        "100": {
          "bias": 16.506376508811144,
          "call_true": 188.79428408664032,
          "n_valid": 97,
          "nbias": 0.08743048863299346,
          "nrmse": 0.1472263716087059,
          "nstd": 0.11845469241216561,
          "rmse": 27.7954974265393,
          "std": 22.36356885065799
        }
      },
      "success_rate": 0.97,
      "t_idx": 30,
      "true_params": {
        "mu": 92.6897759237562,
        "sigma": 18.58101597689281,
        "xi": 0.05
      },
      "true_return_levels": {
        "10": 136.94708417620134,
        "100": 188.7942840866403
      }
    },
    "weighted": {
      "gev_params": {
        "mu": {
          "bias": -1.7877708425794436,
          "call_true": 92.6897759237562,
          "n_valid": 100,
          "nbias": -0.019287681135943296,
          "nrmse": 0.019632402058644825,
          "nstd": 0.0036628632230072023,
          "rmse": 1.8197229476608787,
          "std": 0.339509971379905
        },
        "sigma": {
          "bias": -0.36719939766475984,
          "call_true": 18.58101597689281,
          "n_valid": 100,
          "nbias": -0.01976207318918437,
          "nrmse": 0.024703828985350697,
          "nstd": 0.014823617298175691,
          "rmse": 0.459022241067229,
          "std": 0.27543786985274715
        },
        "xi": {
          "bias": 0.05768017366528511,
          "call_true": 0.04999999999999999,
          "n_valid": 100,
          "nbias": 1.1536034733057026,
          "nrmse": 1.1830701673501873,
          "nstd": 0.2624005473527443,
          "rmse": 0.05915350836750936,
          "std": 0.013120027367637213
        }
      },
      "n_runs": 100,
      "pixel": [
        2,
        1
      ],
      "return_levels": {
        "10": {
          "bias": 0.3422058323435783,
          "call_true": 136.94708417620134,
          "n_valid": 100,
          "nbias": 0.002498817951489082,
          "nrmse": 0.008891877154167215,