{
  "i": 8,
  "j": 4,
  "local_selector_args": {
    "include_center": true,
    "max_points": 29,
    "mode": "circle",
    "radius": null
  },
  "local_selector_points": 29,
  "location": "(8,4)",
  "location_index": 84,
  "raw_report_path": "C:\\github\\EVT_Univariate\\EVT_Classes\\SIM\\_output\\sim_results_all\\blob\\bootstrap_k100\\t_030\\runs_100\\demo_weights_k100_5c6fff0c30fb1252\\raw\\loc_084_i08_j04.json",
  "reports": {
    "full": {
      "gev_params": {
        "mu": {
          "bias": -0.6542777318770152,
          "call_true": 86.6787687749678,
          "n_valid": 100,
          "nbias": -0.0075483044016883384,
          "nrmse": 0.007805601969304019,
          "nstd": 0.001987592202302884,
          "rmse": 0.6765799682467364,
          "std": 0.1722820449223407
        },
        "sigma": {
          "bias": 1.6784100633729317,
          "call_true": 16.171600654735524,
          "n_valid": 100,
          "nbias": 0.10378750373615264,
          "nrmse": 0.1041717965728188,
          "nstd": 0.008939645934087487,
          "rmse": 1.6846246936619724,
          "std": 0.14456838404079297
        },
        "xi": {
          "bias": 0.053179601430892946,
          "call_true": 0.04999999999999999,
          "n_valid": 100,
          "nbias": 1.063592028617859,
          "nrmse": 1.0743089029619817,
          "nstd": 0.1513658338064554,
          "rmse": 0.05371544514809907,
          "std": 0.007568291690322769
        }
      },
      "n_runs": 100,
      "pixel": [
        8,
        4
      ],
      "return_levels": {
        "10": {
          "bias": 6.044458478006304,
          "call_true": 125.19719618507959,
          "n_valid": 100,
          "nbias": 0.0482795035527054,
          "nrmse": 0.04845979280124391,
          "nstd": 0.004176248920239163,
          "rmse": 6.067030186425642,
          "std": 0.5228546553849093
        },
        "100": {
          "bias": 20.810460905090196,
          "call_true": 170.32132788275166,
          "n_valid": 100,
          "nbias": 0.12218352900240427,
          "nrmse": 0.12273836505319395,
          "nstd": 0.011657250810106953,
          "rmse": 20.904961318017914,
          "std": 1.9854784374396988
        }
      },
      "success_rate": 1.0,
      "t_idx": 30,
      "true_params": {
        "mu": 86.67876877496784,
        "sigma": 16.171600654735517,
        "xi": 0.05
      },
      "true_return_levels": {
        "10": 125.19719618507963,
        "100": 170.3213278827516
      }
    },
    "local": {
      "gev_params": {
        "mu": {
          "bias": -1.6751635045820934,
          "call_true": 86.6787687749678,
          "n_valid": 100,
          "nbias": -0.019326110975700295,
          "nrmse": 0.019752055226541054,
          "nstd": 0.004079843162089006,
          "rmse": 1.7120838278117465,
          "std": 0.3536357820848464
        },
        "sigma": {
          "bias": 0.7270984280630333,
          "call_true": 16.171600654735524,
          "n_valid": 100,
          "nbias": 0.044961438486308236,
          "nrmse": 0.04740931289804471,
          "nstd": 0.015037020938557901,
          "rmse": 0.7666844755025811,
          "std": 0.24317269765525473
        },
        "xi": {
          "bias": 0.05692808099091053,
          "call_true": 0.04999999999999999,
          "n_valid": 100,
          "nbias": 1.138561619818211,
          "nrmse": 1.1753850001900628,
          "nstd": 0.2919029574168893,
          "rmse": 0.05876925000950313,
          "std": 0.014595147870844464
        }
      },
      "n_runs": 100,
      "pixel": [
        8,
        4
      ],
      "return_levels": {
        "10": {
          "bias": 2.807106640848101,
          "call_true": 125.19719618507959,
          "n_valid": 100,
          "nbias": 0.0224214816815733,
          "nrmse": 0.023697471717619503,
          "nstd": 0.007671201014850876,
          "rmse": 2.966857015721184,
          "std": 0.9604128584314667
        },
        "100": {
          "bias": 15.177509702697616,
          "call_true": 170.32132788275166,
          "n_valid": 100,
          "nbias": 0.08911103436878873,
          "nrmse": 0.09173132434705868,
          "nstd": 0.021768312295394755,
          "rmse": 15.62380097123442,
          "std": 3.7076078559180647
        }
      },
      "success_rate": 1.0,
      "t_idx": 30,
      "true_params": {
        "mu": 86.67876877496784,
        "sigma": 16.171600654735517,
        "xi": 0.05
      },
      "true_return_levels": {
        "10": 125.19719618507963,
        "100": 170.3213278827516
      }
    },
    "pointwise": {
      "gev_params": {
        "mu": {
          "bias": -0.01318749139849956,
          "call_true": 86.6787687749678,
          "n_valid": 100,
          "nbias": -0.00015214211720907613,
          "nrmse": 0.02068043427022311,
          "nstd": 0.020679874621989117,
          "rmse": 1.7925545802745888,
          "std": 1.7925060706547193
        },
        "sigma": {
          "bias": -0.019667598388096258,
          "call_true": 16.171600654735524,
          "n_valid": 100,
          "nbias": -0.001216181304992651,
          "nrmse": 0.08800359324130058,
          "nstd": 0.08799518922312555,
          "rmse": 1.4231589660800952,
          "std": 1.4230230596542734
        },
        "xi": {
          "bias": 0.06397868423315231,
          "call_true": 0.04999999999999999,
          "n_valid": 100,
          "nbias": 1.2795736846630466,
          "nrmse": 1.9316814777178528,
          "nstd": 1.4470951996589794,
          "rmse": 0.09658407388589262,
          "std": 0.07235475998294895
        }
      },
      "n_runs": 100,
      "pixel": [
        8,
        4
      ],
      "return_levels": {
        "10": {
          "bias": 3.0196106844272026,
          "call_true": 125.19719618507959,
          "n_valid": 100,
          "nbias": 0.02411883633530657,
          "nrmse": 0.04724237055158858,
          "nstd": 0.040621709825711415,
          "rmse": 5.914612334195462,
          "std": 5.0857241744229675
        },
        "100": {
          "bias": 15.657096799865585,
          "call_true": 170.32132788275166,
          "n_valid": 100,
          "nbias": 0.091926812657566,
          "nrmse": 0.1383759969612444,
          "nstd": 0.10342812794225312,
          "rmse": 23.568383549538755,
          "std": 17.616016091551682
        }
      },
      "success_rate": 1.0,
      "t_idx": 30,
      "true_params": {
        "mu": 86.67876877496784,
        "sigma": 16.171600654735517,
        "xi": 0.05
      },
      "true_return_levels": {
        "10": 125.19719618507963,
        "100": 170.3213278827516
      }
    },
    "weighted": {
      "gev_params": {
        "mu": {
          "bias": 0.2578327112382192,
          "call_true": 86.6787687749678,
          "n_valid": 100,
          "nbias": 0.0029745774528430937,
          "nrmse": 0.004947608341637709,
          "nstd": 0.003953570194049998,
          "rmse": 0.42885259943391685,
          "std": 0.3426905966856644
        },
        "sigma": {
          "bias": 0.6502731759060009,
          "call_true": 16.171600654735524,
          "n_valid": 100,
          "nbias": 0.04021081090173851,
          "nrmse": 0.043726113051947034,
          "nstd": 0.01717741683886954,
          "rmse": 0.7071212384599062,
          "std": 0.2777863253981277
        },
        "xi": {
          "bias": 0.057195954844355586,
          "call_true": 0.04999999999999999,
          "n_valid": 100,
          "nbias": 1.143919096887112,
          "nrmse": 1.1855088906726472,
          "nstd": 0.31125621221248745,
          "rmse": 0.05927544453363235,
          "std": 0.015562810610624369
        }
      },
      "n_runs": 100,
      "pixel": [
        8,
        4
      ],
      "return_levels": {
        "10": {
          "bias": 4.556653683694781,
          "call_true": 125.19719618507959,
          "n_valid": 100,
          "nbias": 0.03639581254646197,
          "nrmse": 0.03716771938194446,