{
  "i": 7,
  "j": 3,
  "local_selector_args": {
    "include_center": true,
    "max_points": 13,
    "mode": "circle",
    "radius": null
  },
  "local_selector_points": 13,
  "location": "(7,3)",
  "location_index": 73,
  "raw_report_path": "C:\\github\\EVT_Univariate\\EVT_Classes\\SIM\\_output\\sim_results_all\\blob\\bootstrap_k100\\t_030\\runs_100\\demo_weights_k100_5c6fff0c30fb1252\\raw\\loc_073_i07_j03.json",
  "reports": {
    "full": {
      "gev_params": {
        "mu": {
          "bias": 5.717264905590582,
          "call_true": 80.30722613750025,
          "n_valid": 100,
          "nbias": 0.07119240920862599,
          "nrmse": 0.07122472453483857,
          "nstd": 0.0021452869587023616,
          "rmse": 5.7198600598004425,
          "std": 0.17228204492234073
        },
        "sigma": {
          "bias": 3.8921510870977056,
          "call_true": 13.957859631010741,
          "n_valid": 100,
          "nbias": 0.27885013820101445,
          "nrmse": 0.27904242896498926,
          "nstd": 0.010357489462037543,
          "rmse": 3.8948350545896058,
          "std": 0.14456838404079297
        },
        "xi": {
          "bias": -0.046820398569107094,
          "call_true": 0.15,
          "n_valid": 100,
          "nbias": -0.312135990460714,
          "nrmse": 0.3161876209032193,
          "nstd": 0.05045527793548512,
          "rmse": 0.04742814313548289,
          "std": 0.007568291690322768
        }
      },
      "n_runs": 100,
      "pixel": [
        7,
        3
      ],
      "return_levels": {
        "10": {
          "bias": 13.572324973896375,
          "call_true": 117.66932968918954,
          "n_valid": 100,
          "nbias": 0.11534292758993497,
          "nrmse": 0.11542848416534159,
          "nstd": 0.004443423420240192,
          "rmse": 13.582392358774973,
          "std": 0.5228546553849093
        },
        "100": {
          "bias": 18.35279707981379,
          "call_true": 172.77899170802797,
          "n_valid": 100,
          "nbias": 0.10622123036131279,
          "nrmse": 0.10684101666735811,
          "nstd": 0.011491434333607388,
          "rmse": 18.459883132846745,
          "std": 1.9854784374396988
        }
      },
      "success_rate": 1.0,
      "t_idx": 30,
      "true_params": {
        "mu": 80.30722613750024,
        "sigma": 13.957859631010743,
        "xi": 0.15000000000000002
      },
      "true_return_levels": {
        "10": 117.66932968918957,
        "100": 172.778991708028
      }
    },
    "local": {
      "gev_params": {
        "mu": {
          "bias": 4.261516767162848,
          "call_true": 80.30722613750025,
          "n_valid": 100,
          "nbias": 0.053065171991700646,
          "nrmse": 0.053441120405405676,
          "nstd": 0.006327785685079381,
          "rmse": 4.291708141438293,
          "std": 0.5081669159613068
        },
        "sigma": {
          "bias": 2.265427113463836,
          "call_true": 13.957859631010741,
          "n_valid": 100,
          "nbias": 0.1623047640077025,
          "nrmse": 0.16473780124765847,
          "nstd": 0.028208274323627686,
          "rmse": 2.2993871057361632,
          "std": 0.3937271334422397
        },
        "xi": {
          "bias": -0.0388338600844145,
          "call_true": 0.15,
          "n_valid": 100,
          "nbias": -0.25889240056276336,
          "nrmse": 0.2993310559850978,
          "nstd": 0.15024581860405767,
          "rmse": 0.044899658397764663,
          "std": 0.022536872790608647
        }
      },
      "n_runs": 100,
      "pixel": [
        7,
        3
      ],
      "return_levels": {
        "10": {
          "bias": 8.393149253681527,
          "call_true": 117.66932968918954,
          "n_valid": 100,
          "nbias": 0.07132826604733024,
          "nrmse": 0.07235261602027818,
          "nstd": 0.012131756165497684,
          "rmse": 8.51368382836545,
          "std": 1.427535615946805
        },
        "100": {
          "bias": 9.38454390598567,
          "call_true": 172.77899170802797,
          "n_valid": 100,
          "nbias": 0.05431530658451937,
          "nrmse": 0.06269944604938112,
          "nstd": 0.03132200513263668,
          "rmse": 10.833147069063967,
          "std": 5.411784465090642
        }
      },
      "success_rate": 1.0,
      "t_idx": 30,
      "true_params": {
        "mu": 80.30722613750024,
        "sigma": 13.957859631010743,
        "xi": 0.15000000000000002
      },
      "true_return_levels": {
        "10": 117.66932968918957,
        "100": 172.778991708028
      }
    },
    "pointwise": {
      "gev_params": {
        "mu": {
          "bias": 0.04266228838458784,
          "call_true": 80.30722613750025,
          "n_valid": 99,
          "nbias": 0.0005312384754958715,
          "nrmse": 0.020217933427667374,
          "nstd": 0.020210952915875657,
          "rmse": 1.6236461518086094,
          "std": 1.6230855662695964
        },
        "sigma": {
          "bias": -0.3053829163999995,
          "call_true": 13.957859631010743,
          "n_valid": 99,
          "nbias": -0.021878921587771084,
          "nrmse": 0.08245881268116059,
          "nstd": 0.07950326143588636,
          "rmse": 1.150948532743448,
          "std": 1.1096953633296514
        },
        "xi": {
          "bias": -0.05559063758230724,
          "call_true": 0.15,
          "n_valid": 99,
          "nbias": -0.370604250548715,
          "nrmse": 0.6746708636045045,
          "nstd": 0.5637670296071534,
          "rmse": 0.10120062954067566,
          "std": 0.08456505444107301
        }
      },
      "n_runs": 100,
      "pixel": [
        7,
        3
      ],
      "return_levels": {
        "10": {
          "bias": -2.8831010854026746,
          "call_true": 117.66932968918954,
          "n_valid": 99,
          "nbias": -0.0245017209923611,
          "nrmse": 0.04703157474275261,
          "nstd": 0.04014517021007155,
          "rmse": 5.534173874206717,
          "std": 4.72385526887754
        },
        "100": {
          "bias": -11.679270743499911,
          "call_true": 172.77899170802797,
          "n_valid": 99,
          "nbias": -0.06759659046532825,
          "nrmse": 0.12173365889248565,
          "nstd": 0.10124122018631912,
          "rmse": 21.033018840372684,
          "std": 17.492355943082664
        }
      },
      "success_rate": 0.99,
      "t_idx": 30,
      "true_params": {
        "mu": 80.30722613750024,
        "sigma": 13.957859631010743,
        "xi": 0.15000000000000002
      },
      "true_return_levels": {
        "10": 117.66932968918957,
        "100": 172.778991708028
      }
    },
    "weighted": {
      "gev_params": {
        "mu": {
          "bias": -2.7204659598879335,
          "call_true": 80.30722613750025,
          "n_valid": 100,
          "nbias": -0.033875730625162075,
          "nrmse": 0.034254773538375784,
          "nstd": 0.005081769846900481,
          "rmse": 2.7509058448352035,
          "std": 0.408102840273767
        },
        "sigma": {
          "bias": -0.4734341714498524,
          "call_true": 13.957859631010741,
          "n_valid": 100,
          "nbias": -0.03391882308359116,
          "nrmse": 0.03967577257551428,
          "nstd": 0.0205834975183513,
          "rmse": 0.5537888643609339,
          "std": 0.28730156907640536
        },
        "xi": {
          "bias": -0.05317933432757858,
          "call_true": 0.15,
          "n_valid": 100,
          "nbias": -0.3545288955171905,
          "nrmse": 0.3813373641108667,
          "nstd": 0.1404544321493089,
          "rmse": 0.057200604616630006,
          "std": 0.021068164822396332
        }
      },
      "n_runs": 100,
      "pixel": [
        7,
        3
      ],
      "return_levels": {
        "10": {
          "bias": -6.1655629045215985,
          "call_true": 117.66932968918954,
          "n_valid": 100,
          "nbias": -0.05239736574353953,
          "nrmse": 0.0532639878184033,