{
  "i": 4,
  "j": 3,
  "local_selector_args": {
    "include_center": true,
    "max_points": 5,
    "mode": "circle",
    "radius": null
  },
  "local_selector_points": 5,
  "location": "(4,3)",
  "location_index": 43,
  "raw_report_path": "C:\\github\\EVT_Univariate\\EVT_Classes\\SIM\\_output\\sim_results_all\\blob\\bootstrap_k100\\t_030\\runs_100\\demo_weights_k100_5c6fff0c30fb1252\\raw\\loc_043_i04_j03.json",
  "reports": {
    "full": {
      "gev_params": {
        "mu": {
          "bias": -3.774608410586579,
          "call_true": 89.79909945367741,
          "n_valid": 100,
          "nbias": -0.04203392276259629,
          "nrmse": 0.04207768304831625,
          "nstd": 0.0019185275350251353,
          "rmse": 3.778538044836067,
          "std": 0.1722820449223407
        },
        "sigma": {
          "bias": 0.4694634985855282,
          "call_true": 17.38054721952292,
          "n_valid": 100,
          "nbias": 0.027010858326612257,
          "nrmse": 0.028262567340638766,
          "nstd": 0.008317826948417636,
          "rmse": 0.4912188862089184,
          "std": 0.14456838404079297
        },
        "xi": {
          "bias": -0.046820398569107094,
          "call_true": 0.15,
          "n_valid": 100,
          "nbias": -0.312135990460714,
          "nrmse": 0.3161876209032193,
          "nstd": 0.05045527793548512,
          "rmse": 0.04742814313548289,
          "std": 0.007568291690322768
        }
      },
      "n_runs": 100,
      "pixel": [
        4,
        3
      ],
      "return_levels": {
        "10": {
          "bias": -5.081326113921393,
          "call_true": 136.3229807770074,
          "n_valid": 100,
          "nbias": -0.037274171126240686,
          "nrmse": 0.03747097824218237,
          "nstd": 0.0038354109659630873,
          "rmse": 5.10815544660469,
          "std": 0.5228546553849093
        },
        "100": {
          "bias": -13.814613365485057,
          "call_true": 204.94640215332683,
          "n_valid": 100,
          "nbias": -0.06740598137043612,
          "nrmse": 0.06809860254667778,
          "nstd": 0.009687793572264323,
          "rmse": 13.95656358361099,
          "std": 1.9854784374396988
        }
      },
      "success_rate": 1.0,
      "t_idx": 30,
      "true_params": {
        "mu": 89.7990994536774,
        "sigma": 17.38054721952292,
        "xi": 0.15000000000000002
      },
      "true_return_levels": {
        "10": 136.32298077700733,
        "100": 204.94640215332686
      }
    },
    "local": {
      "gev_params": {
        "mu": {
          "bias": -0.9795340239898996,
          "call_true": 89.79909945367741,
          "n_valid": 100,
          "nbias": -0.01090806065928522,
          "nrmse": 0.013804734404461911,
          "nstd": 0.008460786289174809,
          "rmse": 1.2396527177178773,
          "std": 0.7597709894379189
        },
        "sigma": {
          "bias": -0.457825237164991,
          "call_true": 17.38054721952292,
          "n_valid": 100,
          "nbias": -0.02634124411518718,
          "nrmse": 0.043448242055709844,
          "nstd": 0.034552693038252036,
          "rmse": 0.7551542226545266,
          "std": 0.6005447129130204
        },
        "xi": {
          "bias": -0.05311335179954771,
          "call_true": 0.15,
          "n_valid": 100,
          "nbias": -0.3540890119969847,
          "nrmse": 0.4064199179697901,
          "nstd": 0.19949466485490328,
          "rmse": 0.06096298769546851,
          "std": 0.02992419972823549
        }
      },
      "n_runs": 100,
      "pixel": [
        4,
        3
      ],
      "return_levels": {
        "10": {
          "bias": -4.910787326079596,
          "call_true": 136.3229807770074,
          "n_valid": 100,
          "nbias": -0.036023180377140515,
          "nrmse": 0.0402816928695087,
          "nstd": 0.018026237986596843,
          "rmse": 5.491320442715351,
          "std": 2.457390494528602
        },
        "100": {
          "bias": -17.663047661139352,
          "call_true": 204.94640215332683,
          "n_valid": 100,
          "nbias": -0.08618374109307404,
          "nrmse": 0.09585840611149327,
          "nstd": 0.04196661522493735,
          "rmse": 19.64583544870302,
          "std": 8.600906800903939
        }
      },
      "success_rate": 1.0,
      "t_idx": 30,
      "true_params": {
        "mu": 89.7990994536774,
        "sigma": 17.38054721952292,
        "xi": 0.15000000000000002
      },
      "true_return_levels": {
        "10": 136.32298077700733,
        "100": 204.94640215332686
      }
    },
    "pointwise": {
      "gev_params": {
        "mu": {
          "bias": -0.147113331546052,
          "call_true": 89.7990994536774,
          "n_valid": 96,
          "nbias": -0.001638249519661831,
          "nrmse": 0.02066195637528333,
          "nstd": 0.020596907043666516,
          "rmse": 1.8554250754516115,
          "std": 1.849583704052358
        },
        "sigma": {
          "bias": -0.2971573533133071,
          "call_true": 17.38054721952292,
          "n_valid": 96,
          "nbias": -0.017097122982383507,
          "nrmse": 0.07797064874017973,
          "nstd": 0.07607305995350615,
          "rmse": 1.355172542165529,
          "std": 1.3221914106555117
        },
        "xi": {
          "bias": -0.06819049753636745,
          "call_true": 0.15,
          "n_valid": 96,
          "nbias": -0.4546033169091164,
          "nrmse": 0.7543958503691094,
          "nstd": 0.6020373105625275,
          "rmse": 0.11315937755536641,
          "std": 0.09030559658437913
        }
      },
      "n_runs": 100,
      "pixel": [
        4,
        3
      ],
      "return_levels": {
        "10": {
          "bias": -4.17199323135812,
          "call_true": 136.32298077700736,
          "n_valid": 96,
          "nbias": -0.030603741259021683,
          "nrmse": 0.05341106215803961,
          "nstd": 0.04377388013188715,
          "rmse": 7.281155199849979,
          "std": 5.967385819754276
        },
        "100": {
          "bias": -16.90356087779382,
          "call_true": 204.94640215332677,
          "n_valid": 96,
          "nbias": -0.08247795862816727,
          "nrmse": 0.14000806493034695,
          "nstd": 0.11313551425644634,
          "rmse": 28.694149179923972,
          "std": 23.186716602625086
        }
      },
      "success_rate": 0.96,
      "t_idx": 30,
      "true_params": {
        "mu": 89.7990994536774,
        "sigma": 17.38054721952292,
        "xi": 0.15000000000000002
      },
      "true_return_levels": {
        "10": 136.32298077700733,
        "100": 204.94640215332686
      }
    },
    "weighted": {
      "gev_params": {
        "mu": {
          "bias": -1.6524717986481028,
          "call_true": 89.79909945367741,
          "n_valid": 100,
          "nbias": -0.01840187494865163,
          "nrmse": 0.020334345402933992,
          "nstd": 0.008651970951176986,
          "rmse": 1.8260059051634978,
          "std": 0.7769391999150701
        },
        "sigma": {
          "bias": -0.36595651794960576,
          "call_true": 17.38054721952292,
          "n_valid": 100,
          "nbias": -0.02105552335766163,
          "nrmse": 0.0383683696557478,
          "nstd": 0.032074861280683264,
          "rmse": 0.6668632605378351,
          "std": 0.5574786410485629
        },
        "xi": {
          "bias": -0.05480437572114173,
          "call_true": 0.15,
          "n_valid": 100,
          "nbias": -0.36536250480761157,
          "nrmse": 0.4291795210670759,
          "nstd": 0.22517837681285638,
          "rmse": 0.06437692816006138,
          "std": 0.03377675652192846
        }
      },
      "n_runs": 100,
      "pixel": [
        4,
        3
      ],
      "return_levels": {
        "10": {
          "bias": -5.430799761992684,
          "call_true": 136.3229807770074,
          "n_valid": 100,
          "nbias": -0.03983774218432185,
          "nrmse": 0.043887327000756815,