{
  "i": 6,
  "j": 0,
  "local_selector_args": {
    "include_center": true,
    "max_points": 21,
    "mode": "circle",
    "radius": null
  },
  "local_selector_points": 21,
  "location": "(6,0)",
  "location_index": 60,
  "raw_report_path": "C:\\github\\EVT_Univariate\\EVT_Classes\\SIM\\_output\\sim_results_all\\blob\\bootstrap_k100\\t_030\\runs_100\\demo_weights_k100_5c6fff0c30fb1252\\raw\\loc_060_i06_j00.json",
  "reports": {
    "full": {
      "gev_params": {
        "mu": {
          "bias": -8.943447021028614,
          "call_true": 94.96793806411941,
          "n_valid": 100,
          "nbias": -0.09417333052961807,
          "nrmse": 0.09419080193372317,
          "nstd": 0.0018141074602043186,
          "rmse": 8.94510624425156,
          "std": 0.1722820449223407
        },
        "sigma": {
          "bias": -1.7352471814528354,
          "call_true": 19.585257899561284,
          "n_valid": 100,
          "nbias": -0.08859965951695256,
          "nrmse": 0.08890661426556497,
          "nstd": 0.007381489934019777,
          "rmse": 1.7412589693679044,
          "std": 0.14456838404079295
        },
        "xi": {
          "bias": 0.053179601430892946,
          "call_true": 0.04999999999999999,
          "n_valid": 100,
          "nbias": 1.063592028617859,
          "nrmse": 1.0743089029619817,
          "nstd": 0.1513658338064554,
          "rmse": 0.05371544514809907,
          "std": 0.007568291690322769
        }
      },
      "n_runs": 100,
      "pixel": [
        6,
        0
      ],
      "return_levels": {
        "10": {
          "bias": -10.37555151115478,
          "call_true": 141.61720617424066,
          "n_valid": 100,
          "nbias": -0.07326476627698106,
          "nrmse": 0.07335773337926758,
          "nstd": 0.0036920277522041207,
          "rmse": 10.388717252446714,
          "std": 0.5228546553849093
        },
        "100": {
          "bias": -5.134785476865605,
          "call_true": 196.26657426470737,
          "n_valid": 100,
          "nbias": -0.026162302450646793,
          "nrmse": 0.028050031086718302,
          "nstd": 0.01011623321433153,
          "rmse": 5.505283509408748,
          "std": 1.9854784374396988
        }
      },
      "success_rate": 1.0,
      "t_idx": 30,
      "true_params": {
        "mu": 94.96793806411944,
        "sigma": 19.585257899561284,
        "xi": 0.05
      },
      "true_return_levels": {
        "10": 141.61720617424072,
        "100": 196.2665742647074
      }
    },
    "local": {
      "gev_params": {
        "mu": {
          "bias": -6.162096923372364,
          "call_true": 94.96793806411941,
          "n_valid": 100,
          "nbias": -0.06488607680638393,
          "nrmse": 0.06503936438877199,
          "nstd": 0.004462729744394585,
          "rmse": 6.1766543290025915,
          "std": 0.4238162419625684
        },
        "sigma": {
          "bias": -2.0803169820655474,
          "call_true": 19.585257899561284,
          "n_valid": 100,
          "nbias": -0.10621851357454666,
          "nrmse": 0.10742500417623631,
          "nstd": 0.01605487141892558,
          "rmse": 2.103946411653036,
          "std": 0.3144387972839529
        },
        "xi": {
          "bias": 0.056798399053514005,
          "call_true": 0.04999999999999999,
          "n_valid": 100,
          "nbias": 1.1359679810702803,
          "nrmse": 1.1923597175230878,
          "nstd": 0.362351268736359,
          "rmse": 0.05961798587615438,
          "std": 0.018117563436817946
        }
      },
      "n_runs": 100,
      "pixel": [
        6,
        0
      ],
      "return_levels": {
        "10": {
          "bias": -8.271380826340328,
          "call_true": 141.61720617424066,
          "n_valid": 100,
          "nbias": -0.058406609265850944,
          "nrmse": 0.05901410260888504,
          "nstd": 0.008445845179626828,
          "rmse": 8.357412336350267,
          "std": 1.1960769981189292
        },
        "100": {
          "bias": -3.3523094331644323,
          "call_true": 196.26657426470737,
          "n_valid": 100,
          "nbias": -0.01708038898484633,
          "nrmse": 0.029347979954282358,
          "nstd": 0.023865545028833906,
          "rmse": 5.760027487216302,
          "std": 4.684008765769348
        }
      },
      "success_rate": 1.0,
      "t_idx": 30,
      "true_params": {
        "mu": 94.96793806411944,
        "sigma": 19.585257899561284,
        "xi": 0.05
      },
      "true_return_levels": {
        "10": 141.61720617424072,
        "100": 196.2665742647074
      }
    },
    "pointwise": {
      "gev_params": {
        "mu": {
          "bias": 0.34666570249707285,
          "call_true": 94.96793806411941,
          "n_valid": 98,
          "nbias": 0.003650344627499598,
          "nrmse": 0.02168683021483066,
          "nstd": 0.021377408375838663,
          "rmse": 2.0595535486491117,
          "std": 2.0301683946080336
        },
        "sigma": {
          "bias": 0.004176132438594493,
          "call_true": 19.58525789956128,
          "n_valid": 98,
          "nbias": 0.00021322836084216386,
          "nrmse": 0.08373050695331993,
          "nstd": 0.08373023544888725,
          "rmse": 1.63988357274178,
          "std": 1.639878255257445
        },
        "xi": {
          "bias": 0.05518429895752461,
          "call_true": 0.049999999999999996,
          "n_valid": 98,
          "nbias": 1.1036859791504923,
          "nrmse": 1.9469414375457337,
          "nstd": 1.6038884688965342,
          "rmse": 0.09734707187728668,
          "std": 0.0801944234448267
        }
      },
      "n_runs": 100,
      "pixel": [
        6,
        0
      ],
      "return_levels": {
        "10": {
          "bias": 3.6365681962252387,
          "call_true": 141.61720617424066,
          "n_valid": 98,
          "nbias": 0.02567885848384085,
          "nrmse": 0.050890524384862204,
          "nstd": 0.0439367920896955,
          "rmse": 7.206973884126253,
          "std": 6.222205744001155
        },
        "100": {
          "bias": 17.595410299626145,
          "call_true": 196.26657426470737,
          "n_valid": 98,
          "nbias": 0.08965057022850452,
          "nrmse": 0.15452195320310433,
          "nstd": 0.1258563040908414,
          "rmse": 30.327494403864712,
          "std": 24.701385653526717
        }
      },
      "success_rate": 0.98,
      "t_idx": 30,
      "true_params": {
        "mu": 94.96793806411944,
        "sigma": 19.585257899561284,
        "xi": 0.05
      },
      "true_return_levels": {
        "10": 141.61720617424072,
        "100": 196.2665742647074
      }
    },
    "weighted": {
      "gev_params": {
        "mu": {
          "bias": -2.4930975184651403,
          "call_true": 94.96793806411941,
          "n_valid": 100,
          "nbias": -0.02625199166461715,
          "nrmse": 0.026579145946889163,
          "nstd": 0.0041573949664310515,
          "rmse": 2.5241666860813603,
          "std": 0.39481922768010586
        },
        "sigma": {
          "bias": -0.7604741667983153,
          "call_true": 19.585257899561284,
          "n_valid": 100,
          "nbias": -0.03882890747205071,
          "nrmse": 0.04219713259684232,
          "nstd": 0.016520107261226154,
          "rmse": 0.826441724531141,
          "std": 0.3235505612395293
        },
        "xi": {
          "bias": 0.05673248834908009,
          "call_true": 0.04999999999999999,
          "n_valid": 100,
          "nbias": 1.134649766981602,
          "nrmse": 1.1876632964488925,
          "nstd": 0.35087606361854645,
          "rmse": 0.059383164822444615,
          "std": 0.01754380318092732
        }
      },
      "n_runs": 100,
      "pixel": [
        6,
        0
      ],
      "return_levels": {
        "10": {
          "bias": -1.2472571385961897,
          "call_true": 141.61720617424066,
          "n_valid": 100,
          "nbias": -0.008807242935308369,
          "nrmse": 0.012928225573955792,