{
  "i": 2,
  "j": 5,
  "local_selector_args": {
    "include_center": true,
    "max_points": 16,
    "mode": "circle",
    "radius": null
  },
  "local_selector_points": 16,
  "location": "(2,5)",
  "location_index": 25,
  "raw_report_path": "C:\\github\\EVT_Univariate\\EVT_Classes\\SIM\\_output\\sim_results_all\\blob\\bootstrap_k100\\t_030\\runs_100\\demo_weights_k100_5c6fff0c30fb1252\\raw\\loc_025_i02_j05.json",
  "reports": {
    "full": {
      "gev_params": {
        "mu": {
          "bias": -9.017747925247772,
          "call_true": 95.0422389683386,
          "n_valid": 100,
          "nbias": -0.09488147610087187,
          "nrmse": 0.09489879003127089,
          "nstd": 0.001812689250510323,
          "rmse": 9.019393479958236,
          "std": 0.1722820449223407
        },
        "sigma": {
          "bias": -1.7688983719740974,
          "call_true": 19.61890909008255,
          "n_valid": 100,
          "nbias": -0.09016293229414493,
          "nrmse": 0.09046355066571966,
          "nstd": 0.007368828887324473,
          "rmse": 1.7747961764768307,
          "std": 0.14456838404079297
        },
        "xi": {
          "bias": 0.053179601430892946,
          "call_true": 0.04999999999999999,
          "n_valid": 100,
          "nbias": 1.063592028617859,
          "nrmse": 1.0743089029619817,
          "nstd": 0.1513658338064554,
          "rmse": 0.05371544514809907,
          "std": 0.007568291690322769
        }
      },
      "n_runs": 100,
      "pixel": [
        2,
        5
      ],
      "return_levels": {
        "10": {
          "bias": -10.53000471241805,
          "call_true": 141.77165937550396,
          "n_valid": 100,
          "nbias": -0.07427439841504373,
          "nrmse": 0.07436590377497936,
          "nstd": 0.003688005470825792,
          "rmse": 10.542977579137878,
          "std": 0.5228546553849093
        },
        "100": {
          "bias": -5.383136665426778,
          "call_true": 196.51492545326857,
          "n_valid": 100,
          "nbias": -0.027393016856151687,
          "nrmse": 0.029196867040182768,
          "nstd": 0.01010344854397254,
          "rmse": 5.737620149870511,
          "std": 1.9854784374396988
        }
      },
      "success_rate": 1.0,
      "t_idx": 30,
      "true_params": {
        "mu": 95.0422389683386,
        "sigma": 19.618909090082546,
        "xi": 0.05
      },
      "true_return_levels": {
        "10": 141.771659375504,
        "100": 196.51492545326857
      }
    },
    "local": {
      "gev_params": {
        "mu": {
          "bias": -6.552403915848358,
          "call_true": 95.0422389683386,
          "n_valid": 100,
          "nbias": -0.06894201974798972,
          "nrmse": 0.0691118810514909,
          "nstd": 0.004842521609989941,
          "rmse": 6.56854791444719,
          "std": 0.46024409606600775
        },
        "sigma": {
          "bias": -1.9744530617015696,
          "call_true": 19.61890909008255,
          "n_valid": 100,
          "nbias": -0.1006403084205974,
          "nrmse": 0.10240671284158452,
          "nstd": 0.018938404262919956,
          "rmse": 2.009107989453236,
          "std": 0.3715508315454584
        },
        "xi": {
          "bias": 0.05841347638517618,
          "call_true": 0.04999999999999999,
          "n_valid": 100,
          "nbias": 1.168269527703524,
          "nrmse": 1.2224552861258706,
          "nstd": 0.35992115416639453,
          "rmse": 0.061122764306293514,
          "std": 0.01799605770831972
        }
      },
      "n_runs": 100,
      "pixel": [
        2,
        5
      ],
      "return_levels": {
        "10": {
          "bias": -8.301299573257893,
          "call_true": 141.77165937550396,
          "n_valid": 100,
          "nbias": -0.05855401290938289,
          "nrmse": 0.05938028011044193,
          "nstd": 0.00987143546817614,
          "rmse": 8.418440845439585,
          "std": 1.3994897867415361
        },
        "100": {
          "bias": -2.662708046042012,
          "call_true": 196.51492545326857,
          "n_valid": 100,
          "nbias": -0.01354964789519362,
          "nrmse": 0.02858287781387541,
          "nstd": 0.025167199805286374,
          "rmse": 5.616962102833611,
          "std": 4.945730393603367
        }
      },
      "success_rate": 1.0,
      "t_idx": 30,
      "true_params": {
        "mu": 95.0422389683386,
        "sigma": 19.618909090082546,
        "xi": 0.05
      },
      "true_return_levels": {
        "10": 141.771659375504,
        "100": 196.51492545326857
      }
    },
    "pointwise": {
      "gev_params": {
        "mu": {
          "bias": -0.1954639928798135,
          "call_true": 95.04223896833857,
          "n_valid": 96,
          "nbias": -0.0020566013069718237,
          "nrmse": 0.026068015995595557,
          "nstd": 0.025986762957528737,
          "rmse": 2.477562605683865,
          "std": 2.469840135023015
        },
        "sigma": {
          "bias": 0.032984139563549474,
          "call_true": 19.61890909008255,
          "n_valid": 96,
          "nbias": 0.0016812422858018701,
          "nrmse": 0.08150785604009914,
          "nstd": 0.08149051491204333,
          "rmse": 1.599095217778241,
          "std": 1.5987550037633944
        },
        "xi": {
          "bias": 0.04418204646984425,
          "call_true": 0.049999999999999996,
          "n_valid": 96,
          "nbias": 0.8836409293968851,
          "nrmse": 2.102567460018963,
          "nstd": 1.907870182120681,
          "rmse": 0.10512837300094814,
          "std": 0.09539350910603404
        }
      },
      "n_runs": 100,
      "pixel": [
        2,
        5
      ],
      "return_levels": {
        "10": {
          "bias": 2.6304101931300465,
          "call_true": 141.771659375504,
          "n_valid": 96,
          "nbias": 0.01855385064064886,
          "nrmse": 0.049373595028659165,
          "nstd": 0.045754852337850795,
          "rmse": 6.9997764965471445,
          "std": 6.4867413404182654
        },
        "100": {
          "bias": 15.111356602904115,
          "call_true": 196.51492545326855,
          "n_valid": 96,
          "nbias": 0.07689673732440039,
          "nrmse": 0.1596247818409974,
          "nstd": 0.13988196011869505,
          "rmse": 31.368652103977862,
          "std": 27.488892964982444
        }
      },
      "success_rate": 0.96,
      "t_idx": 30,
      "true_params": {
        "mu": 95.0422389683386,
        "sigma": 19.618909090082546,
        "xi": 0.05
      },
      "true_return_levels": {
        "10": 141.771659375504,
        "100": 196.51492545326857
      }
    },
    "weighted": {
      "gev_params": {
        "mu": {
          "bias": -2.656978195633517,
          "call_true": 95.0422389683386,
          "n_valid": 100,
          "nbias": -0.02795576182205299,
          "nrmse": 0.02851975355402582,
          "nstd": 0.005643733137827605,
          "rmse": 2.710581232599846,
          "std": 0.5363930335589426
        },
        "sigma": {
          "bias": -0.7530171689076639,
          "call_true": 19.61890909008255,
          "n_valid": 100,
          "nbias": -0.03838221408999329,
          "nrmse": 0.04236492977793278,
          "nstd": 0.017933011923240805,
          "rmse": 0.8311537059209944,
          "std": 0.35182613063342777
        },
        "xi": {
          "bias": 0.05662391901016235,
          "call_true": 0.04999999999999999,
          "n_valid": 100,
          "nbias": 1.1324783802032472,
          "nrmse": 1.2008747937399007,
          "nstd": 0.39949091180160573,
          "rmse": 0.06004373968699502,
          "std": 0.019974545590080283
        }
      },
      "n_runs": 100,
      "pixel": [
        2,
        5
      ],
      "return_levels": {
        "10": {
          "bias": -1.3886593449864086,
          "call_true": 141.77165937550396,
          "n_valid": 100,
          "nbias": -0.009795041908258488,
          "nrmse": 0.014494639836398211,