{
  "i": 9,
  "j": 1,
  "local_selector_args": {
    "include_center": true,
    "max_points": 7,
    "mode": "circle",
    "radius": null
  },
  "local_selector_points": 7,
  "location": "(9,1)",
  "location_index": 91,
  "raw_report_path": "C:\\github\\EVT_Univariate\\EVT_Classes\\SIM\\_output\\sim_results_all\\blob\\bootstrap_k100\\t_030\\runs_100\\demo_weights_k100_5c6fff0c30fb1252\\raw\\loc_091_i09_j01.json",
  "reports": {
    "full": {
      "gev_params": {
        "mu": {
          "bias": 2.2800397945186863,
          "call_true": 83.74445124857213,
          "n_valid": 100,
          "nbias": 0.027226159590574207,
          "nrmse": 0.027303772327456097,
          "nstd": 0.00205723534340167,
          "rmse": 2.28653943057876,
          "std": 0.1722820449223407
        },
        "sigma": {
          "bias": 2.7384580723925023,
          "call_true": 15.111552645715946,
          "n_valid": 100,
          "nbias": 0.18121619509222583,
          "nrmse": 0.18146854270222795,
          "nstd": 0.00956674588178584,
          "rmse": 2.74227143658607,
          "std": 0.14456838404079295
        },
        "xi": {
          "bias": -0.046820398569107094,
          "call_true": 0.15,
          "n_valid": 100,
          "nbias": -0.312135990460714,
          "nrmse": 0.3161876209032193,
          "nstd": 0.05045527793548512,
          "rmse": 0.04742814313548289,
          "std": 0.007568291690322768
        }
      },
      "n_runs": 100,
      "pixel": [
        9,
        1
      ],
      "return_levels": {
        "10": {
          "bias": 7.046918793392479,
          "call_true": 124.19473586969349,
          "n_valid": 100,
          "nbias": 0.05674088152002018,
          "nrmse": 0.0568968486324634,
          "nstd": 0.00420995827015965,
          "rmse": 7.066289087726723,
          "std": 0.5228546553849094
        },
        "100": {
          "bias": 7.27227759435581,
          "call_true": 183.85951119348593,
          "n_valid": 100,
          "nbias": 0.03955344788610242,
          "nrmse": 0.04100111268597836,
          "nstd": 0.010798888915516945,
          "rmse": 7.5384445368330155,
          "std": 1.9854784374396988
        }
      },
      "success_rate": 1.0,
      "t_idx": 30,
      "true_params": {
        "mu": 83.74445124857213,
        "sigma": 15.111552645715946,
        "xi": 0.15000000000000002
      },
      "true_return_levels": {
        "10": 124.19473586969346,
        "100": 183.859511193486
      }
    },
    "local": {
      "gev_params": {
        "mu": {
          "bias": 4.747695205285288,
          "call_true": 83.74445124857213,
          "n_valid": 100,
          "nbias": 0.056692654074394416,
          "nrmse": 0.05726252025470931,
          "nstd": 0.00805848620536413,
          "rmse": 4.795418335840878,
          "std": 0.6748535051624075
        },
        "sigma": {
          "bias": 2.1350105780051387,
          "call_true": 15.111552645715946,
          "n_valid": 100,
          "nbias": 0.14128333653460845,
          "nrmse": 0.1455749686456331,
          "nstd": 0.035086896611493494,
          "rmse": 2.1998638025869326,
          "std": 0.5302174853193764
        },
        "xi": {
          "bias": -0.040667555239051606,
          "call_true": 0.15,
          "n_valid": 100,
          "nbias": -0.2711170349270107,
          "nrmse": 0.34407588340382556,
          "nstd": 0.21185789320322487,
          "rmse": 0.05161138251057383,
          "std": 0.03177868398048373
        }
      },
      "n_runs": 100,
      "pixel": [
        9,
        1
      ],
      "return_levels": {
        "10": {
          "bias": 8.324341431331932,
          "call_true": 124.19473586969349,
          "n_valid": 100,
          "nbias": 0.06702652389442597,
          "nrmse": 0.06872097434099068,
          "nstd": 0.015166324835142018,
          "rmse": 8.534783256987321,
          "std": 1.8835777070144355
        },
        "100": {
          "bias": 8.073094549922216,
          "call_true": 183.85951119348593,
          "n_valid": 100,
          "nbias": 0.04390903955698237,
          "nrmse": 0.061134570973439294,
          "nstd": 0.04253741897776408,
          "rmse": 11.240172336200022,
          "std": 7.820909060684215
        }
      },
      "success_rate": 1.0,
      "t_idx": 30,
      "true_params": {
        "mu": 83.74445124857213,
        "sigma": 15.111552645715946,
        "xi": 0.15000000000000002
      },
      "true_return_levels": {
        "10": 124.19473586969346,
        "100": 183.859511193486
      }
    },
    "pointwise": {
      "gev_params": {
        "mu": {
          "bias": -0.28500124695283324,
          "call_true": 83.74445124857212,
          "n_valid": 98,
          "nbias": -0.003403225440057948,
          "nrmse": 0.019337000173627227,
          "nstd": 0.019035168302880903,
          "rmse": 1.619366468333956,
          "std": 1.594089723948975
        },
        "sigma": {
          "bias": -0.31523771640860954,
          "call_true": 15.111552645715948,
          "n_valid": 98,
          "nbias": -0.020860709934923723,
          "nrmse": 0.08291213730684527,
          "nstd": 0.0802449580584359,
          "rmse": 1.2529311278812216,
          "std": 1.2126259082533224
        },
        "xi": {
          "bias": -0.041916100144842476,
          "call_true": 0.15,
          "n_valid": 98,
          "nbias": -0.2794406676322832,
          "nrmse": 0.5571861065339925,
          "nstd": 0.4820469589031067,
          "rmse": 0.08357791598009887,
          "std": 0.072307043835466
        }
      },
      "n_runs": 100,
      "pixel": [
        9,
        1
      ],
      "return_levels": {
        "10": {
          "bias": -2.8742689133796837,
          "call_true": 124.19473586969347,
          "n_valid": 98,
          "nbias": -0.023143242692632314,
          "nrmse": 0.04437840384390736,
          "nstd": 0.03786598797605645,
          "rmse": 5.511564143712664,
          "std": 4.70275637513132
        },
        "100": {
          "bias": -10.475327115191583,
          "call_true": 183.85951119348596,
          "n_valid": 98,
          "nbias": -0.05697462724225233,
          "nrmse": 0.10925518842965885,
          "nstd": 0.09322332352693,
          "rmse": 20.08760554002928,
          "std": 17.13999469549355
        }
      },
      "success_rate": 0.98,
      "t_idx": 30,
      "true_params": {
        "mu": 83.74445124857213,
        "sigma": 15.111552645715946,
        "xi": 0.15000000000000002
      },
      "true_return_levels": {
        "10": 124.19473586969346,
        "100": 183.859511193486
      }
    },
    "weighted": {
      "gev_params": {
        "mu": {
          "bias": 1.561457641198374,
          "call_true": 83.74445124857213,
          "n_valid": 100,
          "nbias": 0.018645505677308948,
          "nrmse": 0.020338906094959783,
          "nstd": 0.008125036564658147,
          "rmse": 1.7032705299186461,
          "std": 0.6804267284818802
        },
        "sigma": {
          "bias": 0.9002994377920688,
          "call_true": 15.111552645715946,
          "n_valid": 100,
          "nbias": 0.05957689847623298,
          "nrmse": 0.06742316663189128,
          "nstd": 0.031567017068839506,
          "rmse": 1.0188687320987038,
          "std": 0.4770266403039821
        },
        "xi": {
          "bias": -0.03922043252736332,
          "call_true": 0.15,
          "n_valid": 100,
          "nbias": -0.26146955018242213,
          "nrmse": 0.31384474877970686,
          "nstd": 0.17358629169378312,
          "rmse": 0.04707671231695603,
          "std": 0.026037943754067466
        }
      },
      "n_runs": 100,
      "pixel": [
        9,
        1
      ],
      "return_levels": {
        "10": {
          "bias": 2.048521652889548,
          "call_true": 124.19473586969349,
          "n_valid": 100,
          "nbias": 0.016494432220049003,
          "nrmse": 0.021081062416955697,
          "nstd": 0.013128019590394864,