{
  "i": 8,
  "j": 6,
  "local_selector_args": {
    "include_center": true,
    "max_points": 30,
    "mode": "circle",
    "radius": null
  },
  "local_selector_points": 30,
  "location": "(8,6)",
  "location_index": 86,
  "raw_report_path": "C:\\github\\EVT_Univariate\\EVT_Classes\\SIM\\_output\\sim_results_all\\blob\\bootstrap_k100\\t_030\\runs_100\\demo_weights_k100_5c6fff0c30fb1252\\raw\\loc_086_i08_j06.json",
  "reports": {
    "full": {
      "gev_params": {
        "mu": {
          "bias": -1.4303060752503416,
          "call_true": 87.45479711834119,
          "n_valid": 100,
          "nbias": -0.016354804108857455,
          "nrmse": 0.016473018590883154,
          "nstd": 0.001969955343778499,
          "rmse": 1.440644498792349,
          "std": 0.1722820449223407
        },
        "sigma": {
          "bias": 1.3858371750956615,
          "call_true": 16.464173543012784,
          "n_valid": 100,
          "nbias": 0.08417289646972871,
          "nrmse": 0.08462965616343002,
          "nstd": 0.008780785969189825,
          "rmse": 1.3933573459602133,
          "std": 0.14456838404079297
        },
        "xi": {
          "bias": -0.046820398569107094,
          "call_true": 0.15,
          "n_valid": 100,
          "nbias": -0.312135990460714,
          "nrmse": 0.3161876209032193,
          "nstd": 0.05045527793548512,
          "rmse": 0.04742814313548289,
          "std": 0.007568291690322768
        }
      },
      "n_runs": 100,
      "pixel": [
        8,
        6
      ],
      "return_levels": {
        "10": {
          "bias": -0.2840940960321927,
          "call_true": 131.5257487591182,
          "n_valid": 100,
          "nbias": -0.002159988433538551,
          "nrmse": 0.004524221597037707,
          "nstd": 0.003975302633269835,
          "rmse": 0.5950516331025578,
          "std": 0.5228546553849093
        },
        "100": {
          "bias": -5.399273347481485,
          "call_true": 196.5310621353233,
          "n_valid": 100,
          "nbias": -0.027472875222969918,
          "nrmse": 0.029271518292773403,
          "nstd": 0.010102618974666605,
          "rmse": 5.752762580392303,
          "std": 1.9854784374396988
        }
      },
      "success_rate": 1.0,
      "t_idx": 30,
      "true_params": {
        "mu": 87.45479711834116,
        "sigma": 16.464173543012787,
        "xi": 0.15000000000000002
      },
      "true_return_levels": {
        "10": 131.52574875911813,
        "100": 196.53106213532328
      }
    },
    "local": {
      "gev_params": {
        "mu": {
          "bias": -2.8758350974671383,
          "call_true": 87.45479711834119,
          "n_valid": 100,
          "nbias": -0.03288367467796701,
          "nrmse": 0.03311058493301773,
          "nstd": 0.003869725349454648,
          "rmse": 2.89567948778667,
          "std": 0.3384260453402582
        },
        "sigma": {
          "bias": 1.1373051907007734,
          "call_true": 16.464173543012784,
          "n_valid": 100,
          "nbias": 0.06907757548409914,
          "nrmse": 0.07100770208717527,
          "nstd": 0.016443306265457105,
          "rmse": 1.1690831300538047,
          "std": 0.2707254479753952
        },
        "xi": {
          "bias": -0.037278684005141276,
          "call_true": 0.15,
          "n_valid": 100,
          "nbias": -0.24852456003427517,
          "nrmse": 0.2682397586027321,
          "nstd": 0.100936173669413,
          "rmse": 0.040235963790409814,
          "std": 0.01514042605041195
        }
      },
      "n_runs": 100,
      "pixel": [
        8,
        6
      ],
      "return_levels": {
        "10": {
          "bias": -1.852538462487271,
          "call_true": 131.5257487591182,
          "n_valid": 100,
          "nbias": -0.014084987007981898,
          "nrmse": 0.016155165312374604,
          "nstd": 0.007912174622386242,
          "rmse": 2.1248202140374035,
          "std": 1.0406546915222437
        },
        "100": {
          "bias": -5.749971437081094,
          "call_true": 196.5310621353233,
          "n_valid": 100,
          "nbias": -0.029257316246130587,
          "nrmse": 0.035738530120881754,
          "nstd": 0.020524424018107692,
          "rmse": 7.023731283812136,
          "std": 4.033686851994445
        }
      },
      "success_rate": 1.0,
      "t_idx": 30,
      "true_params": {
        "mu": 87.45479711834116,
        "sigma": 16.464173543012787,
        "xi": 0.15000000000000002
      },
      "true_return_levels": {
        "10": 131.52574875911813,
        "100": 196.53106213532328
      }
    },
    "pointwise": {
      "gev_params": {
        "mu": {
          "bias": 0.041903778875635,
          "call_true": 87.45479711834119,
          "n_valid": 100,
          "nbias": 0.00047914785988162627,
          "nrmse": 0.01946803189481049,
          "nstd": 0.01946213459992838,
          "rmse": 1.7025727796540469,
          "std": 1.702057032926585
        },
        "sigma": {
          "bias": -0.3391010909330876,
          "call_true": 16.464173543012784,
          "n_valid": 100,
          "nbias": -0.020596302027987214,
          "nrmse": 0.08087121928844557,
          "nstd": 0.07820451682589556,
          "rmse": 1.3314777890000107,
          "std": 1.2875727368690078
        },
        "xi": {
          "bias": -0.07544142451137308,
          "call_true": 0.15,
          "n_valid": 100,
          "nbias": -0.5029428300758205,
          "nrmse": 0.8372092608354511,
          "nstd": 0.6693040087314334,
          "rmse": 0.12558138912531766,
          "std": 0.100395601309715
        }
      },
      "n_runs": 100,
      "pixel": [
        8,
        6
      ],
      "return_levels": {
        "10": {
          "bias": -4.269844599572232,
          "call_true": 131.5257487591182,
          "n_valid": 100,
          "nbias": -0.03246394443564207,
          "nrmse": 0.050818589154133016,
          "nstd": 0.03909758707767156,
          "rmse": 6.683952989379348,
          "std": 5.1423394150655755
        },
        "100": {
          "bias": -17.67067303620219,
          "call_true": 196.5310621353233,
          "n_valid": 100,
          "nbias": -0.08991287608283967,
          "nrmse": 0.13715759811939546,
          "nstd": 0.10357548665776818,
          "rmse": 26.955728438334614,
          "std": 20.355800404034188
        }
      },
      "success_rate": 1.0,
      "t_idx": 30,
      "true_params": {
        "mu": 87.45479711834116,
        "sigma": 16.464173543012787,
        "xi": 0.15000000000000002
      },
      "true_return_levels": {
        "10": 131.52574875911813,
        "100": 196.53106213532328
      }
    },
    "weighted": {
      "gev_params": {
        "mu": {
          "bias": 0.2182277077086428,
          "call_true": 87.45479711834119,
          "n_valid": 100,
          "nbias": 0.0024953200384576235,
          "nrmse": 0.004520777679320851,
          "nstd": 0.0037697226332341037,
          "rmse": 0.3953636947621303,
          "std": 0.32968032808190745
        },
        "sigma": {
          "bias": 0.6387058481627826,
          "call_true": 16.464173543012784,
          "n_valid": 100,
          "nbias": 0.03879367807282634,
          "nrmse": 0.041751849672371485,
          "nstd": 0.015435915672425107,
          "rmse": 0.6874096987477055,
          "std": 0.25413959442611783
        },
        "xi": {
          "bias": -0.04490700915455822,
          "call_true": 0.15,
          "n_valid": 100,
          "nbias": -0.2993800610303881,
          "nrmse": 0.31536155968351287,
          "nstd": 0.09911857738819183,
          "rmse": 0.047304233952526926,
          "std": 0.014867786608228774
        }
      },
      "n_runs": 100,
      "pixel": [
        8,
        6
      ],
      "return_levels": {
        "10": {
          "bias": -0.42659730037789584,
          "call_true": 131.5257487591182,
          "n_valid": 100,
          "nbias": -0.0032434508406348947,
          "nrmse": 0.007797028029626281,