{
  "i": 0,
  "j": 8,
  "local_selector_args": {
    "include_center": true,
    "max_points": 20,
    "mode": "circle",
    "radius": null
  },
  "local_selector_points": 20,
  "location": "(0,8)",
  "location_index": 8,
  "raw_report_path": "C:\\github\\EVT_Univariate\\EVT_Univariate\\EVT_Classes\\SIM\\_output\\sim_results_all\\blob\\bootstrap_k100\\t_030\\runs_100\\demo_weights_k100_5c6fff0c30fb1252\\raw\\loc_008_i00_j08.json",
  "reports": {
    "full": {
      "gev_params": {
        "mu": {
          "bias": 0.08202810387683086,
          "call_true": 85.94246324438974,
          "n_valid": 100,
          "nbias": 0.0009544537214807559,
          "nrmse": 0.002220249405198071,
          "nstd": 0.002004626028673159,
          "rmse": 0.1908137028996134,
          "std": 0.17228249878798996
        },
        "sigma": {
          "bias": 1.9511998321277622,
          "call_true": 15.898811973169389,
          "n_valid": 100,
          "nbias": 0.12272614050789327,
          "nrmse": 0.12306254184836894,
          "nstd": 0.009093054614286455,
          "rmse": 1.9565482137875072,
          "std": 0.14456876557430065
        },
        "xi": {
          "bias": 0.05317958064377308,
          "call_true": 0.04999999999999999,
          "n_valid": 100,
          "nbias": 1.063591612875462,
          "nrmse": 1.074308515611656,
          "nstd": 0.15136600588207905,
          "rmse": 0.05371542578058279,
          "std": 0.00756830029410395
        }
      },
      "n_runs": 100,
      "pixel": [
        0,
        8
      ],
      "return_levels": {
        "10": {
          "bias": 7.430509254254485,
          "call_true": 123.81114723988618,
          "n_valid": 100,
          "nbias": 0.06001486473473788,
          "nrmse": 0.06016325935720682,
          "nstd": 0.004223006909022298,
          "rmse": 7.448882162706594,
          "std": 0.5228553302080163
        },
        "100": {
          "bias": 22.957683531977818,
          "call_true": 168.17410800244605,
          "n_valid": 100,
          "nbias": 0.13651140359634853,
          "nrmse": 0.13702097473039232,
          "nstd": 0.011806108767145619,
          "rmse": 23.04338020290943,
          "std": 1.9854818108945724
        }
      },
      "success_rate": 1.0,
      "t_idx": 30,
      "true_params": {
        "mu": 85.94246324438977,
        "sigma": 15.898811973169389,
        "xi": 0.05
      },
      "true_return_levels": {
        "10": 123.81114723988614,
        "100": 168.17410800244602
      }
    },
    "local": {
      "gev_params": {
        "mu": {
          "bias": -2.741960314702271,
          "call_true": 85.94246324438974,
          "n_valid": 100,
          "nbias": -0.03190460467609723,
          "nrmse": 0.032162260805249664,
          "nstd": 0.004062907895443154,
          "rmse": 2.764103917111646,
          "std": 0.3491763124694641
        },
        "sigma": {
          "bias": 0.5777709322083261,
          "call_true": 15.898811973169389,
          "n_valid": 100,
          "nbias": 0.03634050979301876,
          "nrmse": 0.0409287003101469,
          "nstd": 0.018828857030136648,
          "rmse": 0.6507177105372252,
          "std": 0.29935645759183116
        },
        "xi": {
          "bias": 0.06128313668072224,
          "call_true": 0.04999999999999999,
          "n_valid": 100,
          "nbias": 1.225662733614445,
          "nrmse": 1.2638732131406638,
          "nstd": 0.3084256187855871,
          "rmse": 0.06319366065703318,
          "std": 0.015421280939279351
        }
      },
      "n_runs": 100,
      "pixel": [
        0,
        8
      ],
      "return_levels": {
        "10": {
          "bias": 1.529347297467376,
          "call_true": 123.81114723988618,
          "n_valid": 100,
          "nbias": 0.012352258512751199,
          "nrmse": 0.014841824774267447,
          "nstd": 0.00822809043850543,
          "rmse": 1.8375833524354175,
          "std": 1.0187293167848954
        },
        "100": {
          "bias": 14.0812286064407,
          "call_true": 168.17410800244605,
          "n_valid": 100,
          "nbias": 0.08373006269333619,
          "nrmse": 0.08669685095270413,
          "nstd": 0.022486008238132984,
          "rmse": 14.580165575592032,
          "std": 3.781564377983668
        }
      },
      "success_rate": 1.0,
      "t_idx": 30,
      "true_params": {
        "mu": 85.94246324438977,
        "sigma": 15.898811973169389,
        "xi": 0.05
      },
      "true_return_levels": {
        "10": 123.81114723988614,
        "100": 168.17410800244602
      }
    },
    "pointwise": {
      "gev_params": {
        "mu": {
          "bias": -0.09342693034022509,
          "call_true": 85.94246324438974,
          "n_valid": 98,
          "nbias": -0.0010870869511216148,
          "nrmse": 0.02073294595294653,
          "nstd": 0.020704426817676046,
          "rmse": 1.7818404455090262,
          "std": 1.779389440774281
        },
        "sigma": {
          "bias": -0.1985879194970658,
          "call_true": 15.898811973169389,
          "n_valid": 98,
          "nbias": -0.012490739549105932,
          "nrmse": 0.0872173716289798,
          "nstd": 0.08631831404391524,
          "rmse": 1.3866525923231883,
          "std": 1.372358644825195
        },
        "xi": {
          "bias": 0.05625112946715433,
          "call_true": 0.049999999999999996,
          "n_valid": 98,
          "nbias": 1.1250225893430867,
          "nrmse": 1.9055075315069476,
          "nstd": 1.5379476994025116,
          "rmse": 0.09527537657534738,
          "std": 0.07689738497012558
        }
      },
      "n_runs": 100,
      "pixel": [
        0,
        8
      ],
      "return_levels": {
        "10": {
          "bias": 2.0881189836320764,
          "call_true": 123.81114723988617,
          "n_valid": 98,
          "nbias": 0.01686535526228758,
          "nrmse": 0.043634457224007904,
          "nstd": 0.04024333049227666,
          "rmse": 5.402432208094157,
          "std": 4.982572917002666
        },
        "100": {
          "bias": 12.719149138667262,
          "call_true": 168.17410800244602,
          "n_valid": 98,
          "nbias": 0.07563084050062134,
          "nrmse": 0.13769042278255592,
          "nstd": 0.11505923905192736,
          "rmse": 23.155964031936012,
          "std": 19.349984894998087
        }
      },
      "success_rate": 0.98,
      "t_idx": 30,
      "true_params": {
        "mu": 85.94246324438977,
        "sigma": 15.898811973169389,
        "xi": 0.05
      },
      "true_return_levels": {
        "10": 123.81114723988614,
        "100": 168.17410800244602
      }
    },
    "weighted": {
      "gev_params": {
        "mu": {
          "bias": 1.3315158663280022,
          "call_true": 85.94246324438974,
          "n_valid": 100,
          "nbias": 0.015493108017414459,
          "nrmse": 0.016128752492939366,
          "nstd": 0.004483331455427475,
          "rmse": 1.386144718302301,
          "std": 0.38530854882049215
        },
        "sigma": {
          "bias": 0.8935093423925905,
          "call_true": 15.898811973169389,
          "n_valid": 100,
          "nbias": 0.05619975529621108,
          "nrmse": 0.059155487166228767,
          "nstd": 0.01846507965105626,
          "rmse": 0.940501967637106,
          "std": 0.2935728294417397
        },
        "xi": {
          "bias": 0.05486575283110142,
          "call_true": 0.04999999999999999,
          "n_valid": 100,
          "nbias": 1.0973150566220287,
          "nrmse": 1.1344981213300207,
          "nstd": 0.2880723065689247,
          "rmse": 0.05672490606650102,
          "std": 0.014403615328446232
        }
      },
      "n_runs": 100,
      "pixel": [
        0,
        8
      ],
      "return_levels": {
        "10": {
          "bias": 6.088349067486906,
          "call_true": 123.81114723988618,
          "n_valid": 100,
          "nbias": 0.04917448229189434,
          "nrmse": 0.04992932674216094,