{
  "i": 7,
  "j": 4,
  "local_selector_args": {
    "include_center": true,
    "max_points": 17,
    "mode": "circle",
    "radius": null
  },
  "local_selector_points": 17,
  "location": "(7,4)",
  "location_index": 74,
  "raw_report_path": "C:\\github\\EVT_Univariate\\EVT_Classes\\SIM\\_output\\sim_results_all\\blob\\bootstrap_k100\\t_030\\runs_100\\demo_weights_k100_5c6fff0c30fb1252\\raw\\loc_074_i07_j04.json",
  "reports": {
    "full": {
      "gev_params": {
        "mu": {
          "bias": 7.023634677616301,
          "call_true": 79.00085636547453,
          "n_valid": 100,
          "nbias": 0.08890580432601254,
          "nrmse": 0.08893254614941706,
          "nstd": 0.0021807617391554316,
          "rmse": 7.025747304566033,
          "std": 0.1722820449223407
        },
        "sigma": {
          "bias": 4.307154211704668,
          "call_true": 13.54285650640378,
          "n_valid": 100,
          "nbias": 0.31803882804694983,
          "nrmse": 0.318217927266331,
          "nstd": 0.01067488117978902,
          "rmse": 4.309579726733156,
          "std": 0.14456838404079297
        },
        "xi": {
          "bias": 0.053179601430892946,
          "call_true": 0.04999999999999999,
          "n_valid": 100,
          "nbias": 1.063592028617859,
          "nrmse": 1.0743089029619817,
          "nstd": 0.1513658338064554,
          "rmse": 0.05371544514809907,
          "std": 0.007568291690322769
        }
      },
      "n_runs": 100,
      "pixel": [
        7,
        4
      ],
      "return_levels": {
        "10": {
          "bias": 19.983661456013724,
          "call_true": 111.25799320707225,
          "n_valid": 100,
          "nbias": 0.17961551237779685,
          "nrmse": 0.17967698070165852,
          "nstd": 0.004699479473908697,
          "rmse": 19.990500298372375,
          "std": 0.5228546553849093
        },
        "100": {
          "bias": 42.08473229601139,
          "call_true": 149.04705649183043,
          "n_valid": 100,
          "nbias": 0.28235869453965456,
          "nrmse": 0.28267275330762476,
          "nstd": 0.013321151615956447,
          "rmse": 42.131541830942794,
          "std": 1.9854784374396988
        }
      },
      "success_rate": 1.0,
      "t_idx": 30,
      "true_params": {
        "mu": 79.00085636547452,
        "sigma": 13.542856506403782,
        "xi": 0.05
      },
      "true_return_levels": {
        "10": 111.25799320707222,
        "100": 149.0470564918304
      }
    },
    "local": {
      "gev_params": {
        "mu": {
          "bias": 2.83674960681552,
          "call_true": 79.00085636547453,
          "n_valid": 100,
          "nbias": 0.03590783362767767,
          "nrmse": 0.03631219518161288,
          "nstd": 0.005403980299239652,
          "rmse": 2.8686945158576758,
          "std": 0.42691907142208585
        },
        "sigma": {
          "bias": 1.929816900433196,
          "call_true": 13.54285650640378,
          "n_valid": 100,
          "nbias": 0.14249703520971935,
          "nrmse": 0.14436726479912498,
          "nstd": 0.023162515019329838,
          "rmse": 1.9551451513965472,
          "std": 0.3136866172342064
        },
        "xi": {
          "bias": 0.05578298136591911,
          "call_true": 0.04999999999999999,
          "n_valid": 100,
          "nbias": 1.1156596273183825,
          "nrmse": 1.1781114662278418,
          "nstd": 0.3784841117264016,
          "rmse": 0.058905573311392075,
          "std": 0.018924205586320075
        }
      },
      "n_runs": 100,
      "pixel": [
        7,
        4
      ],
      "return_levels": {
        "10": {
          "bias": 9.90167788972954,
          "call_true": 111.25799320707225,
          "n_valid": 100,
          "nbias": 0.0889974518172428,
          "nrmse": 0.08960516394522164,
          "nstd": 0.010418204052887053,
          "rmse": 9.969290721536064,
          "std": 1.1591084757460002
        },
        "100": {
          "bias": 24.585485317251624,
          "call_true": 149.04705649183043,
          "n_valid": 100,
          "nbias": 0.16495116304829008,
          "nrmse": 0.1675027334051061,
          "nstd": 0.029125238320028425,
          "rmse": 24.96578936836686,
          "std": 4.341031041223301
        }
      },
      "success_rate": 1.0,
      "t_idx": 30,
      "true_params": {
        "mu": 79.00085636547452,
        "sigma": 13.542856506403782,
        "xi": 0.05
      },
      "true_return_levels": {
        "10": 111.25799320707222,
        "100": 149.0470564918304
      }
    },
    "pointwise": {
      "gev_params": {
        "mu": {
          "bias": 0.002952457157317099,
          "call_true": 79.00085636547453,
          "n_valid": 100,
          "nbias": 3.737247028890944e-05,
          "nrmse": 0.019029965337863552,
          "nstd": 0.01902992864040096,
          "rmse": 1.5033835582965176,
          "std": 1.5033806591655463
        },
        "sigma": {
          "bias": -0.11807616109017678,
          "call_true": 13.54285650640378,
          "n_valid": 100,
          "nbias": -0.00871870428770652,
          "nrmse": 0.0767455962024418,
          "nstd": 0.07624874249462595,
          "rmse": 1.0393545968680762,
          "std": 1.0326257783984514
        },
        "xi": {
          "bias": 0.05196164126740768,
          "call_true": 0.04999999999999999,
          "n_valid": 100,
          "nbias": 1.039232825348154,
          "nrmse": 1.9239503349646128,
          "nstd": 1.6191294037628183,
          "rmse": 0.09619751674823061,
          "std": 0.0809564701881409
        }
      },
      "n_runs": 100,
      "pixel": [
        7,
        4
      ],
      "return_levels": {
        "10": {
          "bias": 1.8600688504228993,
          "call_true": 111.25799320707225,
          "n_valid": 100,
          "nbias": 0.016718518794069548,
          "nrmse": 0.039847959456575946,
          "nstd": 0.036171134930843174,
          "rmse": 4.433404002535417,
          "std": 4.024327884427843
        },
        "100": {
          "bias": 10.601789638540685,
          "call_true": 149.04705649183043,
          "n_valid": 100,
          "nbias": 0.07113048649251111,
          "nrmse": 0.13089672332527144,
          "nstd": 0.10988360236464471,
          "rmse": 19.50977131605723,
          "std": 16.377827489169032
        }
      },
      "success_rate": 1.0,
      "t_idx": 30,
      "true_params": {
        "mu": 79.00085636547452,
        "sigma": 13.542856506403782,
        "xi": 0.05
      },
      "true_return_levels": {
        "10": 111.25799320707222,
        "100": 149.0470564918304
      }
    },
    "weighted": {
      "gev_params": {
        "mu": {
          "bias": -0.317460517344784,
          "call_true": 79.00085636547453,
          "n_valid": 99,
          "nbias": -0.0040184440011149375,
          "nrmse": 0.006105348514953463,
          "nstd": 0.004596453883043735,
          "rmse": 0.4823277610910017,
          "std": 0.36312379300486575
        },
        "sigma": {
          "bias": 0.42329903082838466,
          "call_true": 13.54285650640378,
          "n_valid": 99,
          "nbias": 0.03125625901952269,
          "nrmse": 0.03647796146004271,
          "nstd": 0.018806593109462106,
          "rmse": 0.4940157976994857,
          "std": 0.2546949918557674
        },
        "xi": {
          "bias": 0.05179179041373609,
          "call_true": 0.049999999999999996,
          "n_valid": 99,
          "nbias": 1.0358358082747219,
          "nrmse": 1.0912344718322862,
          "nstd": 0.3432737257800862,
          "rmse": 0.054561723591614306,
          "std": 0.017163686289004308
        }
      },
      "n_runs": 100,
      "pixel": [
        7,
        4
      ],
      "return_levels": {
        "10": {
          "bias": 2.7516632174020166,
          "call_true": 111.25799320707225,
          "n_valid": 99,
          "nbias": 0.024732274401899818,
          "nrmse": 0.025915912998830445,