{
  "i": 0,
  "j": 9,
  "local_selector_args": {
    "include_center": true,
    "max_points": 10,
    "mode": "circle",
    "radius": null
  },
  "local_selector_points": 10,
  "location": "(0,9)",
  "location_index": 9,
  "raw_report_path": "C:\\github\\EVT_Univariate\\EVT_Univariate\\EVT_Classes\\SIM\\_output\\sim_results_all\\blob\\bootstrap_k100\\t_030\\runs_100\\demo_weights_k100_5c6fff0c30fb1252\\raw\\loc_009_i00_j09.json",
  "reports": {
    "full": {
      "gev_params": {
        "mu": {
          "bias": 8.988076488381388,
          "call_true": 77.03641485988523,
          "n_valid": 100,
          "nbias": 0.11667308901548717,
          "nrmse": 0.11669452037000277,
          "nstd": 0.0022363774210071886,
          "rmse": 8.98972748309886,
          "std": 0.17228249878798998
        },
        "sigma": {
          "bias": 4.908100584404134,
          "call_true": 12.941911220893013,
          "n_valid": 100,
          "nbias": 0.37924078605025907,
          "nrmse": 0.3794052659795942,
          "nstd": 0.011170588571254716,
          "rmse": 4.910229269047208,
          "std": 0.14456876557430065
        },
        "xi": {
          "bias": -0.04682041935622696,
          "call_true": 0.15,
          "n_valid": 100,
          "nbias": -0.31213612904151306,
          "nrmse": 0.3161877668611685,
          "nstd": 0.050455335294026335,
          "rmse": 0.047428165029175275,
          "std": 0.00756830029410395
        }
      },
      "n_runs": 100,
      "pixel": [
        0,
        9
      ],
      "return_levels": {
        "10": {
          "bias": 19.56260730674855,
          "call_true": 111.67904918739208,
          "n_valid": 100,
          "nbias": 0.17516810403644675,
          "nrmse": 0.17523065832662388,
          "nstd": 0.004681767386205896,
          "rmse": 19.569593310398123,
          "std": 0.5228553302080163
        },
        "100": {
          "bias": 28.354338142089947,
          "call_true": 162.77745339233385,
          "n_valid": 100,
          "nbias": 0.1741908203573439,
          "nrmse": 0.1746173573158708,
          "nstd": 0.012197523486923406,
          "rmse": 28.423768741976666,
          "std": 1.9854818108945722
        }
      },
      "success_rate": 1.0,
      "t_idx": 30,
      "true_params": {
        "mu": 77.03641485988521,
        "sigma": 12.941911220893017,
        "xi": 0.15000000000000002
      },
      "true_return_levels": {
        "10": 111.67904918739207,
        "100": 162.77745339233388
      }
    },
    "local": {
      "gev_params": {
        "mu": {
          "bias": 6.237689296608928,
          "call_true": 77.03641485988523,
          "n_valid": 100,
          "nbias": 0.08097065923893412,
          "nrmse": 0.08119468549178761,
          "nstd": 0.006027378743924855,
          "rmse": 6.254947475963255,
          "std": 0.46432764943464905
        },
        "sigma": {
          "bias": 2.8963994487259526,
          "call_true": 12.941911220893013,
          "n_valid": 100,
          "nbias": 0.22379997817092862,
          "nrmse": 0.22574063493429175,
          "nstd": 0.02953648644014808,
          "rmse": 2.921515256267624,
          "std": 0.38225858528550677
        },
        "xi": {
          "bias": -0.04346706524491314,
          "call_true": 0.15,
          "n_valid": 100,
          "nbias": -0.2897804349660876,
          "nrmse": 0.32367192576826675,
          "nstd": 0.1441902043878276,
          "rmse": 0.04855078886524001,
          "std": 0.021628530658174137
        }
      },
      "n_runs": 100,
      "pixel": [
        0,
        9
      ],
      "return_levels": {
        "10": {
          "bias": 11.884199332505391,
          "call_true": 111.67904918739208,
          "n_valid": 100,
          "nbias": 0.10641386561739324,
          "nrmse": 0.10714201222827116,
          "nstd": 0.012469963459704837,
          "rmse": 11.96551805367726,
          "std": 1.3926336625813585
        },
        "100": {
          "bias": 14.670293037109477,
          "call_true": 162.77745339233385,
          "n_valid": 100,
          "nbias": 0.09012484672401434,
          "nrmse": 0.09552535835712621,
          "nstd": 0.03166395572619288,
          "rmse": 15.5493745677631,
          "std": 5.154178077437283
        }
      },
      "success_rate": 1.0,
      "t_idx": 30,
      "true_params": {
        "mu": 77.03641485988521,
        "sigma": 12.941911220893017,
        "xi": 0.15000000000000002
      },
      "true_return_levels": {
        "10": 111.67904918739207,
        "100": 162.77745339233388
      }
    },
    "pointwise": {
      "gev_params": {
        "mu": {
          "bias": -0.2771909997478959,
          "call_true": 77.03641485988521,
          "n_valid": 98,
          "nbias": -0.003598181460703413,
          "nrmse": 0.015644517441653016,
          "nstd": 0.015225111367672675,
          "rmse": 1.205197535917892,
          "std": 1.1728879956079865
        },
        "sigma": {
          "bias": -0.20756101202846852,
          "call_true": 12.941911220893015,
          "n_valid": 98,
          "nbias": -0.0160378949048413,
          "nrmse": 0.08938226066270671,
          "nstd": 0.08793164645448938,
          "rmse": 1.1567772822194684,
          "std": 1.1380035619209536
        },
        "xi": {
          "bias": -0.034612765671609334,
          "call_true": 0.15,
          "n_valid": 98,
          "nbias": -0.23075177114406223,
          "nrmse": 0.6369658014412943,
          "nstd": 0.5936994629605358,
          "rmse": 0.09554487021619415,
          "std": 0.08905491944408037
        }
      },
      "n_runs": 100,
      "pixel": [
        0,
        9
      ],
      "return_levels": {
        "10": {
          "bias": -1.9793805366676176,
          "call_true": 111.67904918739207,
          "n_valid": 98,
          "nbias": -0.017723830486292128,
          "nrmse": 0.04546055760377288,
          "nstd": 0.0418632073608692,
          "rmse": 5.076991848718022,
          "std": 4.675243193996505
        },
        "100": {
          "bias": -6.281594129439271,
          "call_true": 162.77745339233385,
          "n_valid": 98,
          "nbias": -0.03859007496756371,
          "nrmse": 0.12772985738110557,
          "nstd": 0.1217609238655628,
          "rmse": 20.791540906662362,
          "std": 19.81993310953416
        }
      },
      "success_rate": 0.98,
      "t_idx": 30,
      "true_params": {
        "mu": 77.03641485988521,
        "sigma": 12.941911220893017,
        "xi": 0.15000000000000002
      },
      "true_return_levels": {
        "10": 111.67904918739207,
        "100": 162.77745339233388
      }
    },
    "weighted": {
      "gev_params": {
        "mu": {
          "bias": 0.9973456686792406,
          "call_true": 77.03641485988523,
          "n_valid": 100,
          "nbias": 0.012946418528084739,
          "nrmse": 0.014143482103434782,
          "nstd": 0.005694588071655772,
          "rmse": 1.089563154883564,
          "std": 0.4386906491442279
        },
        "sigma": {
          "bias": 0.7432347424836192,
          "call_true": 12.941911220893013,
          "n_valid": 100,
          "nbias": 0.05742851498500194,
          "nrmse": 0.063789314846745,
          "nstd": 0.027767649436611794,
          "rmse": 0.8255556495881663,
          "std": 0.3593664538215097
        },
        "xi": {
          "bias": -0.04317397918552164,
          "call_true": 0.15,
          "n_valid": 100,
          "nbias": -0.2878265279034776,
          "nrmse": 0.33424166223130614,
          "nstd": 0.16992168374335048,
          "rmse": 0.05013624933469592,
          "std": 0.025488252561502573
        }
      },
      "n_runs": 100,
      "pixel": [
        0,
        9
      ],
      "return_levels": {
        "10": {
          "bias": 1.186512107163597,
          "call_true": 111.67904918739208,
          "n_valid": 100,
          "nbias": 0.010624303446322206,
          "nrmse": 0.01639082605592235,