{
  "i": 6,
  "j": 8,
  "local_selector_args": {
    "include_center": true,
    "max_points": 11,
    "mode": "circle",
    "radius": null
  },
  "local_selector_points": 11,
  "location": "(6,8)",
  "location_index": 68,
  "raw_report_path": "C:\\github\\EVT_Univariate\\EVT_Classes\\SIM\\_output\\sim_results_all\\blob\\bootstrap_k100\\t_030\\runs_100\\demo_weights_k100_5c6fff0c30fb1252\\raw\\loc_068_i06_j08.json",
  "reports": {
    "full": {
      "gev_params": {
        "mu": {
          "bias": -2.2624772310114007,
          "call_true": 88.28696827410224,
          "n_valid": 100,
          "nbias": -0.025626400761516094,
          "nrmse": 0.025700590019214247,
          "nstd": 0.0019513870312939182,
          "rmse": 2.269027175652077,
          "std": 0.1722820449223407
        },
        "sigma": {
          "bias": 1.066213728023469,
          "call_true": 16.783796990084976,
          "n_valid": 100,
          "nbias": 0.0635263718128463,
          "nrmse": 0.06410767096812794,
          "nstd": 0.008613568439024655,
          "rmse": 1.0759701350362239,
          "std": 0.14456838404079297
        },
        "xi": {
          "bias": 0.053179601430892946,
          "call_true": 0.04999999999999999,
          "n_valid": 100,
          "nbias": 1.063592028617859,
          "nrmse": 1.0743089029619817,
          "nstd": 0.1513658338064554,
          "rmse": 0.05371544514809907,
          "std": 0.007568291690322769
        }
      },
      "n_runs": 100,
      "pixel": [
        6,
        8
      ],
      "return_levels": {
        "10": {
          "bias": 2.978095337105883,
          "call_true": 128.26355932598008,
          "n_valid": 100,
          "nbias": 0.02321856147416816,
          "nrmse": 0.023573686658523753,
          "nstd": 0.004076408436912945,
          "rmse": 3.0236449572576265,
          "std": 0.5228546553849093
        },
        "100": {
          "bias": 16.03586685675318,
          "call_true": 175.0959219310887,
          "n_valid": 100,
          "nbias": 0.0915833257559494,
          "nrmse": 0.09228264732415682,
          "nstd": 0.011339375672159343,
          "rmse": 16.158315211464753,
          "std": 1.9854784374396988
        }
      },
      "success_rate": 1.0,
      "t_idx": 30,
      "true_params": {
        "mu": 88.28696827410222,
        "sigma": 16.78379699008498,
        "xi": 0.05
      },
      "true_return_levels": {
        "10": 128.26355932598005,
        "100": 175.0959219310886
      }
    },
    "local": {
      "gev_params": {
        "mu": {
          "bias": -6.952197079644216,
          "call_true": 88.28696827410224,
          "n_valid": 100,
          "nbias": -0.07874545038243823,
          "nrmse": 0.07894828673113677,
          "nstd": 0.005655618608847918,
          "rmse": 6.970104885926598,
          "std": 0.4993174206897783
        },
        "sigma": {
          "bias": 0.7205448302268416,
          "call_true": 16.783796990084976,
          "n_valid": 100,
          "nbias": 0.0429309786487827,
          "nrmse": 0.04972497770364928,
          "nstd": 0.02508992785733316,
          "rmse": 0.8345739311145514,
          "std": 0.4211042556533575
        },
        "xi": {
          "bias": 0.07186266664415598,
          "call_true": 0.04999999999999999,
          "n_valid": 100,
          "nbias": 1.43725333288312,
          "nrmse": 1.508625506046126,
          "nstd": 0.45853437669305985,
          "rmse": 0.07543127530230628,
          "std": 0.022926718834652988
        }
      },
      "n_runs": 100,
      "pixel": [
        6,
        8
      ],
      "return_levels": {
        "10": {
          "bias": -1.5922428739536871,
          "call_true": 128.26355932598008,
          "n_valid": 100,
          "nbias": -0.01241383665259923,
          "nrmse": 0.017260945581669483,
          "nstd": 0.011993202321979698,
          "rmse": 2.2139503176369777,
          "std": 1.538290817533725
        },
        "100": {
          "bias": 14.405946507632088,
          "call_true": 175.0959219310887,
          "n_valid": 100,
          "nbias": 0.08227459753918048,
          "nrmse": 0.0892945781261304,
          "nstd": 0.034704643529209156,
          "rmse": 15.635116480442429,
          "std": 6.0766415540366685
        }
      },
      "success_rate": 1.0,
      "t_idx": 30,
      "true_params": {
        "mu": 88.28696827410222,
        "sigma": 16.78379699008498,
        "xi": 0.05
      },
      "true_return_levels": {
        "10": 128.26355932598005,
        "100": 175.0959219310886
      }
    },
    "pointwise": {
      "gev_params": {
        "mu": {
          "bias": 0.10334022162161827,
          "call_true": 88.28696827410224,
          "n_valid": 99,
          "nbias": 0.001170503684085975,
          "nrmse": 0.021063557489601863,
          "nstd": 0.02103100984839539,
          "rmse": 1.859637631824208,
          "std": 1.8567640992576153
        },
        "sigma": {
          "bias": -0.301480261790414,
          "call_true": 16.783796990084976,
          "n_valid": 99,
          "nbias": -0.017962577953517512,
          "nrmse": 0.07707333930573534,
          "nstd": 0.0749509534629201,
          "rmse": 1.293583280255399,
          "std": 1.2579615871349576
        },
        "xi": {
          "bias": 0.04755602412659562,
          "call_true": 0.049999999999999996,
          "n_valid": 99,
          "nbias": 0.9511204825319124,
          "nrmse": 1.781666631611816,
          "nstd": 1.5065542850847609,
          "rmse": 0.08908333158059079,
          "std": 0.07532771425423804
        }
      },
      "n_runs": 100,
      "pixel": [
        6,
        8
      ],
      "return_levels": {
        "10": {
          "bias": 1.7405388148520953,
          "call_true": 128.26355932598008,
          "n_valid": 99,
          "nbias": 0.013570018047203413,
          "nrmse": 0.03940049196351895,
          "nstd": 0.03698990912621839,
          "rmse": 5.053647338435614,
          "std": 4.744457403673325
        },
        "100": {
          "bias": 10.784189300859776,
          "call_true": 175.0959219310887,
          "n_valid": 99,
          "nbias": 0.06159017972505399,
          "nrmse": 0.11945011863620203,
          "nstd": 0.102347352694822,
          "rmse": 20.915228647383714,
          "std": 17.92060407730615
        }
      },
      "success_rate": 0.99,
      "t_idx": 30,
      "true_params": {
        "mu": 88.28696827410222,
        "sigma": 16.78379699008498,
        "xi": 0.05
      },
      "true_return_levels": {
        "10": 128.26355932598005,
        "100": 175.0959219310886
      }
    },
    "weighted": {
      "gev_params": {
        "mu": {
          "bias": -0.32754414080144045,
          "call_true": 88.28696827410224,
          "n_valid": 100,
          "nbias": -0.00370999420644418,
          "nrmse": 0.007183879286384574,
          "nstd": 0.006151752968828963,
          "rmse": 0.6342429226420151,
          "std": 0.5431196191891169
        },
        "sigma": {
          "bias": 0.2081147710838231,
          "call_true": 16.783796990084976,
          "n_valid": 100,
          "nbias": 0.012399743109784207,
          "nrmse": 0.02532285124929856,
          "nstd": 0.022079247410305015,
          "rmse": 0.42501359457834675,
          "std": 0.37057360622841884
        },
        "xi": {
          "bias": 0.05348753042519092,
          "call_true": 0.04999999999999999,
          "n_valid": 100,
          "nbias": 1.0697506085038186,
          "nrmse": 1.1469609881259917,
          "nstd": 0.4137065915460636,
          "rmse": 0.057348049406299575,
          "std": 0.020685329577303176
        }
      },
      "n_runs": 100,
      "pixel": [
        6,
        8
      ],
      "return_levels": {
        "10": {
          "bias": 2.7641110383998284,
          "call_true": 128.26355932598008,
          "n_valid": 100,
          "nbias": 0.021550244301071345,
          "nrmse": 0.02409768519050221,