{
  "i": 9,
  "j": 0,
  "local_selector_args": {
    "include_center": true,
    "max_points": 22,
    "mode": "circle",
    "radius": null
  },
  "local_selector_points": 22,
  "location": "(9,0)",
  "location_index": 90,
  "raw_report_path": "C:\\github\\EVT_Univariate\\EVT_Classes\\SIM\\_output\\sim_results_all\\blob\\bootstrap_k100\\t_030\\runs_100\\demo_weights_k100_5c6fff0c30fb1252\\raw\\loc_090_i09_j00.json",
  "reports": {
    "full": {
      "gev_params": {
        "mu": {
          "bias": -2.911115745213633,
          "call_true": 88.93560678830441,
          "n_valid": 100,
          "nbias": -0.03273284852199899,
          "nrmse": 0.032790119569820295,
          "nstd": 0.001937154882548087,
          "rmse": 2.916209180603023,
          "std": 0.1722820449223407
        },
        "sigma": {
          "bias": 0.8127851725443186,
          "call_true": 17.037225545564127,
          "n_valid": 100,
          "nbias": 0.047706427925756856,
          "nrmse": 0.048455195657678536,
          "nstd": 0.008485441696722346,
          "rmse": 0.8255420972743087,
          "std": 0.14456838404079297
        },
        "xi": {
          "bias": 0.053179601430892946,
          "call_true": 0.04999999999999999,
          "n_valid": 100,
          "nbias": 1.063592028617859,
          "nrmse": 1.0743089029619817,
          "nstd": 0.1513658338064554,
          "rmse": 0.05371544514809907,
          "std": 0.007568291690322769
        }
      },
      "n_runs": 100,
      "pixel": [
        9,
        0
      ],
      "return_levels": {
        "10": {
          "bias": 1.7258264447929708,
          "call_true": 129.51582821829294,
          "n_valid": 100,
          "nbias": 0.013325216450642389,
          "nrmse": 0.013923315558074858,
          "nstd": 0.00403699426222764,
          "rmse": 1.8032897460487087,
          "std": 0.5228546553849093
        },
        "100": {
          "bias": 14.076448204960935,
          "call_true": 177.05534058288086,
          "n_valid": 100,
          "nbias": 0.07950309862792108,
          "nrmse": 0.08029006124529164,
          "nstd": 0.011213886183287888,
          "rmse": 14.215784139205475,
          "std": 1.9854784374396988
        }
      },
      "success_rate": 1.0,
      "t_idx": 30,
      "true_params": {
        "mu": 88.93560678830445,
        "sigma": 17.03722554556413,
        "xi": 0.05
      },
      "true_return_levels": {
        "10": 129.51582821829297,
        "100": 177.05534058288086
      }
    },
    "local": {
      "gev_params": {
        "mu": {
          "bias": -1.2691535412341421,
          "call_true": 88.93560678830441,
          "n_valid": 100,
          "nbias": -0.014270477113347179,
          "nrmse": 0.014982248360245554,
          "nstd": 0.004563030668921149,
          "rmse": 1.3324553489715172,
          "std": 0.405815901334145
        },
        "sigma": {
          "bias": 0.1456369821088131,
          "call_true": 17.037225545564127,
          "n_valid": 100,
          "nbias": 0.008548163063247799,
          "nrmse": 0.020107802389602854,
          "nstd": 0.018200346842394084,
          "rmse": 0.34258116453729714,
          "std": 0.31008341416136387
        },
        "xi": {
          "bias": 0.057492437586188314,
          "call_true": 0.04999999999999999,
          "n_valid": 100,
          "nbias": 1.1498487517237665,
          "nrmse": 1.1983468552199845,
          "nstd": 0.3374656035434168,
          "rmse": 0.05991734276099921,
          "std": 0.016873280177170838
        }
      },
      "n_runs": 100,
      "pixel": [
        9,
        0
      ],
      "return_levels": {
        "10": {
          "bias": 1.905151701140627,
          "call_true": 129.51582821829294,
          "n_valid": 100,
          "nbias": 0.014709798233537772,
          "nrmse": 0.017021089015289904,
          "nstd": 0.008563837177050464,
          "rmse": 2.20450044099256,
          "std": 1.1091524647122986
        },
        "100": {
          "bias": 12.964824669804685,
          "call_true": 177.05534058288086,
          "n_valid": 100,
          "nbias": 0.07322470266710626,
          "nrmse": 0.07718697452083925,
          "nstd": 0.024412536840618733,
          "rmse": 13.666366062349342,
          "std": 4.322370024807876
        }
      },
      "success_rate": 1.0,
      "t_idx": 30,
      "true_params": {
        "mu": 88.93560678830445,
        "sigma": 17.03722554556413,
        "xi": 0.05
      },
      "true_return_levels": {
        "10": 129.51582821829297,
        "100": 177.05534058288086
      }
    },
    "pointwise": {
      "gev_params": {
        "mu": {
          "bias": 0.07020041396728631,
          "call_true": 88.93560678830443,
          "n_valid": 99,
          "nbias": 0.0007893397987870713,
          "nrmse": 0.02039643327599035,
          "nstd": 0.02038115386978807,
          "rmse": 1.8139691697173657,
          "std": 1.812610286455401
        },
        "sigma": {
          "bias": -0.28661488757383424,
          "call_true": 17.037225545564127,
          "n_valid": 99,
          "nbias": -0.01682286161014393,
          "nrmse": 0.07576567937411532,
          "nstd": 0.07387441707565069,
          "rmse": 1.2908369681096987,
          "std": 1.2586151057649346
        },
        "xi": {
          "bias": 0.05764012792067734,
          "call_true": 0.049999999999999996,
          "n_valid": 99,
          "nbias": 1.1528025584135468,
          "nrmse": 2.0888106064684497,
          "nstd": 1.7418886333546917,
          "rmse": 0.10444053032342249,
          "std": 0.08709443166773458
        }
      },
      "n_runs": 100,
      "pixel": [
        9,
        0
      ],
      "return_levels": {
        "10": {
          "bias": 2.3564544071558573,
          "call_true": 129.51582821829294,
          "n_valid": 99,
          "nbias": 0.018194335314631677,
          "nrmse": 0.04268761761086125,
          "nstd": 0.038616044071730825,
          "rmse": 5.528722149536482,
          "std": 5.001388930464319
        },
        "100": {
          "bias": 14.283114617314451,
          "call_true": 177.05534058288086,
          "n_valid": 99,
          "nbias": 0.08067034052908686,
          "nrmse": 0.14458176711297335,
          "nstd": 0.11998409703136173,
          "rmse": 25.59897401826226,
          "std": 21.243825164417174
        }
      },
      "success_rate": 0.99,
      "t_idx": 30,
      "true_params": {
        "mu": 88.93560678830445,
        "sigma": 17.03722554556413,
        "xi": 0.05
      },
      "true_return_levels": {
        "10": 129.51582821829297,
        "100": 177.05534058288086
      }
    },
    "weighted": {
      "gev_params": {
        "mu": {
          "bias": 0.1355018390148814,
          "call_true": 88.93560678830441,
          "n_valid": 100,
          "nbias": 0.0015235949234306087,
          "nrmse": 0.005293984050995053,
          "nstd": 0.0050700025287455696,
          "rmse": 0.4708236839028509,
          "std": 0.450903751312225
        },
        "sigma": {
          "bias": 0.38583242039911675,
          "call_true": 17.037225545564127,
          "n_valid": 100,
          "nbias": 0.02264643497072054,
          "nrmse": 0.02885903285200924,
          "nstd": 0.01788806194841337,
          "rmse": 0.49167785172652617,
          "std": 0.30476294598814185
        },
        "xi": {
          "bias": 0.057033858224749566,
          "call_true": 0.04999999999999999,
          "n_valid": 100,
          "nbias": 1.1406771644949916,
          "nrmse": 1.1961403339319379,
          "nstd": 0.36001014549380905,
          "rmse": 0.05980701669659688,
          "std": 0.01800050727469045
        }
      },
      "n_runs": 100,
      "pixel": [
        9,
        0
      ],
      "return_levels": {
        "10": {
          "bias": 3.8988244916679697,
          "call_true": 129.51582821829294,
          "n_valid": 100,
          "nbias": 0.03010307346447788,
          "nrmse": 0.031474899263060366,