{
  "i": 0,
  "j": 2,
  "local_selector_args": {
    "include_center": true,
    "max_points": 26,
    "mode": "circle",
    "radius": null
  },
  "local_selector_points": 26,
  "location": "(0,2)",
  "location_index": 2,
  "raw_report_path": "C:\\github\\EVT_Univariate\\EVT_Univariate\\EVT_Classes\\SIM\\_output\\sim_results_all\\blob\\bootstrap_k100\\t_030\\runs_100\\demo_weights_k100_5c6fff0c30fb1252\\raw\\loc_002_i00_j02.json",
  "reports": {
    "full": {
      "gev_params": {
        "mu": {
          "bias": -3.1838512860807167,
          "call_true": 89.2083426343473,
          "n_valid": 100,
          "nbias": -0.03569006207335209,
          "nrmse": 0.03574227481814085,
          "nstd": 0.0019312375244336978,
          "rmse": 3.1885090985077125,
          "std": 0.17228249878798998
        },
        "sigma": {
          "bias": 0.7050865877768092,
          "call_true": 17.144925217520342,
          "n_valid": 100,
          "nbias": 0.04112508971787661,
          "nrmse": 0.04198064243564112,
          "nstd": 0.008432160755450033,
          "rmse": 0.7197549751425281,
          "std": 0.14456876557430065
        },
        "xi": {
          "bias": -0.04682041935622696,
          "call_true": 0.15,
          "n_valid": 100,
          "nbias": -0.31213612904151306,
          "nrmse": 0.3161877668611685,
          "nstd": 0.050455335294026335,
          "rmse": 0.047428165029175275,
          "std": 0.00756830029410395
        }
      },
      "n_runs": 100,
      "pixel": [
        0,
        2
      ],
      "return_levels": {
        "10": {
          "bias": -3.859859470291144,
          "call_true": 135.10151596443174,
          "n_valid": 100,
          "nbias": -0.028570067794852366,
          "nrmse": 0.028830996997047775,
          "nstd": 0.003870092252300624,
          "rmse": 3.8951114010671337,
          "std": 0.5228553302080163
        },
        "100": {
          "bias": -11.662842075108237,
          "call_true": 202.7946336095321,
          "n_valid": 100,
          "nbias": -0.057510605026976615,
          "nrmse": 0.05833802879534048,
          "nstd": 0.009790603309146181,
          "rmse": 11.830639175053406,
          "std": 1.9854818108945722
        }
      },
      "success_rate": 1.0,
      "t_idx": 30,
      "true_params": {
        "mu": 89.20834263434732,
        "sigma": 17.144925217520342,
        "xi": 0.15000000000000002
      },
      "true_return_levels": {
        "10": 135.10151596443177,
        "100": 202.79463360953207
      }
    },
    "local": {
      "gev_params": {
        "mu": {
          "bias": 2.103283418509127,
          "call_true": 89.2083426343473,
          "n_valid": 100,
          "nbias": 0.023577205409254107,
          "nrmse": 0.023934006399855486,
          "nstd": 0.004117286416823843,
          "rmse": 2.1351130435309695,
          "std": 0.3672962973957655
        },
        "sigma": {
          "bias": 1.5982447271001894,
          "call_true": 17.144925217520342,
          "n_valid": 100,
          "nbias": 0.09321969660543916,
          "nrmse": 0.09447375229476353,
          "nstd": 0.01534203498373702,
          "rmse": 1.6197454181122615,
          "std": 0.26303804248075213
        },
        "xi": {
          "bias": -0.041054362505674395,
          "call_true": 0.15,
          "n_valid": 100,
          "nbias": -0.2736957500378293,
          "nrmse": 0.29023094366577096,
          "nstd": 0.09656416039273583,
          "rmse": 0.04353464154986564,
          "std": 0.014484624058910373
        }
      },
      "n_runs": 100,
      "pixel": [
        0,
        2
      ],
      "return_levels": {
        "10": {
          "bias": 4.017914424972528,
          "call_true": 135.10151596443174,
          "n_valid": 100,
          "nbias": 0.029739965508827647,
          "nrmse": 0.03090745705419489,
          "nstd": 0.00841459167700035,
          "rmse": 4.175644302627299,
          "std": 1.1368240917844374
        },
        "100": {
          "bias": 0.5460702784073829,
          "call_true": 202.7946336095321,
          "n_valid": 100,
          "nbias": 0.0026927254863104797,
          "nrmse": 0.021286541167077812,
          "nstd": 0.021115540824546086,
          "rmse": 4.316796316791767,
          "std": 4.282118364980941
        }
      },
      "success_rate": 1.0,
      "t_idx": 30,
      "true_params": {
        "mu": 89.20834263434732,
        "sigma": 17.144925217520342,
        "xi": 0.15000000000000002
      },
      "true_return_levels": {
        "10": 135.10151596443177,
        "100": 202.79463360953207
      }
    },
    "pointwise": {
      "gev_params": {
        "mu": {
          "bias": 0.11708572862686872,
          "call_true": 89.2083426343473,
          "n_valid": 97,
          "nbias": 0.0013124975217484645,
          "nrmse": 0.023528306948688838,
          "nstd": 0.02349167039882698,
          "rmse": 2.0989212678847284,
          "std": 2.0956529819917113
        },
        "sigma": {
          "bias": -0.18665620308520198,
          "call_true": 17.144925217520345,
          "n_valid": 97,
          "nbias": -0.01088696513499275,
          "nrmse": 0.09245597978626907,
          "nstd": 0.09181275613109786,
          "rmse": 1.585150859348156,
          "std": 1.5741228378821055
        },
        "xi": {
          "bias": -0.04759473003850311,
          "call_true": 0.15,
          "n_valid": 97,
          "nbias": -0.3172982002566874,
          "nrmse": 0.6648891032305028,
          "nstd": 0.5842939086697116,
          "rmse": 0.09973336548457541,
          "std": 0.08764408630045674
        }
      },
      "n_runs": 100,
      "pixel": [
        0,
        2
      ],
      "return_levels": {
        "10": {
          "bias": -2.6424218677269127,
          "call_true": 135.10151596443174,
          "n_valid": 97,
          "nbias": -0.019558787692823407,
          "nrmse": 0.04773571541946906,
          "nstd": 0.04354483150266626,
          "rmse": 6.44916751881697,
          "std": 5.882972748425956
        },
        "100": {
          "bias": -11.244608692086837,
          "call_true": 202.79463360953204,
          "n_valid": 97,
          "nbias": -0.055448255666062665,
          "nrmse": 0.12043052916285968,
          "nstd": 0.10690651663035956,
          "rmse": 24.422665036984192,
          "std": 21.68006787052511
        }
      },
      "success_rate": 0.97,
      "t_idx": 30,
      "true_params": {
        "mu": 89.20834263434732,
        "sigma": 17.144925217520342,
        "xi": 0.15000000000000002
      },
      "true_return_levels": {
        "10": 135.10151596443177,
        "100": 202.79463360953207
      }
    },
    "weighted": {
      "gev_params": {
        "mu": {
          "bias": 0.25045047173178375,
          "call_true": 89.2083426343473,
          "n_valid": 100,
          "nbias": 0.0028074781386573417,
          "nrmse": 0.004927138927245423,
          "nstd": 0.004049044888530909,
          "rmse": 0.4395418976287401,
          "std": 0.361208583757918
        },
        "sigma": {
          "bias": 0.4609025572432012,
          "call_true": 17.144925217520342,
          "n_valid": 100,
          "nbias": 0.026882739434302486,
          "nrmse": 0.03187472628867585,
          "nstd": 0.017126485234437393,
          "rmse": 0.5464897985482772,
          "std": 0.29363230858339545
        },
        "xi": {
          "bias": -0.043474813103675874,
          "call_true": 0.15,
          "n_valid": 100,
          "nbias": -0.28983208735783916,
          "nrmse": 0.30581935801680665,
          "nstd": 0.0975850443234499,
          "rmse": 0.045872903702521,
          "std": 0.014637756648517485
        }
      },
      "n_runs": 100,
      "pixel": [
        0,
        2
      ],
      "return_levels": {
        "10": {
          "bias": -0.8634091223907535,
          "call_true": 135.10151596443174,
          "n_valid": 100,
          "nbias": -0.00639081742515801,