{
  "i": 8,
  "j": 1,
  "local_selector_args": {
    "include_center": true,
    "max_points": 10,
    "mode": "circle",
    "radius": null
  },
  "local_selector_points": 10,
  "location": "(8,1)",
  "location_index": 81,
  "raw_report_path": "C:\\github\\EVT_Univariate\\EVT_Classes\\SIM\\_output\\sim_results_all\\blob\\bootstrap_k100\\t_030\\runs_100\\demo_weights_k100_5c6fff0c30fb1252\\raw\\loc_081_i08_j01.json",
  "reports": {
    "full": {
      "gev_params": {
        "mu": {
          "bias": -7.374368551952057,
          "call_true": 93.3988595950429,
          "n_valid": 100,
          "nbias": -0.07895565945800315,
          "nrmse": 0.07897720336081529,
          "nstd": 0.001844584030996932,
          "rmse": 7.3763807279059375,
          "std": 0.1722820449223407
        },
        "sigma": {
          "bias": -1.037931199540386,
          "call_true": 18.887941917648835,
          "n_valid": 100,
          "nbias": -0.05495205375290498,
          "nrmse": 0.055482537701030295,
          "nstd": 0.007654004055662026,
          "rmse": 1.047950949540822,
          "std": 0.14456838404079297
        },
        "xi": {
          "bias": 0.053179601430892946,
          "call_true": 0.04999999999999999,
          "n_valid": 100,
          "nbias": 1.063592028617859,
          "nrmse": 1.0743089029619817,
          "nstd": 0.1513658338064554,
          "rmse": 0.05371544514809907,
          "std": 0.007568291690322769
        }
      },
      "n_runs": 100,
      "pixel": [
        8,
        1
      ],
      "return_levels": {
        "10": {
          "bias": -7.145566641737446,
          "call_true": 138.3872213048234,
          "n_valid": 100,
          "nbias": -0.051634584279989376,
          "nrmse": 0.05177262879221971,
          "nstd": 0.0037782004035851365,
          "rmse": 7.164670238201381,
          "std": 0.5228546553849094
        },
        "100": {
          "bias": 0.040942357302382104,
          "call_true": 191.09084643053941,
          "n_valid": 100,
          "nbias": 0.0002142559838273805,
          "nrmse": 0.010392441939783196,
          "nstd": 0.010390233098692199,
          "rmse": 1.9859005267534078,
          "std": 1.9854784374396988
        }
      },
      "success_rate": 1.0,
      "t_idx": 30,
      "true_params": {
        "mu": 93.39885959504288,
        "sigma": 18.887941917648835,
        "xi": 0.05
      },
      "true_return_levels": {
        "10": 138.38722130482338,
        "100": 191.09084643053941
      }
    },
    "local": {
      "gev_params": {
        "mu": {
          "bias": -5.0871738803212,
          "call_true": 93.3988595950429,
          "n_valid": 100,
          "nbias": -0.05446719480706807,
          "nrmse": 0.0548605430730037,
          "nstd": 0.006557734068547757,
          "rmse": 5.123912159783275,
          "std": 0.6124848835299214
        },
        "sigma": {
          "bias": -1.6830309916949922,
          "call_true": 18.887941917648835,
          "n_valid": 100,
          "nbias": -0.0891061079620524,
          "nrmse": 0.09232351953736169,
          "nstd": 0.02416058326325474,
          "rmse": 1.743801274654605,
          "std": 0.45634369337287406
        },
        "xi": {
          "bias": 0.057212298028171064,
          "call_true": 0.04999999999999999,
          "n_valid": 100,
          "nbias": 1.1442459605634216,
          "nrmse": 1.2647906351014317,
          "nstd": 0.5388845260114415,
          "rmse": 0.06323953175507158,
          "std": 0.02694422630057207
        }
      },
      "n_runs": 100,
      "pixel": [
        8,
        1
      ],
      "return_levels": {
        "10": {
          "bias": -6.26841911976479,
          "call_true": 138.3872213048234,
          "n_valid": 100,
          "nbias": -0.04529622793680812,
          "nrmse": 0.04685429154554917,
          "nstd": 0.011982335787818836,
          "rmse": 6.4840352131946295,
          "std": 1.658202154417591
        },
        "100": {
          "bias": -0.21569979357652413,
          "call_true": 191.09084643053941,
          "n_valid": 100,
          "nbias": -0.0011287814021742268,
          "nrmse": 0.03521476265702242,
          "nstd": 0.035196666909474913,
          "rmse": 6.729218802980965,
          "std": 6.725760871265319
        }
      },
      "success_rate": 1.0,
      "t_idx": 30,
      "true_params": {
        "mu": 93.39885959504288,
        "sigma": 18.887941917648835,
        "xi": 0.05
      },
      "true_return_levels": {
        "10": 138.38722130482338,
        "100": 191.09084643053941
      }
    },
    "pointwise": {
      "gev_params": {
        "mu": {
          "bias": 0.49479545438930544,
          "call_true": 93.39885959504288,
          "n_valid": 97,
          "nbias": 0.005297660555328307,
          "nrmse": 0.02177007441623003,
          "nstd": 0.021115656104623216,
          "rmse": 2.0333001237751036,
          "std": 1.972178199772914
        },
        "sigma": {
          "bias": -0.010983610796905742,
          "call_true": 18.88794191764884,
          "n_valid": 97,
          "nbias": -0.0005815144309948713,
          "nrmse": 0.09114535849966456,
          "nstd": 0.09114350342728172,
          "rmse": 1.721548237404945,
          "std": 1.721513198905525
        },
        "xi": {
          "bias": 0.038320149764053756,
          "call_true": 0.049999999999999996,
          "n_valid": 97,
          "nbias": 0.7664029952810751,
          "nrmse": 1.8837602387573864,
          "nstd": 1.7208076841842266,
          "rmse": 0.09418801193786931,
          "std": 0.08604038420921133
        }
      },
      "n_runs": 100,
      "pixel": [
        8,
        1
      ],
      "return_levels": {
        "10": {
          "bias": 2.6878747468941575,
          "call_true": 138.3872213048234,
          "n_valid": 97,
          "nbias": 0.019422853653326973,
          "nrmse": 0.04719179229715083,
          "nstd": 0.04300951076423525,
          "rmse": 6.530741004397073,
          "std": 5.951966684342408
        },
        "100": {
          "bias": 12.501394522414435,
          "call_true": 191.09084643053941,
          "n_valid": 97,
          "nbias": 0.06542121067509443,
          "nrmse": 0.13735649173852085,
          "nstd": 0.1207761193966724,
          "rmse": 26.247568269043345,
          "std": 23.07921088410602
        }
      },
      "success_rate": 0.97,
      "t_idx": 30,
      "true_params": {
        "mu": 93.39885959504288,
        "sigma": 18.887941917648835,
        "xi": 0.05
      },
      "true_return_levels": {
        "10": 138.38722130482338,
        "100": 191.09084643053941
      }
    },
    "weighted": {
      "gev_params": {
        "mu": {
          "bias": 0.10642002226669149,
          "call_true": 93.3988595950429,
          "n_valid": 100,
          "nbias": 0.0011394145788086228,
          "nrmse": 0.0069069871241019,
          "nstd": 0.006812356827861251,
          "rmse": 0.6451047206287625,
          "std": 0.6362663588767448
        },
        "sigma": {
          "bias": 0.22770979091533194,
          "call_true": 18.887941917648835,
          "n_valid": 100,
          "nbias": 0.012055828629087462,
          "nrmse": 0.030163793994540465,
          "nstd": 0.027649800437094488,
          "rmse": 0.569731988984805,
          "std": 0.5222478246904221
        },
        "xi": {
          "bias": 0.05213735569268465,
          "call_true": 0.04999999999999999,
          "n_valid": 100,
          "nbias": 1.0427471138536932,
          "nrmse": 1.1584270711021571,
          "nstd": 0.5046104790946334,
          "rmse": 0.05792135355510784,
          "std": 0.025230523954731663
        }
      },
      "n_runs": 100,
      "pixel": [
        8,
        1
      ],
      "return_levels": {
        "10": {
          "bias": 3.497539589952007,
          "call_true": 138.3872213048234,
          "n_valid": 100,
          "nbias": 0.025273573361575274,
          "nrmse": 0.028372861999342608,