{
  "i": 3,
  "j": 2,
  "local_selector_args": {
    "include_center": true,
    "max_points": 23,
    "mode": "circle",
    "radius": null
  },
  "local_selector_points": 23,
  "location": "(3,2)",
  "location_index": 32,
  "raw_report_path": "C:\\github\\EVT_Univariate\\EVT_Classes\\SIM\\_output\\sim_results_all\\blob\\bootstrap_k100\\t_030\\runs_100\\demo_weights_k100_5c6fff0c30fb1252\\raw\\loc_032_i03_j02.json",
  "reports": {
    "full": {
      "gev_params": {
        "mu": {
          "bias": -7.775806098799321,
          "call_true": 93.80029714189013,
          "n_valid": 100,
          "nbias": -0.0828974569988514,
          "nrmse": 0.08291780150328548,
          "nstd": 0.001836689756555169,
          "rmse": 7.777714419360442,
          "std": 0.1722820449223407
        },
        "sigma": {
          "bias": -1.213935172266344,
          "call_true": 19.063945890374786,
          "n_valid": 100,
          "nbias": -0.06367701520172951,
          "nrmse": 0.0641269780283163,
          "nstd": 0.00758334003212757,
          "rmse": 1.2225132392450746,
          "std": 0.14456838404079297
        },
        "xi": {
          "bias": -0.046820398569107094,
          "call_true": 0.15,
          "n_valid": 100,
          "nbias": -0.312135990460714,
          "nrmse": 0.3161876209032193,
          "nstd": 0.05045527793548512,
          "rmse": 0.04742814313548289,
          "std": 0.007568291690322768
        }
      },
      "n_runs": 100,
      "pixel": [
        3,
        2
      ],
      "return_levels": {
        "10": {
          "bias": -13.588609772464906,
          "call_true": 144.83026443555087,
          "n_valid": 100,
          "nbias": -0.09382438004531715,
          "nrmse": 0.09389380841331577,
          "nstd": 0.0036101201459697568,
          "rmse": 13.598665101361474,
          "std": 0.5228546553849094
        },
        "100": {
          "bias": -28.968441282683724,
          "call_true": 220.10023007052547,
          "n_valid": 100,
          "nbias": -0.1316147705679432,
          "nrmse": 0.13192354802486803,
          "nstd": 0.009020792194553831,
          "rmse": 29.036403271993468,
          "std": 1.9854784374396985
        }
      },
      "success_rate": 1.0,
      "t_idx": 30,
      "true_params": {
        "mu": 93.80029714189014,
        "sigma": 19.063945890374793,
        "xi": 0.15000000000000002
      },
      "true_return_levels": {
        "10": 144.83026443555084,
        "100": 220.10023007052553
      }
    },
    "local": {
      "gev_params": {
        "mu": {
          "bias": -2.1888870008989305,
          "call_true": 93.80029714189013,
          "n_valid": 100,
          "nbias": -0.023335608389255292,
          "nrmse": 0.02377359226287677,
          "nstd": 0.004542363942357809,
          "rmse": 2.229970018387981,
          "std": 0.42607508751976997
        },
        "sigma": {
          "bias": -0.5263101350523253,
          "call_true": 19.063945890374786,
          "n_valid": 100,
          "nbias": -0.02760761796528464,
          "nrmse": 0.03215217883295689,
          "nstd": 0.016479746174906145,
          "rmse": 0.6129473975291436,
          "std": 0.3141689893655216
        },
        "xi": {
          "bias": -0.041508752256631885,
          "call_true": 0.15,
          "n_valid": 100,
          "nbias": -0.2767250150442126,
          "nrmse": 0.29456954949667197,
          "nstd": 0.10096774504490351,
          "rmse": 0.04418543242450079,
          "std": 0.015145161756735526
        }
      },
      "n_runs": 100,
      "pixel": [
        3,
        2
      ],
      "return_levels": {
        "10": {
          "bias": -5.959736023685609,
          "call_true": 144.83026443555087,
          "n_valid": 100,
          "nbias": -0.04114979729487187,
          "nrmse": 0.042167937421045354,
          "nstd": 0.00921027301094558,
          "rmse": 6.10719352739176,
          "std": 1.3339262756988657
        },
        "100": {
          "bias": -17.805064512664195,
          "call_true": 220.10023007052547,
          "n_valid": 100,
          "nbias": -0.08089525625193131,
          "nrmse": 0.08358504242290206,
          "nstd": 0.0210337070620636,
          "rmse": 18.397087067735374,
          "std": 4.629523763596235
        }
      },
      "success_rate": 1.0,
      "t_idx": 30,
      "true_params": {
        "mu": 93.80029714189014,
        "sigma": 19.063945890374793,
        "xi": 0.15000000000000002
      },
      "true_return_levels": {
        "10": 144.83026443555084,
        "100": 220.10023007052553
      }
    },
    "pointwise": {
      "gev_params": {
        "mu": {
          "bias": 0.057737550739278186,
          "call_true": 93.80029714189013,
          "n_valid": 99,
          "nbias": 0.0006155369705486067,
          "nrmse": 0.01962540536535811,
          "nstd": 0.01961575004919554,
          "rmse": 1.8408688548006356,
          "std": 1.8399631832755876
        },
        "sigma": {
          "bias": -0.09500387052253956,
          "call_true": 19.063945890374786,
          "n_valid": 99,
          "nbias": -0.004983431607960351,
          "nrmse": 0.07474136113894395,
          "nstd": 0.07457503921762845,
          "rmse": 1.4248652645257882,
          "std": 1.4216945124174465
        },
        "xi": {
          "bias": -0.04420969004159552,
          "call_true": 0.15,
          "n_valid": 99,
          "nbias": -0.29473126694397017,
          "nrmse": 0.5811114709307362,
          "nstd": 0.5008233440374821,
          "rmse": 0.08716672063961044,
          "std": 0.07512350160562231
        }
      },
      "n_runs": 100,
      "pixel": [
        3,
        2
      ],
      "return_levels": {
        "10": {
          "bias": -2.608742422204491,
          "call_true": 144.83026443555087,
          "n_valid": 99,
          "nbias": -0.018012412201079527,
          "nrmse": 0.039912930852925924,
          "nstd": 0.03561734206771818,
          "rmse": 5.780600329827118,
          "std": 5.158469070159095
        },
        "100": {
          "bias": -11.726820683688402,
          "call_true": 220.10023007052547,
          "n_valid": 99,
          "nbias": -0.0532794567271958,
          "nrmse": 0.10661921494593588,
          "nstd": 0.09235234965360949,
          "rmse": 23.466913739539294,
          "std": 20.326773406313063
        }
      },
      "success_rate": 0.99,
      "t_idx": 30,
      "true_params": {
        "mu": 93.80029714189014,
        "sigma": 19.063945890374793,
        "xi": 0.15000000000000002
      },
      "true_return_levels": {
        "10": 144.83026443555084,
        "100": 220.10023007052553
      }
    },
    "weighted": {
      "gev_params": {
        "mu": {
          "bias": -0.16474034867725038,
          "call_true": 93.80029714189013,
          "n_valid": 100,
          "nbias": -0.0017562881323078372,
          "nrmse": 0.004707763981437425,
          "nstd": 0.004367893508458534,
          "rmse": 0.4415896603327182,
          "std": 0.4097097089775435
        },
        "sigma": {
          "bias": 0.21829288360938232,
          "call_true": 19.063945890374786,
          "n_valid": 100,
          "nbias": 0.011450561434901913,
          "nrmse": 0.020802549598761152,
          "nstd": 0.017367518896907953,
          "rmse": 0.3965786799326203,
          "std": 0.3310934405007148
        },
        "xi": {
          "bias": -0.04284973684698347,
          "call_true": 0.15,
          "n_valid": 100,
          "nbias": -0.28566491231322316,
          "nrmse": 0.30303408742623245,
          "nstd": 0.10111981020219574,
          "rmse": 0.04545511311393487,
          "std": 0.015167971530329359
        }
      },
      "n_runs": 100,
      "pixel": [
        3,
        2
      ],
      "return_levels": {
        "10": {
          "bias": -2.114230805179751,
          "call_true": 144.83026443555087,
          "n_valid": 100,
          "nbias": -0.014597990367687125,
          "nrmse": 0.01726761932634871,