{
  "i": 1,
  "j": 1,
  "local_selector_args": {
    "include_center": true,
    "max_points": 17,
    "mode": "circle",
    "radius": null
  },
  "local_selector_points": 17,
  "location": "(1,1)",
  "location_index": 11,
  "raw_report_path": "C:\\github\\EVT_Univariate\\EVT_Univariate\\EVT_Classes\\SIM\\_output\\sim_results_all\\blob\\bootstrap_k100\\t_030\\runs_100\\demo_weights_k100_5c6fff0c30fb1252\\raw\\loc_011_i01_j01.json",
  "reports": {
    "full": {
      "gev_params": {
        "mu": {
          "bias": -10.260995279386625,
          "call_true": 96.28548662765324,
          "n_valid": 100,
          "nbias": -0.10656845220159755,
          "nrmse": 0.10658347225258372,
          "nstd": 0.0017892883426369926,
          "rmse": 10.262441492305,
          "std": 0.17228249878798998
        },
        "sigma": {
          "bias": -2.340624970298274,
          "call_true": 20.190636775595433,
          "n_valid": 100,
          "nbias": -0.11592625811224559,
          "nrmse": 0.11614717224062643,
          "nstd": 0.007160188516146354,
          "rmse": 2.345085367223009,
          "std": 0.14456876557430065
        },
        "xi": {
          "bias": 0.05317958064377308,
          "call_true": 0.04999999999999999,
          "n_valid": 100,
          "nbias": 1.063591612875462,
          "nrmse": 1.074308515611656,
          "nstd": 0.15136600588207905,
          "rmse": 0.05371542578058279,
          "std": 0.00756830029410395
        }
      },
      "n_runs": 100,
      "pixel": [
        1,
        1
      ],
      "return_levels": {
        "10": {
          "bias": -13.135023677608032,
          "call_true": 144.3766801717486,
          "n_valid": 100,
          "nbias": -0.09097746022406653,
          "nrmse": 0.09104951009980639,
          "nstd": 0.003621466635650816,
          "rmse": 13.14542599947414,
          "std": 0.5228553302080163
        },
        "100": {
          "bias": -9.583464661648973,
          "call_true": 200.7152561960728,
          "n_valid": 100,
          "nbias": -0.04774656816464001,
          "nrmse": 0.04876050733796304,
          "nstd": 0.009892032367260682,
          "rmse": 9.78697772258974,
          "std": 1.9854818108945722
        }
      },
      "success_rate": 1.0,
      "t_idx": 30,
      "true_params": {
        "mu": 96.28548662765323,
        "sigma": 20.190636775595426,
        "xi": 0.05
      },
      "true_return_levels": {
        "10": 144.37668017174866,
        "100": 200.7152561960728
      }
    },
    "local": {
      "gev_params": {
        "mu": {
          "bias": -4.137128320768461,
          "call_true": 96.28548662765324,
          "n_valid": 100,
          "nbias": -0.042967309671157396,
          "nrmse": 0.04322775117891605,
          "nstd": 0.004738013466542887,
          "rmse": 4.162205058081043,
          "std": 0.4562019322744561
        },
        "sigma": {
          "bias": -1.369267959638654,
          "call_true": 20.190636775595433,
          "n_valid": 100,
          "nbias": -0.06781697748600471,
          "nrmse": 0.0704279347324486,
          "nstd": 0.01899872509777359,
          "rmse": 1.4219848490382117,
          "std": 0.38359635764853534
        },
        "xi": {
          "bias": 0.06227712504565716,
          "call_true": 0.04999999999999999,
          "n_valid": 100,
          "nbias": 1.2455425009131436,
          "nrmse": 1.300365053022703,
          "nstd": 0.3735949003155294,
          "rmse": 0.06501825265113514,
          "std": 0.018679745015776465
        }
      },
      "n_runs": 100,
      "pixel": [
        1,
        1
      ],
      "return_levels": {
        "10": {
          "bias": -4.027880580684207,
          "call_true": 144.3766801717486,
          "n_valid": 100,
          "nbias": -0.027898415283497954,
          "nrmse": 0.03001030160517007,
          "nstd": 0.011058780543204612,
          "rmse": 4.332787716707353,
          "std": 1.5966300215758087
        },
        "100": {
          "bias": 4.927966460177199,
          "call_true": 200.7152561960728,
          "n_valid": 100,
          "nbias": 0.0245520273524361,
          "nrmse": 0.037723612010358724,
          "nstd": 0.028640336171094613,
          "rmse": 7.5717044493004,
          "std": 5.748552412122906
        }
      },
      "success_rate": 1.0,
      "t_idx": 30,
      "true_params": {
        "mu": 96.28548662765323,
        "sigma": 20.190636775595426,
        "xi": 0.05
      },
      "true_return_levels": {
        "10": 144.37668017174866,
        "100": 200.7152561960728
      }
    },
    "pointwise": {
      "gev_params": {
        "mu": {
          "bias": 0.13232083694638164,
          "call_true": 96.28548662765324,
          "n_valid": 100,
          "nbias": 0.001374255265054443,
          "nrmse": 0.02359569614978913,
          "nstd": 0.02355564262039233,
          "rmse": 2.2719230861006903,
          "std": 2.2680665125315644
        },
        "sigma": {
          "bias": -0.029748525298842646,
          "call_true": 20.190636775595433,
          "n_valid": 100,
          "nbias": -0.001473382223130273,
          "nrmse": 0.08601505690412727,
          "nstd": 0.08600243693666369,
          "rmse": 1.7366987711834059,
          "std": 1.736443966004229
        },
        "xi": {
          "bias": 0.05874961473979056,
          "call_true": 0.04999999999999999,
          "n_valid": 100,
          "nbias": 1.1749922947958116,
          "nrmse": 1.947776907472065,
          "nstd": 1.5534567867990128,
          "rmse": 0.09738884537360323,
          "std": 0.07767283933995062
        }
      },
      "n_runs": 100,
      "pixel": [
        1,
        1
      ],
      "return_levels": {
        "10": {
          "bias": 3.6587955972943087,
          "call_true": 144.3766801717486,
          "n_valid": 100,
          "nbias": 0.025342012248389792,
          "nrmse": 0.052920927179833176,
          "nstd": 0.04645865849091714,
          "rmse": 7.640547777835172,
          "std": 6.7075468781516365
        },
        "100": {
          "bias": 18.609021605440866,
          "call_true": 200.7152561960728,
          "n_valid": 100,
          "nbias": 0.09271353836333329,
          "nrmse": 0.15333693813478155,
          "nstd": 0.122132781842962,
          "rmse": 30.777062822044044,
          "std": 24.513912597549187
        }
      },
      "success_rate": 1.0,
      "t_idx": 30,
      "true_params": {
        "mu": 96.28548662765323,
        "sigma": 20.190636775595426,
        "xi": 0.05
      },
      "true_return_levels": {
        "10": 144.37668017174866,
        "100": 200.7152561960728
      }
    },
    "weighted": {
      "gev_params": {
        "mu": {
          "bias": -2.1004106388836963,
          "call_true": 96.28548662765324,
          "n_valid": 100,
          "nbias": -0.021814405394306405,
          "nrmse": 0.02245241985989595,
          "nstd": 0.0053144025871122635,
          "rmse": 2.1618421721784675,
          "std": 0.5116998392353637
        },
        "sigma": {
          "bias": -0.6309557570974782,
          "call_true": 20.190636775595433,
          "n_valid": 100,
          "nbias": -0.031249918668247202,
          "nrmse": 0.03730865846418525,
          "nstd": 0.020380838540775412,
          "rmse": 0.7532855716351085,
          "std": 0.4115021081588528
        },
        "xi": {
          "bias": 0.058690746054053305,
          "call_true": 0.04999999999999999,
          "n_valid": 100,
          "nbias": 1.1738149210810664,
          "nrmse": 1.2305715681517757,
          "nstd": 0.3694115799362144,
          "rmse": 0.06152857840758877,
          "std": 0.018470578996810715
        }
      },
      "n_runs": 100,
      "pixel": [
        1,
        1
      ],
      "return_levels": {
        "10": {
          "bias": -0.30885821129944135,
          "call_true": 144.3766801717486,
          "n_valid": 100,
          "nbias": -0.0021392527583542417,
          "nrmse": 0.012109967599303405,