{
  "i": 9,
  "j": 2,
  "local_selector_args": {
    "include_center": true,
    "max_points": 8,
    "mode": "circle",
    "radius": null
  },
  "local_selector_points": 8,
  "location": "(9,2)",
  "location_index": 92,
  "raw_report_path": "C:\\github\\EVT_Univariate\\EVT_Classes\\SIM\\_output\\sim_results_all\\blob\\bootstrap_k100\\t_030\\runs_100\\demo_weights_k100_5c6fff0c30fb1252\\raw\\loc_092_i09_j02.json",
  "reports": {
    "full": {
      "gev_params": {
        "mu": {
          "bias": -5.189198528307869,
          "call_true": 91.21368957139873,
          "n_valid": 100,
          "nbias": -0.056890567114335995,
          "nrmse": 0.056921912246497244,
          "nstd": 0.0018887739957880404,
          "rmse": 5.192057633462399,
          "std": 0.1722820449223407
        },
        "sigma": {
          "bias": -0.10798710100124741,
          "call_true": 17.9579978191097,
          "n_valid": 100,
          "nbias": -0.006013315186302938,
          "nrmse": 0.010048297795134028,
          "nstd": 0.008050362044645811,
          "rmse": 0.18044730989078167,
          "std": 0.14456838404079297
        },
        "xi": {
          "bias": 0.053179601430892946,
          "call_true": 0.04999999999999999,
          "n_valid": 100,
          "nbias": 1.063592028617859,
          "nrmse": 1.0743089029619817,
          "nstd": 0.1513658338064554,
          "rmse": 0.05371544514809907,
          "std": 0.007568291690322769
        }
      },
      "n_runs": 100,
      "pixel": [
        9,
        2
      ],
      "return_levels": {
        "10": {
          "bias": -2.7454034940481917,
          "call_true": 133.9870581571341,
          "n_valid": 100,
          "nbias": -0.02049006472571779,
          "nrmse": 0.02085834414763417,
          "nstd": 0.0039022772988397763,
          "rmse": 2.7947481703705774,
          "std": 0.5228546553849093
        },
        "100": {
          "bias": 7.035958103065468,
          "call_true": 184.09583068477627,
          "n_valid": 100,
          "nbias": 0.03821899755629449,
          "nrmse": 0.039711567253620426,
          "nstd": 0.010785026635608033,
          "rmse": 7.310733961349611,
          "std": 1.9854784374396988
        }
      },
      "success_rate": 1.0,
      "t_idx": 30,
      "true_params": {
        "mu": 91.21368957139869,
        "sigma": 17.957997819109696,
        "xi": 0.05
      },
      "true_return_levels": {
        "10": 133.98705815713413,
        "100": 184.09583068477633
      }
    },
    "local": {
      "gev_params": {
        "mu": {
          "bias": -2.991869426745368,
          "call_true": 91.21368957139873,
          "n_valid": 100,
          "nbias": -0.03280066227782007,
          "nrmse": 0.03350322481899999,
          "nstd": 0.006825146695042394,
          "rmse": 3.0559527482810465,
          "std": 0.6225468119208549
        },
        "sigma": {
          "bias": -0.6976999412275486,
          "call_true": 17.9579978191097,
          "n_valid": 100,
          "nbias": -0.03885176667552009,
          "nrmse": 0.0468023839952335,
          "nstd": 0.026096041344009165,
          "rmse": 0.840477109715538,
          "std": 0.4686326535431131
        },
        "xi": {
          "bias": 0.06007073432207108,
          "call_true": 0.04999999999999999,
          "n_valid": 100,
          "nbias": 1.201414686441422,
          "nrmse": 1.3422206834355508,
          "nstd": 0.5984639623611913,
          "rmse": 0.06711103417177752,
          "std": 0.029923198118059557
        }
      },
      "n_runs": 100,
      "pixel": [
        9,
        2
      ],
      "return_levels": {
        "10": {
          "bias": -1.6634868375540508,
          "call_true": 133.9870581571341,
          "n_valid": 100,
          "nbias": -0.012415279956390914,
          "nrmse": 0.018180427013027925,
          "nstd": 0.013281142645889827,
          "rmse": 2.4359419315161044,
          "std": 1.7795012320880341
        },
        "100": {
          "bias": 7.821426700477577,
          "call_true": 184.09583068477627,
          "n_valid": 100,
          "nbias": 0.04248562648803304,
          "nrmse": 0.05890686961088785,
          "nstd": 0.0408042991518478,
          "rmse": 10.844509094056201,
          "std": 7.511901347869533
        }
      },
      "success_rate": 1.0,
      "t_idx": 30,
      "true_params": {
        "mu": 91.21368957139869,
        "sigma": 17.957997819109696,
        "xi": 0.05
      },
      "true_return_levels": {
        "10": 133.98705815713413,
        "100": 184.09583068477633
      }
    },
    "pointwise": {
      "gev_params": {
        "mu": {
          "bias": 0.20993741501821458,
          "call_true": 91.21368957139873,
          "n_valid": 99,
          "nbias": 0.002301599858581351,
          "nrmse": 0.01913560925154933,
          "nstd": 0.018996688646155117,
          "rmse": 1.7454295220304064,
          "std": 1.7327580610549076
        },
        "sigma": {
          "bias": 0.0711649436997165,
          "call_true": 17.957997819109696,
          "n_valid": 99,
          "nbias": 0.003962855125418689,
          "nrmse": 0.07623330775828659,
          "nstd": 0.07613023703512672,
          "rmse": 1.3689975744668288,
          "std": 1.3671466306451099
        },
        "xi": {
          "bias": 0.046253142050100546,
          "call_true": 0.049999999999999996,
          "n_valid": 99,
          "nbias": 0.925062841002011,
          "nrmse": 1.7353771361706658,
          "nstd": 1.4682617426539417,
          "rmse": 0.08676885680853329,
          "std": 0.07341308713269708
        }
      },
      "n_runs": 100,
      "pixel": [
        9,
        2
      ],
      "return_levels": {
        "10": {
          "bias": 2.8943335800620513,
          "call_true": 133.9870581571341,
          "n_valid": 99,
          "nbias": 0.021601590630251057,
          "nrmse": 0.04214016550576488,
          "nstd": 0.036182382883059354,
          "rmse": 5.646236806372175,
          "std": 4.847971039616167
        },
        "100": {
          "bias": 13.570892239041932,
          "call_true": 184.09583068477627,
          "n_valid": 99,
          "nbias": 0.07371645619872352,
          "nrmse": 0.1267294460083472,
          "nstd": 0.10308363871674431,
          "rmse": 23.330362635128182,
          "std": 18.97726809956841
        }
      },
      "success_rate": 0.99,
      "t_idx": 30,
      "true_params": {
        "mu": 91.21368957139869,
        "sigma": 17.957997819109696,
        "xi": 0.05
      },
      "true_return_levels": {
        "10": 133.98705815713413,
        "100": 184.09583068477633
      }
    },
    "weighted": {
      "gev_params": {
        "mu": {
          "bias": 1.8784059943972102,
          "call_true": 91.21368957139873,
          "n_valid": 100,
          "nbias": 0.0205934657749686,
          "nrmse": 0.0218147303664156,
          "nstd": 0.007196640072604158,
          "rmse": 1.9898020437259978,
          "std": 0.6564320935396041
        },
        "sigma": {
          "bias": 1.0143096406694374,
          "call_true": 17.9579978191097,
          "n_valid": 100,
          "nbias": 0.0564823345501288,
          "nrmse": 0.06369505712702547,
          "nstd": 0.029441572413550974,
          "rmse": 1.1438356969751913,
          "std": 0.5287116931937087
        },
        "xi": {
          "bias": 0.05390473440289498,
          "call_true": 0.04999999999999999,
          "n_valid": 100,
          "nbias": 1.0780946880578999,
          "nrmse": 1.1784022874103703,
          "nstd": 0.4757560241923724,
          "rmse": 0.0589201143705185,
          "std": 0.023787801209618615
        }
      },
      "n_runs": 100,
      "pixel": [
        9,
        2
      ],
      "return_levels": {
        "10": {
          "bias": 7.216601663422511,
          "call_true": 133.9870581571341,
          "n_valid": 100,
          "nbias": 0.05386043818470288,
          "nrmse": 0.05523003138343368,