{
  "i": 6,
  "j": 2,
  "local_selector_args": {
    "include_center": true,
    "max_points": 35,
    "mode": "circle",
    "radius": null
  },
  "local_selector_points": 35,
  "location": "(6,2)",
  "location_index": 62,
  "raw_report_path": "C:\\github\\EVT_Univariate\\EVT_Classes\\SIM\\_output\\sim_results_all\\blob\\bootstrap_k100\\t_030\\runs_100\\demo_weights_k100_5c6fff0c30fb1252\\raw\\loc_062_i06_j02.json",
  "reports": {
    "full": {
      "gev_params": {
        "mu": {
          "bias": -4.534250570870427,
          "call_true": 90.55874161396123,
          "n_valid": 100,
          "nbias": -0.05006971707048756,
          "nrmse": 0.05010584619892354,
          "nstd": 0.0019024341753417255,
          "rmse": 4.537522379277198,
          "std": 0.17228204492234073
        },
        "sigma": {
          "bias": 0.16171670403412944,
          "call_true": 17.68829401407432,
          "n_valid": 100,
          "nbias": 0.009142583445608367,
          "nrmse": 0.012263220197899148,
          "nstd": 0.0081731106417477,
          "rmse": 0.2169154444197748,
          "std": 0.14456838404079295
        },
        "xi": {
          "bias": 0.053179601430892946,
          "call_true": 0.04999999999999999,
          "n_valid": 100,
          "nbias": 1.063592028617859,
          "nrmse": 1.0743089029619817,
          "nstd": 0.1513658338064554,
          "rmse": 0.05371544514809907,
          "std": 0.007568291690322769
        }
      },
      "n_runs": 100,
      "pixel": [
        6,
        2
      ],
      "return_levels": {
        "10": {
          "bias": -1.4480598543104872,
          "call_true": 132.68971451739645,
          "n_valid": 100,
          "nbias": -0.010913128116803941,
          "nrmse": 0.011602730765652231,
          "nstd": 0.003940430931565233,
          "rmse": 1.5395630329166072,
          "std": 0.5228546553849093
        },
        "100": {
          "bias": 9.085864848806859,
          "call_true": 182.04592393903502,
          "n_valid": 100,
          "nbias": 0.049909740642419466,
          "nrmse": 0.05108750632370288,
          "nstd": 0.010906470161367697,
          "rmse": 9.300272290439786,
          "std": 1.9854784374396988
        }
      },
      "success_rate": 1.0,
      "t_idx": 30,
      "true_params": {
        "mu": 90.55874161396125,
        "sigma": 17.68829401407432,
        "xi": 0.05
      },
      "true_return_levels": {
        "10": 132.68971451739642,
        "100": 182.04592393903494
      }
    },
    "local": {
      "gev_params": {
        "mu": {
          "bias": -3.842532431221989,
          "call_true": 90.55874161396123,
          "n_valid": 100,
          "nbias": -0.04243138059053589,
          "nrmse": 0.04256672389151528,
          "nstd": 0.0033917435099949217,
          "rmse": 3.8547889502445623,
          "std": 0.30715202414246007
        },
        "sigma": {
          "bias": -0.503212992797617,
          "call_true": 17.68829401407432,
          "n_valid": 100,
          "nbias": -0.02844892743173636,
          "nrmse": 0.031113587494820672,
          "nstd": 0.012598168707461397,
          "rmse": 0.5503462834410141,
          "std": 0.22284011213648783
        },
        "xi": {
          "bias": 0.05614927999675274,
          "call_true": 0.04999999999999999,
          "n_valid": 100,
          "nbias": 1.122985599935055,
          "nrmse": 1.1504832288119535,
          "nstd": 0.2500300024318734,
          "rmse": 0.05752416144059767,
          "std": 0.012501500121593668
        }
      },
      "n_runs": 100,
      "pixel": [
        6,
        2
      ],
      "return_levels": {
        "10": {
          "bias": -2.286637735169862,
          "call_true": 132.68971451739645,
          "n_valid": 100,
          "nbias": -0.017232968986982556,
          "nrmse": 0.018330258487128295,
          "nstd": 0.006246851694944922,
          "rmse": 2.432236765687137,
          "std": 0.8288929680347559
        },
        "100": {
          "bias": 6.645315227224828,
          "call_true": 182.04592393903502,
          "n_valid": 100,
          "nbias": 0.03650351012226049,
          "nrmse": 0.04031846499694959,
          "nstd": 0.017119356543523305,
          "rmse": 7.339812212173331,
          "std": 3.1165090792074652
        }
      },
      "success_rate": 1.0,
      "t_idx": 30,
      "true_params": {
        "mu": 90.55874161396125,
        "sigma": 17.68829401407432,
        "xi": 0.05
      },
      "true_return_levels": {
        "10": 132.68971451739642,
        "100": 182.04592393903494
      }
    },
    "pointwise": {
      "gev_params": {
        "mu": {
          "bias": 0.0848315242173655,
          "call_true": 90.55874161396125,
          "n_valid": 98,
          "nbias": 0.0009367568796283628,
          "nrmse": 0.025205268827706052,
          "nstd": 0.025187855470948678,
          "rmse": 2.282557427078664,
          "std": 2.2809804954034414
        },
        "sigma": {
          "bias": -0.20544257786154246,
          "call_true": 17.688294014074323,
          "n_valid": 98,
          "nbias": -0.011614606682706356,
          "nrmse": 0.08400444257440473,
          "nstd": 0.0831976398934639,
          "rmse": 1.4858952787444935,
          "std": 1.4716243157126687
        },
        "xi": {
          "bias": 0.049250678369794416,
          "call_true": 0.049999999999999996,
          "n_valid": 98,
          "nbias": 0.9850135673958884,
          "nrmse": 2.0286561025723198,
          "nstd": 1.7734694399819637,
          "rmse": 0.10143280512861598,
          "std": 0.08867347199909818
        }
      },
      "n_runs": 100,
      "pixel": [
        6,
        2
      ],
      "return_levels": {
        "10": {
          "bias": 2.3031240502205637,
          "call_true": 132.68971451739642,
          "n_valid": 98,
          "nbias": 0.01735721610825088,
          "nrmse": 0.050131489330189925,
          "nstd": 0.04703076941146534,
          "rmse": 6.651933007554806,
          "std": 6.240499366740837
        },
        "100": {
          "bias": 13.535934481823642,
          "call_true": 182.045923939035,
          "n_valid": 98,
          "nbias": 0.07435450456092972,
          "nrmse": 0.15257934405029352,
          "nstd": 0.1332361207868066,
          "rmse": 27.776447661647587,
          "std": 24.255092710687077
        }
      },
      "success_rate": 0.98,
      "t_idx": 30,
      "true_params": {
        "mu": 90.55874161396125,
        "sigma": 17.68829401407432,
        "xi": 0.05
      },
      "true_return_levels": {
        "10": 132.68971451739642,
        "100": 182.04592393903494
      }
    },
    "weighted": {
      "gev_params": {
        "mu": {
          "bias": -1.8464581361780426,
          "call_true": 90.55874161396123,
          "n_valid": 100,
          "nbias": -0.020389617868689314,
          "nrmse": 0.02071173775638247,
          "nstd": 0.003638621175388364,
          "rmse": 1.8756289078563653,
          "std": 0.32950895485308274
        },
        "sigma": {
          "bias": -0.3341318823655072,
          "call_true": 17.68829401407432,
          "n_valid": 100,
          "nbias": -0.01889000047713156,
          "nrmse": 0.02370416266516886,
          "nstd": 0.014319748937420473,
          "rmse": 0.4192861985789503,
          "std": 0.25329192941282164
        },
        "xi": {
          "bias": 0.05493318028748036,
          "call_true": 0.04999999999999999,
          "n_valid": 100,
          "nbias": 1.0986636057496073,
          "nrmse": 1.1278660755174161,
          "nstd": 0.2549905208126945,
          "rmse": 0.0563933037758708,
          "std": 0.012749526040634724
        }
      },
      "n_runs": 100,
      "pixel": [
        6,
        2
      ],
      "return_levels": {
        "10": {
          "bias": 0.07665038128521587,
          "call_true": 132.68971451739645,
          "n_valid": 100,
          "nbias": 0.0005776663365657217,
          "nrmse": 0.006819521754187117,