{
  "i": 2,
  "j": 2,
  "local_selector_args": {
    "include_center": true,
    "max_points": 28,
    "mode": "circle",
    "radius": null
  },
  "local_selector_points": 28,
  "location": "(2,2)",
  "location_index": 22,
  "raw_report_path": "C:\\github\\EVT_Univariate\\EVT_Classes\\SIM\\_output\\sim_results_all\\blob\\bootstrap_k100\\t_030\\runs_100\\demo_weights_k100_5c6fff0c30fb1252\\raw\\loc_022_i02_j02.json",
  "reports": {
    "full": {
      "gev_params": {
        "mu": {
          "bias": -8.99995471840637,
          "call_true": 95.02444576149719,
          "n_valid": 100,
          "nbias": -0.09471199380626166,
          "nrmse": 0.0947293452090274,
          "nstd": 0.0018130286742713885,
          "rmse": 9.001603525837368,
          "std": 0.1722820449223407
        },
        "sigma": {
          "bias": -1.7608344926487454,
          "call_true": 19.61084521075719,
          "n_valid": 100,
          "nbias": -0.08978881194181626,
          "nrmse": 0.09009092658943404,
          "nstd": 0.007371858912103007,
          "rmse": 1.7667592162390804,
          "std": 0.14456838404079297
        },
        "xi": {
          "bias": 0.053179601430892946,
          "call_true": 0.04999999999999999,
          "n_valid": 100,
          "nbias": 1.063592028617859,
          "nrmse": 1.0743089029619817,
          "nstd": 0.1513658338064554,
          "rmse": 0.05371544514809907,
          "std": 0.007568291690322769
        }
      },
      "n_runs": 100,
      "pixel": [
        2,
        2
      ],
      "return_levels": {
        "10": {
          "bias": -10.493004504546322,
          "call_true": 141.7346591676323,
          "n_valid": 100,
          "nbias": -0.07403273529684821,
          "nrmse": 0.07412458689374068,
          "nstd": 0.003688968234414132,
          "rmse": 10.506023059325878,
          "std": 0.5228546553849093
        },
        "100": {
          "bias": -5.323635558575407,
          "call_true": 196.45542434641712,
          "n_valid": 100,
          "nbias": -0.027098440148886106,
          "nrmse": 0.02892173879223613,
          "nstd": 0.01010650860898924,
          "rmse": 5.681832467264982,
          "std": 1.9854784374396988
        }
      },
      "success_rate": 1.0,
      "t_idx": 30,
      "true_params": {
        "mu": 95.02444576149719,
        "sigma": 19.610845210757194,
        "xi": 0.05
      },
      "true_return_levels": {
        "10": 141.73465916763226,
        "100": 196.4554243464172
      }
    },
    "local": {
      "gev_params": {
        "mu": {
          "bias": -3.9001493442608623,
          "call_true": 95.02444576149719,
          "n_valid": 100,
          "nbias": -0.0410436421176282,
          "nrmse": 0.04122380483419615,
          "nstd": 0.0038498735989575465,
          "rmse": 3.917269206549618,
          "std": 0.36583210499276136
        },
        "sigma": {
          "bias": -1.0294559464267454,
          "call_true": 19.61084521075719,
          "n_valid": 100,
          "nbias": -0.05249421610150975,
          "nrmse": 0.0541895761634482,
          "nstd": 0.013448696615737415,
          "rmse": 1.0627033901779201,
          "std": 0.26374030761766054
        },
        "xi": {
          "bias": 0.05780058465898037,
          "call_true": 0.04999999999999999,
          "n_valid": 100,
          "nbias": 1.1560116931796076,
          "nrmse": 1.1893296926574957,
          "nstd": 0.279539054639579,
          "rmse": 0.059466484632874766,
          "std": 0.013976952731978949
        }
      },
      "n_runs": 100,
      "pixel": [
        2,
        2
      ],
      "return_levels": {
        "10": {
          "bias": -3.2797855104056954,
          "call_true": 141.7346591676323,
          "n_valid": 100,
          "nbias": -0.023140321003112092,
          "nrmse": 0.02439154357133674,
          "nstd": 0.007711870179492637,
          "rmse": 3.457127114655865,
          "std": 1.0930392914354161
        },
        "100": {
          "bias": 5.405903473407015,
          "call_true": 196.45542434641712,
          "n_valid": 100,
          "nbias": 0.027517201377318987,
          "nrmse": 0.03433589179509591,
          "nstd": 0.020536725486907815,
          "rmse": 6.745472192918229,
          "std": 4.034551120216355
        }
      },
      "success_rate": 1.0,
      "t_idx": 30,
      "true_params": {
        "mu": 95.02444576149719,
        "sigma": 19.610845210757194,
        "xi": 0.05
      },
      "true_return_levels": {
        "10": 141.73465916763226,
        "100": 196.4554243464172
      }
    },
    "pointwise": {
      "gev_params": {
        "mu": {
          "bias": 0.18970925495017774,
          "call_true": 95.02444576149719,
          "n_valid": 95,
          "nbias": 0.0019964257979081606,
          "nrmse": 0.02429898804232354,
          "nstd": 0.024216835134146436,
          "rmse": 2.3089978712870423,
          "std": 2.3011913367198176
        },
        "sigma": {
          "bias": -0.09836258283567613,
          "call_true": 19.610845210757187,
          "n_valid": 95,
          "nbias": -0.005015723788473994,
          "nrmse": 0.08957827782639873,
          "nstd": 0.08943774579684582,
          "rmse": 1.7567057406997082,
          "std": 1.7539497888209927
        },
        "xi": {
          "bias": 0.058225015737116345,
          "call_true": 0.04999999999999998,
          "n_valid": 95,
          "nbias": 1.1645003147423274,
          "nrmse": 2.1501761955879988,
          "nstd": 1.8075388485557649,
          "rmse": 0.1075088097793999,
          "std": 0.09037694242778821
        }
      },
      "n_runs": 100,
      "pixel": [
        2,
        2
      ],
      "return_levels": {
        "10": {
          "bias": 3.4149026641934013,
          "call_true": 141.7346591676323,
          "n_valid": 95,
          "nbias": 0.024093631608868023,
          "nrmse": 0.05232237891872566,
          "nstd": 0.04644489478522762,
          "rmse": 7.41589454288529,
          "std": 6.582851332460779
        },
        "100": {
          "bias": 18.103312996818815,
          "call_true": 196.45542434641706,
          "n_valid": 95,
          "nbias": 0.09214972331278865,
          "nrmse": 0.16055790673190734,
          "nstd": 0.13148106292355696,
          "rmse": 31.54247169918931,
          "std": 25.830168010165348
        }
      },
      "success_rate": 0.95,
      "t_idx": 30,
      "true_params": {
        "mu": 95.02444576149719,
        "sigma": 19.610845210757194,
        "xi": 0.05
      },
      "true_return_levels": {
        "10": 141.73465916763226,
        "100": 196.4554243464172
      }
    },
    "weighted": {
      "gev_params": {
        "mu": {
          "bias": -2.1552997196270733,
          "call_true": 95.02444576149719,
          "n_valid": 100,
          "nbias": -0.022681528972414967,
          "nrmse": 0.023012796221072628,
          "nstd": 0.003890634059650796,
          "rmse": 2.1867782063297034,
          "std": 0.3697053451791207
        },
        "sigma": {
          "bias": -0.5831353776430628,
          "call_true": 19.61084521075719,
          "n_valid": 100,
          "nbias": -0.029735351606528102,
          "nrmse": 0.03339387962088002,
          "nstd": 0.01519737019914871,
          "rmse": 0.6548822042317372,
          "std": 0.29803327458607953
        },
        "xi": {
          "bias": 0.05810518547892571,
          "call_true": 0.04999999999999999,
          "n_valid": 100,
          "nbias": 1.1621037095785145,
          "nrmse": 1.1970622155777786,
          "nstd": 0.2871809815218199,
          "rmse": 0.05985311077888891,
          "std": 0.014359049076090992
        }
      },
      "n_runs": 100,
      "pixel": [
        2,
        2
      ],
      "return_levels": {
        "10": {
          "bias": -0.37902165542522764,
          "call_true": 141.7346591676323,
          "n_valid": 100,
          "nbias": -0.002674163522536513,
          "nrmse": 0.009369441207737066,