{
  "i": 0,
  "j": 3,
  "local_selector_args": {
    "include_center": true,
    "max_points": 6,
    "mode": "circle",
    "radius": null
  },
  "local_selector_points": 6,
  "location": "(0,3)",
  "location_index": 3,
  "raw_report_path": "C:\\github\\EVT_Univariate\\EVT_Univariate\\EVT_Classes\\SIM\\_output\\sim_results_all\\blob\\bootstrap_k100\\t_030\\runs_100\\demo_weights_k100_5c6fff0c30fb1252\\raw\\loc_003_i00_j03.json",
  "reports": {
    "full": {
      "gev_params": {
        "mu": {
          "bias": 1.6749036684194119,
          "call_true": 84.34958767984723,
          "n_valid": 100,
          "nbias": 0.01985669064295354,
          "nrmse": 0.019961460248370085,
          "nstd": 0.002042481813211656,
          "rmse": 1.6837409414376776,
          "std": 0.17228249878798996
        },
        "sigma": {
          "bias": 2.525691212992368,
          "call_true": 15.324320592304781,
          "n_valid": 100,
          "nbias": 0.1648158688523302,
          "nrmse": 0.16508564414976587,
          "nstd": 0.009433942908170226,
          "rmse": 2.5298253361381566,
          "std": 0.14456876557430065
        },
        "xi": {
          "bias": 0.05317958064377308,
          "call_true": 0.04999999999999999,
          "n_valid": 100,
          "nbias": 1.063591612875462,
          "nrmse": 1.074308515611656,
          "nstd": 0.15136600588207905,
          "rmse": 0.05371542578058279,
          "std": 0.00756830029410395
        }
      },
      "n_runs": 100,
      "pixel": [
        0,
        3
      ],
      "return_levels": {
        "10": {
          "bias": 10.391740680657175,
          "call_true": 120.84991581348346,
          "n_valid": 100,
          "nbias": 0.08598881191357644,
          "nrmse": 0.08609758559616186,
          "nstd": 0.004326484852624782,
          "rmse": 10.404885971040347,
          "std": 0.5228553302080163
        },
        "100": {
          "bias": 27.521936531988366,
          "call_true": 163.60985500243552,
          "n_valid": 100,
          "nbias": 0.16821686280193004,
          "nrmse": 0.16865403186029565,
          "nstd": 0.012135465867047043,
          "rmse": 27.59346169823911,
          "std": 1.9854818108945722
        }
      },
      "success_rate": 1.0,
      "t_idx": 30,
      "true_params": {
        "mu": 84.34958767984719,
        "sigma": 15.324320592304783,
        "xi": 0.05
      },
      "true_return_levels": {
        "10": 120.84991581348345,
        "100": 163.60985500243547
      }
    },
    "local": {
      "gev_params": {
        "mu": {
          "bias": 2.362406415001443,
          "call_true": 84.34958767984723,
          "n_valid": 100,
          "nbias": 0.0280073261764843,
          "nrmse": 0.02949264103161187,
          "nstd": 0.009241512617723,
          "rmse": 2.4876921106062055,
          "std": 0.7795177788430407
        },
        "sigma": {
          "bias": 1.5884679951569578,
          "call_true": 15.324320592304781,
          "n_valid": 100,
          "nbias": 0.10365666690336788,
          "nrmse": 0.11038961295303223,
          "nstd": 0.037962640245437336,
          "rmse": 1.6916458189527066,
          "std": 0.5817516696514136
        },
        "xi": {
          "bias": 0.05471237167716026,
          "call_true": 0.04999999999999999,
          "n_valid": 100,
          "nbias": 1.0942474335432055,
          "nrmse": 1.2745011719241734,
          "nstd": 0.6534338462462739,
          "rmse": 0.06372505859620865,
          "std": 0.032671692312313684
        }
      },
      "n_runs": 100,
      "pixel": [
        0,
        3
      ],
      "return_levels": {
        "10": {
          "bias": 8.817286487541942,
          "call_true": 120.84991581348346,
          "n_valid": 100,
          "nbias": 0.07296063409055499,
          "nrmse": 0.0754428410996182,
          "nstd": 0.019192919170527033,
          "rmse": 9.117260995618869,
          "std": 2.3194626659731847
        },
        "100": {
          "bias": 23.456322213140712,
          "call_true": 163.60985500243552,
          "n_valid": 100,
          "nbias": 0.14336741642361053,
          "nrmse": 0.15280552458989433,
          "nstd": 0.05287071262250829,
          "rmse": 25.000489721723707,
          "std": 8.650169626044018
        }
      },
      "success_rate": 1.0,
      "t_idx": 30,
      "true_params": {
        "mu": 84.34958767984719,
        "sigma": 15.324320592304783,
        "xi": 0.05
      },
      "true_return_levels": {
        "10": 120.84991581348345,
        "100": 163.60985500243547
      }
    },
    "pointwise": {
      "gev_params": {
        "mu": {
          "bias": 0.07649165599166757,
          "call_true": 84.34958767984722,
          "n_valid": 99,
          "nbias": 0.0009068408998274563,
          "nrmse": 0.0216963331131802,
          "nstd": 0.021677373229717658,
          "rmse": 1.830076752261366,
          "std": 1.8284774939088424
        },
        "sigma": {
          "bias": -0.2442845902611215,
          "call_true": 15.324320592304783,
          "n_valid": 99,
          "nbias": -0.015940973617048364,
          "nrmse": 0.08883245565580741,
          "nstd": 0.08739044878006726,
          "rmse": 1.361297029471291,
          "std": 1.339199253811141
        },
        "xi": {
          "bias": 0.06263784074760748,
          "call_true": 0.049999999999999996,
          "n_valid": 99,
          "nbias": 1.2527568149521495,
          "nrmse": 2.181766755539431,
          "nstd": 1.7862548917128265,
          "rmse": 0.10908833777697154,
          "std": 0.08931274458564131
        }
      },
      "n_runs": 100,
      "pixel": [
        0,
        3
      ],
      "return_levels": {
        "10": {
          "bias": 2.3449530256648705,
          "call_true": 120.84991581348345,
          "n_valid": 99,
          "nbias": 0.019403844925171554,
          "nrmse": 0.0448692400642582,
          "nstd": 0.040456637354875744,
          "rmse": 5.4224438843805824,
          "std": 4.889181218433364
        },
        "100": {
          "bias": 13.907805273418777,
          "call_true": 163.60985500243552,
          "n_valid": 99,
          "nbias": 0.08500591405824388,
          "nrmse": 0.14305819404220813,
          "nstd": 0.11506364090250464,
          "rmse": 23.40573038415596,
          "std": 18.825545604111092
        }
      },
      "success_rate": 0.99,
      "t_idx": 30,
      "true_params": {
        "mu": 84.34958767984719,
        "sigma": 15.324320592304783,
        "xi": 0.05
      },
      "true_return_levels": {
        "10": 120.84991581348345,
        "100": 163.60985500243547
      }
    },
    "weighted": {
      "gev_params": {
        "mu": {
          "bias": -1.4981979093393774,
          "call_true": 84.34958767984723,
          "n_valid": 100,
          "nbias": -0.01776176921013363,
          "nrmse": 0.01949576525429228,
          "nstd": 0.008037687315168419,
          "rmse": 1.6444597607026459,
          "std": 0.6779756109339945
        },
        "sigma": {
          "bias": -0.041008900968320425,
          "call_true": 15.324320592304781,
          "n_valid": 100,
          "nbias": -0.002676066499738549,
          "nrmse": 0.0314352195415459,
          "nstd": 0.03132110623388271,
          "rmse": 0.48172338214413346,
          "std": 0.4799746732336545
        },
        "xi": {
          "bias": 0.053478699270635845,
          "call_true": 0.04999999999999999,
          "n_valid": 100,
          "nbias": 1.069573985412717,
          "nrmse": 1.25330118428553,
          "nstd": 0.6532804514600672,
          "rmse": 0.06266505921427648,
          "std": 0.032664022573003354
        }
      },
      "n_runs": 100,
      "pixel": [
        0,
        3
      ],
      "return_levels": {
        "10": {
          "bias": 0.7606088599784653,
          "call_true": 120.84991581348346,
          "n_valid": 100,
          "nbias": 0.006293830284105193,
          "nrmse": 0.017840684492196498,