{
  "i": 5,
  "j": 6,
  "local_selector_args": {
    "include_center": true,
    "max_points": 17,
    "mode": "circle",
    "radius": null
  },
  "local_selector_points": 17,
  "location": "(5,6)",
  "location_index": 56,
  "raw_report_path": "C:\\github\\EVT_Univariate\\EVT_Classes\\SIM\\_output\\sim_results_all\\blob\\bootstrap_k100\\t_030\\runs_100\\demo_weights_k100_5c6fff0c30fb1252\\raw\\loc_056_i05_j06.json",
  "reports": {
    "full": {
      "gev_params": {
        "mu": {
          "bias": 11.375747336193317,
          "call_true": 74.64874370689748,
          "n_valid": 100,
          "nbias": 0.15239033868887747,
          "nrmse": 0.152407813910783,
          "nstd": 0.0023079028040819123,
          "rmse": 11.377051839554564,
          "std": 0.1722820449223407
        },
        "sigma": {
          "bias": 5.60272841890922,
          "call_true": 12.247282299199231,
          "n_valid": 100,
          "nbias": 0.4574670757181408,
          "nrmse": 0.4576193424711442,
          "nstd": 0.011804119518845854,
          "rmse": 5.604593272818035,
          "std": 0.14456838404079297
        },
        "xi": {
          "bias": -0.046820398569107094,
          "call_true": 0.15,
          "n_valid": 100,
          "nbias": -0.312135990460714,
          "nrmse": 0.3161876209032193,
          "nstd": 0.05045527793548512,
          "rmse": 0.04742814313548289,
          "std": 0.007568291690322768
        }
      },
      "n_runs": 100,
      "pixel": [
        5,
        6
      ],
      "return_levels": {
        "10": {
          "bias": 23.809644639852948,
          "call_true": 107.43201002323299,
          "n_valid": 100,
          "nbias": 0.22162523660037572,
          "nrmse": 0.2216786675631308,
          "nstd": 0.004866842343095304,
          "rmse": 23.815384835579202,
          "std": 0.5228546553849094
        },
        "100": {
          "bias": 35.34397020936138,
          "call_true": 155.78781857848048,
          "n_valid": 100,
          "nbias": 0.22687248933751722,
          "nrmse": 0.227230181398822,
          "nstd": 0.01274476050538883,
          "rmse": 35.39969427531489,
          "std": 1.9854784374396983
        }
      },
      "success_rate": 1.0,
      "t_idx": 30,
      "true_params": {
        "mu": 74.6487437068975,
        "sigma": 12.24728229919923,
        "xi": 0.15000000000000002
      },
      "true_return_levels": {
        "10": 107.43201002323299,
        "100": 155.78781857848043
      }
    },
    "local": {
      "gev_params": {
        "mu": {
          "bias": 2.6347802341425335,
          "call_true": 74.64874370689748,
          "n_valid": 100,
          "nbias": 0.03529570764764367,
          "nrmse": 0.035661185931836877,
          "nstd": 0.00509246538693275,
          "rmse": 2.6620627289097087,
          "std": 0.38014614350538933
        },
        "sigma": {
          "bias": 2.0010228749355368,
          "call_true": 12.247282299199231,
          "n_valid": 100,
          "nbias": 0.16338505360216696,
          "nrmse": 0.16491466742441457,
          "nstd": 0.02240918988099072,
          "rmse": 2.0197564872253606,
          "std": 0.27445167456885217
        },
        "xi": {
          "bias": -0.04192873246967796,
          "call_true": 0.15,
          "n_valid": 100,
          "nbias": -0.2795248831311864,
          "nrmse": 0.30023784959277866,
          "nstd": 0.10958378547300057,
          "rmse": 0.045035677438916795,
          "std": 0.016437567820950086
        }
      },
      "n_runs": 100,
      "pixel": [
        5,
        6
      ],
      "return_levels": {
        "10": {
          "bias": 6.155240571859781,
          "call_true": 107.43201002323299,
          "n_valid": 100,
          "nbias": 0.0572942884576828,
          "nrmse": 0.05791510871809993,
          "nstd": 0.008457205682562575,
          "rmse": 6.22193654029954,
          "std": 0.9085746056576055
        },
        "100": {
          "bias": 6.474498621226603,
          "call_true": 155.78781857848048,
          "n_valid": 100,
          "nbias": 0.04155972322036833,
          "nrmse": 0.04657405197557406,
          "nstd": 0.021022172182480352,
          "rmse": 7.255669959635451,
          "std": 3.274998346089828
        }
      },
      "success_rate": 1.0,
      "t_idx": 30,
      "true_params": {
        "mu": 74.6487437068975,
        "sigma": 12.24728229919923,
        "xi": 0.15000000000000002
      },
      "true_return_levels": {
        "10": 107.43201002323299,
        "100": 155.78781857848043
      }
    },
    "pointwise": {
      "gev_params": {
        "mu": {
          "bias": 0.27127018322441687,
          "call_true": 74.64874370689748,
          "n_valid": 99,
          "nbias": 0.003633955104315463,
          "nrmse": 0.020601457040229303,
          "nstd": 0.02027842209049395,
          "rmse": 1.5378728865847358,
          "std": 1.5137587334135711
        },
        "sigma": {
          "bias": -0.24743907608999138,
          "call_true": 12.247282299199231,
          "n_valid": 99,
          "nbias": -0.02020359048196103,
          "nrmse": 0.09327206829407667,
          "nstd": 0.09105763919349168,
          "rmse": 1.142329351027747,
          "std": 1.1152086127013208
        },
        "xi": {
          "bias": -0.051404186360058265,
          "call_true": 0.15,
          "n_valid": 99,
          "nbias": -0.3426945757337218,
          "nrmse": 0.6501091426995119,
          "nstd": 0.5524511971062953,
          "rmse": 0.09751637140492678,
          "std": 0.08286767956594429
        }
      },
      "n_runs": 100,
      "pixel": [
        5,
        6
      ],
      "return_levels": {
        "10": {
          "bias": -2.090427387796595,
          "call_true": 107.432010023233,
          "n_valid": 99,
          "nbias": -0.019458142757866337,
          "nrmse": 0.047240794963443404,
          "nstd": 0.043047338932767874,
          "rmse": 5.075173558018147,
          "std": 4.6246621476986265
        },
        "100": {
          "bias": -9.164070801023238,
          "call_true": 155.78781857848048,
          "n_valid": 99,
          "nbias": -0.05882405238511442,
          "nrmse": 0.11773346777447016,
          "nstd": 0.10198480423668772,
          "rmse": 18.341440118264536,
          "std": 15.887990180186955
        }
      },
      "success_rate": 0.99,
      "t_idx": 30,
      "true_params": {
        "mu": 74.6487437068975,
        "sigma": 12.24728229919923,
        "xi": 0.15000000000000002
      },
      "true_return_levels": {
        "10": 107.43201002323299,
        "100": 155.78781857848043
      }
    },
    "weighted": {
      "gev_params": {
        "mu": {
          "bias": 1.2683429325067914,
          "call_true": 74.64874370689748,
          "n_valid": 100,
          "nbias": 0.016990814172129165,
          "nrmse": 0.01766634564569308,
          "nstd": 0.004838595068950655,
          "rmse": 1.318770508342807,
          "std": 0.3611950432035554
        },
        "sigma": {
          "bias": 0.7364242716632945,
          "call_true": 12.247282299199231,
          "n_valid": 100,
          "nbias": 0.06012960701587196,
          "nrmse": 0.06414769182779301,
          "nstd": 0.02234629112292024,
          "rmse": 0.7856348906570164,
          "std": 0.273681335722494
        },
        "xi": {
          "bias": -0.051280637010932,
          "call_true": 0.15,
          "n_valid": 100,
          "nbias": -0.34187091340621334,
          "nrmse": 0.35973553832790583,
          "nstd": 0.11195506287287625,
          "rmse": 0.053960330749185874,
          "std": 0.016793259430931438
        }
      },
      "n_runs": 100,
      "pixel": [
        5,
        6
      ],
      "return_levels": {
        "10": {
          "bias": 1.2084531573090016,
          "call_true": 107.43201002323299,
          "n_valid": 100,
          "nbias": 0.011248539025265044,
          "nrmse": 0.014336519952591583,
          "nstd": 0.008888541733498576,