{
  "i": 6,
  "j": 3,
  "local_selector_args": {
    "include_center": true,
    "max_points": 17,
    "mode": "circle",
    "radius": null
  },
  "local_selector_points": 17,
  "location": "(6,3)",
  "location_index": 63,
  "raw_report_path": "C:\\github\\EVT_Univariate\\EVT_Classes\\SIM\\_output\\sim_results_all\\blob\\bootstrap_k100\\t_030\\runs_100\\demo_weights_k100_5c6fff0c30fb1252\\raw\\loc_063_i06_j03.json",
  "reports": {
    "full": {
      "gev_params": {
        "mu": {
          "bias": 2.613345613500742,
          "call_true": 83.41114542959009,
          "n_valid": 100,
          "nbias": 0.03133089229312583,
          "nrmse": 0.03139889998201489,
          "nstd": 0.00206545592960079,
          "rmse": 2.6190182127289976,
          "std": 0.1722820449223407
        },
        "sigma": {
          "bias": 2.854385183377241,
          "call_true": 14.995625534731209,
          "n_valid": 100,
          "nbias": 0.1903478568977486,
          "nrmse": 0.19059184084131142,
          "nstd": 0.009640703797648163,
          "rmse": 2.858043875231396,
          "std": 0.14456838404079295
        },
        "xi": {
          "bias": -0.046820398569107094,
          "call_true": 0.15,
          "n_valid": 100,
          "nbias": -0.312135990460714,
          "nrmse": 0.3161876209032193,
          "nstd": 0.05045527793548512,
          "rmse": 0.04742814313548289,
          "std": 0.007568291690322768
        }
      },
      "n_runs": 100,
      "pixel": [
        6,
        3
      ],
      "return_levels": {
        "10": {
          "bias": 7.690535852031726,
          "call_true": 123.55111881105424,
          "n_valid": 100,
          "nbias": 0.062245780742728865,
          "nrmse": 0.06238947112422713,
          "nstd": 0.004231889281265893,
          "rmse": 7.708288959428224,
          "std": 0.5228546553849093
        },
        "100": {
          "bias": 8.373608376594575,
          "call_true": 182.75818041124728,
          "n_valid": 100,
          "nbias": 0.04581796753366695,
          "nrmse": 0.0470883412313303,
          "nstd": 0.010863964792010529,
          "rmse": 8.605779562021837,
          "std": 1.9854784374396988
        }
      },
      "success_rate": 1.0,
      "t_idx": 30,
      "true_params": {
        "mu": 83.41114542959008,
        "sigma": 14.995625534731207,
        "xi": 0.15000000000000002
      },
      "true_return_levels": {
        "10": 123.55111881105421,
        "100": 182.75818041124722
      }
    },
    "local": {
      "gev_params": {
        "mu": {
          "bias": 0.6413062000485934,
          "call_true": 83.41114542959009,
          "n_valid": 100,
          "nbias": 0.007688495305341894,
          "nrmse": 0.009079989203611487,
          "nstd": 0.004830449655822614,
          "rmse": 0.7573722999615456,
          "std": 0.4029133387321335
        },
        "sigma": {
          "bias": 1.1106847289436639,
          "call_true": 14.995625534731209,
          "n_valid": 100,
          "nbias": 0.07406724890343645,
          "nrmse": 0.07680151986864031,
          "nstd": 0.02031049221485155,
          "rmse": 1.151686832448349,
          "std": 0.3045685356799873
        },
        "xi": {
          "bias": -0.04838033445179466,
          "call_true": 0.15,
          "n_valid": 100,
          "nbias": -0.3225355630119644,
          "nrmse": 0.3453255065614539,
          "nstd": 0.12337145567139897,
          "rmse": 0.05179882598421808,
          "std": 0.018505718350709844
        }
      },
      "n_runs": 100,
      "pixel": [
        6,
        3
      ],
      "return_levels": {
        "10": {
          "bias": 1.2348805633354392,
          "call_true": 123.55111881105424,
          "n_valid": 100,
          "nbias": 0.009994895839218846,
          "nrmse": 0.013856271636424998,
          "nstd": 0.00959678700532432,
          "rmse": 1.7119578632301857,
          "std": 1.1856937714992064
        },
        "100": {
          "bias": -4.138177817253084,
          "call_true": 182.75818041124728,
          "n_valid": 100,
          "nbias": -0.02264291430315867,
          "nrmse": 0.03304354937977973,
          "nstd": 0.024066046361497635,
          "rmse": 6.038978958977741,
          "std": 4.398266842720026
        }
      },
      "success_rate": 1.0,
      "t_idx": 30,
      "true_params": {
        "mu": 83.41114542959008,
        "sigma": 14.995625534731207,
        "xi": 0.15000000000000002
      },
      "true_return_levels": {
        "10": 123.55111881105421,
        "100": 182.75818041124722
      }
    },
    "pointwise": {
      "gev_params": {
        "mu": {
          "bias": 0.31574684709598655,
          "call_true": 83.41114542959008,
          "n_valid": 98,
          "nbias": 0.0037854275405259626,
          "nrmse": 0.022258317533126907,
          "nstd": 0.02193406569108728,
          "rmse": 1.856591760773643,
          "std": 1.8295455432214633
        },
        "sigma": {
          "bias": 0.05396428354082837,
          "call_true": 14.995625534731207,
          "n_valid": 98,
          "nbias": 0.003598668386046469,
          "nrmse": 0.08758321878099118,
          "nstd": 0.08750925549841133,
          "rmse": 1.313365151966181,
          "std": 1.3122560262772942
        },
        "xi": {
          "bias": -0.04343798808677467,
          "call_true": 0.15,
          "n_valid": 98,
          "nbias": -0.28958658724516445,
          "nrmse": 0.612995140488115,
          "nstd": 0.5402801595003676,
          "rmse": 0.09194927107321724,
          "std": 0.08104202392505513
        }
      },
      "n_runs": 100,
      "pixel": [
        6,
        3
      ],
      "return_levels": {
        "10": {
          "bias": -1.4084703866331714,
          "call_true": 123.55111881105424,
          "n_valid": 98,
          "nbias": -0.011399899897200721,
          "nrmse": 0.03922165132311447,
          "nstd": 0.037528392116446575,
          "rmse": 4.845878902587859,
          "std": 4.636674833166922
        },
        "100": {
          "bias": -7.716790011703616,
          "call_true": 182.75818041124722,
          "n_valid": 98,
          "nbias": -0.04222404706776514,
          "nrmse": 0.10829519489268263,
          "nstd": 0.09972451597307087,
          "rmse": 19.791832765868072,
          "std": 18.225471081630793
        }
      },
      "success_rate": 0.98,
      "t_idx": 30,
      "true_params": {
        "mu": 83.41114542959008,
        "sigma": 14.995625534731207,
        "xi": 0.15000000000000002
      },
      "true_return_levels": {
        "10": 123.55111881105421,
        "100": 182.75818041124722
      }
    },
    "weighted": {
      "gev_params": {
        "mu": {
          "bias": -0.16036471364769567,
          "call_true": 83.41114542959009,
          "n_valid": 100,
          "nbias": -0.0019225813627396407,
          "nrmse": 0.005497936980516873,
          "nstd": 0.0051508243947334465,
          "rmse": 0.4585892210446143,
          "std": 0.4296361626713919
        },
        "sigma": {
          "bias": 0.5631765086008518,
          "call_true": 14.995625534731209,
          "n_valid": 100,
          "nbias": 0.03755605308337986,
          "nrmse": 0.04245249521528025,
          "nstd": 0.019792857974576247,
          "rmse": 0.636601721263311,
          "std": 0.2968062864488638
        },
        "xi": {
          "bias": -0.044912492409348526,
          "call_true": 0.15,
          "n_valid": 100,
          "nbias": -0.2994166160623235,
          "nrmse": 0.3247024416676678,
          "nstd": 0.1256239055702872,
          "rmse": 0.04870536625015017,
          "std": 0.01884358583554308
        }
      },
      "n_runs": 100,
      "pixel": [
        6,
        3
      ],
      "return_levels": {
        "10": {
          "bias": -0.7924438080024515,
          "call_true": 123.55111881105424,
          "n_valid": 100,
          "nbias": -0.006413894229596817,
          "nrmse": 0.010669120814464975,