{
  "i": 7,
  "j": 8,
  "local_selector_args": {
    "include_center": true,
    "max_points": 12,
    "mode": "circle",
    "radius": null
  },
  "local_selector_points": 12,
  "location": "(7,8)",
  "location_index": 78,
  "raw_report_path": "C:\\github\\EVT_Univariate\\EVT_Classes\\SIM\\_output\\sim_results_all\\blob\\bootstrap_k100\\t_030\\runs_100\\demo_weights_k100_5c6fff0c30fb1252\\raw\\loc_078_i07_j08.json",
  "reports": {
    "full": {
      "gev_params": {
        "mu": {
          "bias": -10.760066044804743,
          "call_true": 96.78455708789559,
          "n_valid": 100,
          "nbias": -0.11117544336161927,
          "nrmse": 0.11118969291344394,
          "nstd": 0.001780057171371684,
          "rmse": 10.761445181366796,
          "std": 0.1722820449223407
        },
        "sigma": {
          "bias": -2.5747912894309457,
          "call_true": 20.424802007539398,
          "n_valid": 100,
          "nbias": -0.12606199504311053,
          "nrmse": 0.12626054732868344,
          "nstd": 0.0070780800708583865,
          "rmse": 2.5788466805519166,
          "std": 0.14456838404079297
        },
        "xi": {
          "bias": 0.053179601430892946,
          "call_true": 0.04999999999999999,
          "n_valid": 100,
          "nbias": 1.063592028617859,
          "nrmse": 1.0743089029619817,
          "nstd": 0.1513658338064554,
          "rmse": 0.05371544514809907,
          "std": 0.007568291690322769
        }
      },
      "n_runs": 100,
      "pixel": [
        7,
        8
      ],
      "return_levels": {
        "10": {
          "bias": -14.191843880269944,
          "call_true": 145.43349854335588,
          "n_valid": 100,
          "nbias": -0.09758304670116387,
          "nrmse": 0.09764925026843409,
          "nstd": 0.0035951459644563153,
          "rmse": 14.201472096674102,
          "std": 0.5228546553849093
        },
        "100": {
          "bias": -11.293684474924193,
          "call_true": 202.42547326276602,
          "n_valid": 100,
          "nbias": -0.05579181460163366,
          "nrmse": 0.05664743686706785,
          "nstd": 0.009808441622672526,
          "rmse": 11.466884216938869,
          "std": 1.9854784374396988
        }
      },
      "success_rate": 1.0,
      "t_idx": 30,
      "true_params": {
        "mu": 96.78455708789556,
        "sigma": 20.424802007539395,
        "xi": 0.05
      },
      "true_return_levels": {
        "10": 145.43349854335588,
        "100": 202.425473262766
      }
    },
    "local": {
      "gev_params": {
        "mu": {
          "bias": -8.088091481206112,
          "call_true": 96.78455708789559,
          "n_valid": 100,
          "nbias": -0.08356799601677005,
          "nrmse": 0.08379362959254433,
          "nstd": 0.006145112044025632,
          "rmse": 8.109929326901584,
          "std": 0.5947519474365136
        },
        "sigma": {
          "bias": -1.1392547654629914,
          "call_true": 20.424802007539398,
          "n_valid": 100,
          "nbias": -0.05577800778888622,
          "nrmse": 0.06017945891806717,
          "nstd": 0.022591616205448542,
          "rmse": 1.229153533322373,
          "std": 0.461429288026605
        },
        "xi": {
          "bias": 0.05215078379958868,
          "call_true": 0.04999999999999999,
          "n_valid": 100,
          "nbias": 1.043015675991774,
          "nrmse": 1.1281736680838934,
          "nstd": 0.4299931685425825,
          "rmse": 0.05640868340419466,
          "std": 0.02149965842712912
        }
      },
      "n_runs": 100,
      "pixel": [
        7,
        8
      ],
      "return_levels": {
        "10": {
          "bias": -7.924365089986741,
          "call_true": 145.43349854335588,
          "n_valid": 100,
          "nbias": -0.05448789425652419,
          "nrmse": 0.05587751808769493,
          "nstd": 0.012384119150368014,
          "rmse": 8.126462945413122,
          "std": 1.8010657744157923
        },
        "100": {
          "bias": -0.27678094098864675,
          "call_true": 202.42547326276602,
          "n_valid": 100,
          "nbias": -0.0013673226819104966,
          "nrmse": 0.03219729137525038,
          "nstd": 0.032168245220812186,
          "rmse": 6.517551944414233,
          "std": 6.511672262855618
        }
      },
      "success_rate": 1.0,
      "t_idx": 30,
      "true_params": {
        "mu": 96.78455708789556,
        "sigma": 20.424802007539395,
        "xi": 0.05
      },
      "true_return_levels": {
        "10": 145.43349854335588,
        "100": 202.425473262766
      }
    },
    "pointwise": {
      "gev_params": {
        "mu": {
          "bias": -0.1399464158984938,
          "call_true": 96.78455708789559,
          "n_valid": 100,
          "nbias": -0.0014459581167623721,
          "nrmse": 0.024642608181948987,
          "nstd": 0.024600149250230744,
          "rmse": 2.385023918380485,
          "std": 2.3809145494797095
        },
        "sigma": {
          "bias": -0.47825922573488555,
          "call_true": 20.424802007539398,
          "n_valid": 100,
          "nbias": -0.023415611351255496,
          "nrmse": 0.09493842335586748,
          "nstd": 0.09200550730442651,
          "rmse": 1.9390984999515475,
          "std": 1.8791942702961315
        },
        "xi": {
          "bias": 0.06219015854061581,
          "call_true": 0.04999999999999999,
          "n_valid": 100,
          "nbias": 1.2438031708123165,
          "nrmse": 2.1625300282990065,
          "nstd": 1.7690364031223689,
          "rmse": 0.1081265014149503,
          "std": 0.08845182015611842
        }
      },
      "n_runs": 100,
      "pixel": [
        7,
        8
      ],
      "return_levels": {
        "10": {
          "bias": 2.439047843362869,
          "call_true": 145.43349854335588,
          "n_valid": 100,
          "nbias": 0.016770880627861348,
          "nrmse": 0.047853860842372614,
          "nstd": 0.044818852735062156,
          "rmse": 6.959554401113152,
          "std": 6.518162553959543
        },
        "100": {
          "bias": 17.09703207781018,
          "call_true": 202.42547326276602,
          "n_valid": 100,
          "nbias": 0.0844608724496681,
          "nrmse": 0.14867066676546462,
          "nstd": 0.12234920588842707,
          "rmse": 30.09473008029015,
          "std": 24.766595905288447
        }
      },
      "success_rate": 1.0,
      "t_idx": 30,
      "true_params": {
        "mu": 96.78455708789556,
        "sigma": 20.424802007539395,
        "xi": 0.05
      },
      "true_return_levels": {
        "10": 145.43349854335588,
        "100": 202.425473262766
      }
    },
    "weighted": {
      "gev_params": {
        "mu": {
          "bias": -1.7198962907764235,
          "call_true": 96.78455708789559,
          "n_valid": 100,
          "nbias": -0.017770358645279403,
          "nrmse": 0.01887995972013719,
          "nstd": 0.0063770865332176945,
          "rmse": 1.8272885393507874,
          "std": 0.6172034956286582
        },
        "sigma": {
          "bias": -0.6660640589511035,
          "call_true": 20.424802007539398,
          "n_valid": 100,
          "nbias": -0.03261055155909172,
          "nrmse": 0.04144752392745815,
          "nstd": 0.025582204102247257,
          "rmse": 0.8465574699210845,
          "std": 0.5225114537048624
        },
        "xi": {
          "bias": 0.05448077496141195,
          "call_true": 0.04999999999999999,
          "n_valid": 100,
          "nbias": 1.0896154992282392,
          "nrmse": 1.1640932410268106,
          "nstd": 0.40969639691593474,
          "rmse": 0.05820466205134051,
          "std": 0.020484819845796733
        }
      },
      "n_runs": 100,
      "pixel": [
        7,
        8
      ],
      "return_levels": {
        "10": {
          "bias": -0.22335022792619383,
          "call_true": 145.43349854335588,
          "n_valid": 100,
          "nbias": -0.001535755036929197,
          "nrmse": 0.013691870031436645,