{
  "i": 1,
  "j": 5,
  "local_selector_args": {
    "include_center": true,
    "max_points": 12,
    "mode": "circle",
    "radius": null
  },
  "local_selector_points": 12,
  "location": "(1,5)",
  "location_index": 15,
  "raw_report_path": "C:\\github\\EVT_Univariate\\EVT_Univariate\\EVT_Classes\\SIM\\_output\\sim_results_all\\blob\\bootstrap_k100\\t_030\\runs_100\\demo_weights_k100_5c6fff0c30fb1252\\raw\\loc_015_i01_j05.json",
  "reports": {
    "full": {
      "gev_params": {
        "mu": {
          "bias": -8.517282740682413,
          "call_true": 94.54177408894905,
          "n_valid": 100,
          "nbias": -0.09009015139348854,
          "nrmse": 0.09010857960128801,
          "nstd": 0.0018222896751006496,
          "rmse": 8.519024976141054,
          "std": 0.17228249878798998
        },
        "sigma": {
          "bias": -1.54334658920171,
          "call_true": 19.393358394498865,
          "n_valid": 100,
          "nbias": -0.07958119258186333,
          "nrmse": 0.07992957233013383,
          "nstd": 0.007454550296729891,
          "rmse": 1.5501028425173051,
          "std": 0.14456876557430065
        },
        "xi": {
          "bias": 0.05317958064377308,
          "call_true": 0.04999999999999999,
          "n_valid": 100,
          "nbias": 1.063591612875462,
          "nrmse": 1.074308515611656,
          "nstd": 0.15136600588207905,
          "rmse": 0.05371542578058279,
          "std": 0.00756830029410395
        }
      },
      "n_runs": 100,
      "pixel": [
        1,
        5
      ],
      "return_levels": {
        "10": {
          "bias": -9.49230867751628,
          "call_true": 140.73396517165696,
          "n_valid": 100,
          "nbias": -0.0674485982537212,
          "nrmse": 0.06755084117891198,
          "nstd": 0.0037152035727144885,
          "rmse": 9.50669772978913,
          "std": 0.5228553302080163
        },
        "100": {
          "bias": -3.7160784347313416,
          "call_true": 194.84786996915517,
          "n_valid": 100,
          "nbias": -0.01907169134217174,
          "nrmse": 0.021623219686808966,
          "nstd": 0.010189907701884953,
          "rmse": 4.21323829784983,
          "std": 1.9854818108945722
        }
      },
      "success_rate": 1.0,
      "t_idx": 30,
      "true_params": {
        "mu": 94.54177408894901,
        "sigma": 19.39335839449886,
        "xi": 0.05
      },
      "true_return_levels": {
        "10": 140.7339651716569,
        "100": 194.84786996915517
      }
    },
    "local": {
      "gev_params": {
        "mu": {
          "bias": -5.779888636678506,
          "call_true": 94.54177408894905,
          "n_valid": 100,
          "nbias": -0.061135817392643094,
          "nrmse": 0.0613850581453444,
          "nstd": 0.005526046981406554,
          "rmse": 5.803452299614152,
          "std": 0.5224422853210573
        },
        "sigma": {
          "bias": -1.6601859750792523,
          "call_true": 19.393358394498865,
          "n_valid": 100,
          "nbias": -0.08560590390317244,
          "nrmse": 0.0883097504093431,
          "nstd": 0.0216850463287787,
          "rmse": 1.7126226394171336,
          "std": 0.4205458752553172
        },
        "xi": {
          "bias": 0.05524860117584467,
          "call_true": 0.04999999999999999,
          "n_valid": 100,
          "nbias": 1.1049720235168936,
          "nrmse": 1.1877281589573145,
          "nstd": 0.43558582027553777,
          "rmse": 0.05938640794786571,
          "std": 0.021779291013776885
        }
      },
      "n_runs": 100,
      "pixel": [
        1,
        5
      ],
      "return_levels": {
        "10": {
          "bias": -6.92920809157878,
          "call_true": 140.73396517165696,
          "n_valid": 100,
          "nbias": -0.04923621730636979,
          "nrmse": 0.050407634643594296,
          "nstd": 0.01080391298197185,
          "rmse": 7.094066298317209,
          "std": 1.5204775133224389
        },
        "100": {
          "bias": -0.9750969894188415,
          "call_true": 194.84786996915517,
          "n_valid": 100,
          "nbias": -0.005004401585571356,
          "nrmse": 0.029802684137452972,
          "nstd": 0.029379515764680703,
          "rmse": 5.80698952354624,
          "std": 5.72453606747325
        }
      },
      "success_rate": 1.0,
      "t_idx": 30,
      "true_params": {
        "mu": 94.54177408894901,
        "sigma": 19.39335839449886,
        "xi": 0.05
      },
      "true_return_levels": {
        "10": 140.7339651716569,
        "100": 194.84786996915517
      }
    },
    "pointwise": {
      "gev_params": {
        "mu": {
          "bias": -0.14322694589770715,
          "call_true": 94.54177408894904,
          "n_valid": 97,
          "nbias": -0.0015149593634973782,
          "nrmse": 0.022269667797540017,
          "nstd": 0.022218078268377364,
          "rmse": 2.1054139019509717,
          "std": 2.1005365363395208
        },
        "sigma": {
          "bias": -0.33502520995174706,
          "call_true": 19.393358394498865,
          "n_valid": 97,
          "nbias": -0.017275254916486283,
          "nrmse": 0.09404545618544971,
          "nstd": 0.09244519131193227,
          "rmse": 1.8238572371785664,
          "std": 1.7928227269603152
        },
        "xi": {
          "bias": 0.051425251140998496,
          "call_true": 0.049999999999999996,
          "n_valid": 97,
          "nbias": 1.02850502281997,
          "nrmse": 1.8142566173077173,
          "nstd": 1.4945582931016552,
          "rmse": 0.09071283086538585,
          "std": 0.07472791465508276
        }
      },
      "n_runs": 100,
      "pixel": [
        1,
        5
      ],
      "return_levels": {
        "10": {
          "bias": 2.0584863525860073,
          "call_true": 140.73396517165696,
          "n_valid": 97,
          "nbias": 0.01462679140799605,
          "nrmse": 0.04928083569574692,
          "nstd": 0.04706015023327249,
          "rmse": 6.935487414435396,
          "std": 6.622961543902314
        },
        "100": {
          "bias": 13.640642207673116,
          "call_true": 194.8478699691552,
          "n_valid": 97,
          "nbias": 0.07000662727199664,
          "nrmse": 0.1398538640059859,
          "nstd": 0.12107095198851181,
          "rmse": 27.250227508522254,
          "std": 23.59041711009938
        }
      },
      "success_rate": 0.97,
      "t_idx": 30,
      "true_params": {
        "mu": 94.54177408894901,
        "sigma": 19.39335839449886,
        "xi": 0.05
      },
      "true_return_levels": {
        "10": 140.7339651716569,
        "100": 194.84786996915517
      }
    },
    "weighted": {
      "gev_params": {
        "mu": {
          "bias": -0.3474203749597541,
          "call_true": 94.54177408894905,
          "n_valid": 100,
          "nbias": -0.0036747816328566644,
          "nrmse": 0.007406102279032545,
          "nstd": 0.006430111267957216,
          "rmse": 0.7001860485439456,
          "std": 0.6079141268620168
        },
        "sigma": {
          "bias": 0.04060309636684714,
          "call_true": 19.393358394498865,
          "n_valid": 100,
          "nbias": 0.002093659877825217,
          "nrmse": 0.02489758633444687,
          "nstd": 0.024809401314768168,
          "rmse": 0.4828478149419054,
          "std": 0.4811376112502504
        },
        "xi": {
          "bias": 0.05663141693919897,
          "call_true": 0.04999999999999999,
          "n_valid": 100,
          "nbias": 1.1326283387839797,
          "nrmse": 1.203911784258371,
          "nstd": 0.4081135019325107,
          "rmse": 0.060195589212918545,
          "std": 0.020405675096625532
        }
      },
      "n_runs": 100,
      "pixel": [
        1,
        5
      ],
      "return_levels": {
        "10": {
          "bias": 2.906938911595048,
          "call_true": 140.73396517165696,
          "n_valid": 100,
          "nbias": 0.020655560354953244,
          "nrmse": 0.024711275707827964,