{
  "i": 4,
  "j": 8,
  "local_selector_args": {
    "include_center": true,
    "max_points": 9,
    "mode": "circle",
    "radius": null
  },
  "local_selector_points": 9,
  "location": "(4,8)",
  "location_index": 48,
  "raw_report_path": "C:\\github\\EVT_Univariate\\EVT_Classes\\SIM\\_output\\sim_results_all\\blob\\bootstrap_k100\\t_030\\runs_100\\demo_weights_k100_5c6fff0c30fb1252\\raw\\loc_048_i04_j08.json",
  "reports": {
    "full": {
      "gev_params": {
        "mu": {
          "bias": 16.02449104309082,
          "call_true": 70.0,
          "n_valid": 100,
          "nbias": 0.22892130061558313,
          "nrmse": 0.22893453047430376,
          "nstd": 0.002461172070319153,
          "rmse": 16.025417133201262,
          "std": 0.17228204492234073
        },
        "sigma": {
          "bias": 6.8500107181084475,
          "call_true": 11.000000000000002,
          "n_valid": 100,
          "nbias": 0.6227282471007679,
          "nrmse": 0.6228669176926216,
          "nstd": 0.013142580367344813,
          "rmse": 6.851536094618838,
          "std": 0.14456838404079297
        },
        "xi": {
          "bias": -0.046820398569107094,
          "call_true": 0.15,
          "n_valid": 100,
          "nbias": -0.312135990460714,
          "nrmse": 0.3161876209032193,
          "nstd": 0.05045527793548512,
          "rmse": 0.04742814313548289,
          "std": 0.007568291690322768
        }
      },
      "n_runs": 100,
      "pixel": [
        4,
        8
      ],
      "return_levels": {
        "10": {
          "bias": 31.797087234174086,
          "call_true": 99.44456742891187,
          "n_valid": 100,
          "nbias": 0.3197468504944153,
          "nrmse": 0.31979007541534155,
          "nstd": 0.005257749808793457,
          "rmse": 31.80138571773774,
          "std": 0.5228546553849094
        },
        "100": {
          "bias": 48.25604364022083,
          "call_true": 142.875745147621,
          "n_valid": 100,
          "nbias": 0.3377483252343642,
          "nrmse": 0.33803408853097355,
          "nstd": 0.013896539509825672,
          "rmse": 48.296872284159726,
          "std": 1.9854784374396988
        }
      },
      "success_rate": 1.0,
      "t_idx": 30,
      "true_params": {
        "mu": 70.0,
        "sigma": 11.000000000000002,
        "xi": 0.15000000000000002
      },
      "true_return_levels": {
        "10": 99.44456742891185,
        "100": 142.87574514762096
      }
    },
    "local": {
      "gev_params": {
        "mu": {
          "bias": 4.4560614013671875,
          "call_true": 70.0,
          "n_valid": 100,
          "nbias": 0.06365802001953125,
          "nrmse": 0.06403872677922255,
          "nstd": 0.006972446822807175,
          "rmse": 4.482710874545578,
          "std": 0.48807127759650226
        },
        "sigma": {
          "bias": 2.0324957565888404,
          "call_true": 11.000000000000002,
          "n_valid": 100,
          "nbias": 0.18477234150807637,
          "nrmse": 0.18763156786964816,
          "nstd": 0.032631075294038095,
          "rmse": 2.06394724656613,
          "std": 0.3589418282344191
        },
        "xi": {
          "bias": -0.04109045654535296,
          "call_true": 0.15,
          "n_valid": 100,
          "nbias": -0.27393637696901973,
          "nrmse": 0.32282250908767657,
          "nstd": 0.1708017381256706,
          "rmse": 0.048423376363151485,
          "std": 0.02562026071885059
        }
      },
      "n_runs": 100,
      "pixel": [
        4,
        8
      ],
      "return_levels": {
        "10": {
          "bias": 8.263187392865493,
          "call_true": 99.44456742891187,
          "n_valid": 100,
          "nbias": 0.08309340174637944,
          "nrmse": 0.08435150934307001,
          "nstd": 0.014514259012048008,
          "rmse": 8.388299358597415,
          "std": 1.4433642090043
        },
        "100": {
          "bias": 9.60039498909779,
          "call_true": 142.875745147621,
          "n_valid": 100,
          "nbias": 0.06719401518556241,
          "nrmse": 0.07691969206100271,
          "nstd": 0.037437993402450034,
          "rmse": 10.989958319741309,
          "std": 5.348981204206767
        }
      },
      "success_rate": 1.0,
      "t_idx": 30,
      "true_params": {
        "mu": 70.0,
        "sigma": 11.000000000000002,
        "xi": 0.15000000000000002
      },
      "true_return_levels": {
        "10": 99.44456742891185,
        "100": 142.87574514762096
      }
    },
    "pointwise": {
      "gev_params": {
        "mu": {
          "bias": -0.018786343661221592,
          "call_true": 70.0,
          "n_valid": 99,
          "nbias": -0.0002683763380174513,
          "nrmse": 0.01970983136320774,
          "nstd": 0.01970800412287555,
          "rmse": 1.3796881954245417,
          "std": 1.3795602886012885
        },
        "sigma": {
          "bias": -0.020916237140993603,
          "call_true": 11.000000000000002,
          "n_valid": 99,
          "nbias": -0.001901476103726691,
          "nrmse": 0.07550805129153061,
          "nstd": 0.07548410560158592,
          "rmse": 0.8305885642068368,
          "std": 0.8303251616174452
        },
        "xi": {
          "bias": -0.056658225307109414,
          "call_true": 0.15,
          "n_valid": 99,
          "nbias": -0.37772150204739613,
          "nrmse": 0.7221569065341658,
          "nstd": 0.6154974122984229,
          "rmse": 0.10832353598012485,
          "std": 0.09232461184476343
        }
      },
      "n_runs": 100,
      "pixel": [
        4,
        8
      ],
      "return_levels": {
        "10": {
          "bias": -1.7910767266006549,
          "call_true": 99.44456742891187,
          "n_valid": 99,
          "nbias": -0.018010805144092052,
          "nrmse": 0.040803896246648784,
          "nstd": 0.03661377946851193,
          "rmse": 4.057725811662189,
          "std": 3.6410414611837436
        },
        "100": {
          "bias": -7.805505936047215,
          "call_true": 142.875745147621,
          "n_valid": 99,
          "nbias": -0.05463142766452395,
          "nrmse": 0.11975948255459558,
          "nstd": 0.10657270181937009,
          "rmse": 17.11072530848136,
          "std": 15.226654184837725
        }
      },
      "success_rate": 0.99,
      "t_idx": 30,
      "true_params": {
        "mu": 70.0,
        "sigma": 11.000000000000002,
        "xi": 0.15000000000000002
      },
      "true_return_levels": {
        "10": 99.44456742891185,
        "100": 142.87574514762096
      }
    },
    "weighted": {
      "gev_params": {
        "mu": {
          "bias": 2.5753794860839845,
          "call_true": 70.0,
          "n_valid": 100,
          "nbias": 0.03679113551548549,
          "nrmse": 0.03753462848057885,
          "nstd": 0.0074337529321509875,
          "rmse": 2.6274239936405195,
          "std": 0.5203627052505692
        },
        "sigma": {
          "bias": 1.0134547243058591,
          "call_true": 11.000000000000002,
          "n_valid": 100,
          "nbias": 0.092132247664169,
          "nrmse": 0.09686067611505632,
          "nstd": 0.029893804003740764,
          "rmse": 1.0654674372656197,
          "std": 0.32883184404114846
        },
        "xi": {
          "bias": -0.04624315686523918,
          "call_true": 0.15,
          "n_valid": 100,
          "nbias": -0.30828771243492786,
          "nrmse": 0.35590851919838945,
          "nstd": 0.17784701403068207,
          "rmse": 0.053386277879758415,
          "std": 0.02667705210460231
        }
      },
      "n_runs": 100,
      "pixel": [
        4,
        8
      ],
      "return_levels": {
        "10": {
          "bias": 3.5984353481877567,
          "call_true": 99.44456742891187,
          "n_valid": 100,
          "nbias": 0.03618533863863509,
          "nrmse": 0.038299911897871484,
          "nstd": 0.012550080437671331,
          "rmse": 3.808718171249265,
          "std": 1.2480373203222745
        },