{
  "i": 7,
  "j": 2,
  "local_selector_args": {
    "include_center": true,
    "max_points": 36,
    "mode": "circle",
    "radius": null
  },
  "local_selector_points": 36,
  "location": "(7,2)",
  "location_index": 72,
  "raw_report_path": "C:\\github\\EVT_Univariate\\EVT_Classes\\SIM\\_output\\sim_results_all\\blob\\bootstrap_k100\\t_030\\runs_100\\demo_weights_k100_5c6fff0c30fb1252\\raw\\loc_072_i07_j02.json",
  "reports": {
    "full": {
      "gev_params": {
        "mu": {
          "bias": -4.790054813473985,
          "call_true": 90.81454585656482,
          "n_valid": 100,
          "nbias": -0.0527454579912731,
          "nrmse": 0.052779562654025586,
          "nstd": 0.0018970754442184632,
          "rmse": 4.793152012933443,
          "std": 0.1722820449223407
        },
        "sigma": {
          "bias": 0.05686344286664149,
          "call_true": 17.793147275241807,
          "n_valid": 100,
          "nbias": 0.0031958057777537684,
          "nrmse": 0.008730861544778225,
          "nstd": 0.008124947307211465,
          "rmse": 0.15534950530598415,
          "std": 0.14456838404079295
        },
        "xi": {
          "bias": -0.046820398569107094,
          "call_true": 0.15,
          "n_valid": 100,
          "nbias": -0.312135990460714,
          "nrmse": 0.3161876209032193,
          "nstd": 0.05045527793548512,
          "rmse": 0.04742814313548289,
          "std": 0.007568291690322768
        }
      },
      "n_runs": 100,
      "pixel": [
        7,
        2
      ],
      "return_levels": {
        "10": {
          "bias": -7.201211622425831,
          "call_true": 138.4428662855118,
          "n_valid": 100,
          "nbias": -0.05201576517185592,
          "nrmse": 0.0521526907449482,
          "nstd": 0.0037766818140461075,
          "rmse": 7.220167991232513,
          "std": 0.5228546553849094
        },
        "100": {
          "bias": -17.56356308732373,
          "call_true": 208.6953518751655,
          "n_valid": 100,
          "nbias": -0.08415886089226203,
          "nrmse": 0.08469489702646936,
          "nstd": 0.009513764535720684,
          "rmse": 17.675431336969933,
          "std": 1.9854784374396988
        }
      },
      "success_rate": 1.0,
      "t_idx": 30,
      "true_params": {
        "mu": 90.8145458565648,
        "sigma": 17.793147275241807,
        "xi": 0.15000000000000002
      },
      "true_return_levels": {
        "10": 138.44286628551177,
        "100": 208.69535187516553
      }
    },
    "local": {
      "gev_params": {
        "mu": {
          "bias": -4.344866596310899,
          "call_true": 90.81454585656482,
          "n_valid": 100,
          "nbias": -0.04784328936879021,
          "nrmse": 0.04797604544932492,
          "nstd": 0.0035665949209148654,
          "rmse": 4.356922779474356,
          "std": 0.3238986979972142
        },
        "sigma": {
          "bias": -0.7977230191711837,
          "call_true": 17.793147275241807,
          "n_valid": 100,
          "nbias": -0.04483316002679142,
          "nrmse": 0.04662614568404147,
          "nstd": 0.012805671531066643,
          "rmse": 0.82962587703303,
          "std": 0.22785319951064004
        },
        "xi": {
          "bias": -0.044641035497188605,
          "call_true": 0.15,
          "n_valid": 100,
          "nbias": -0.2976069033145907,
          "nrmse": 0.31024298429616465,
          "nstd": 0.08764040394983448,
          "rmse": 0.046536447644424696,
          "std": 0.013146060592475172
        }
      },
      "n_runs": 100,
      "pixel": [
        7,
        2
      ],
      "return_levels": {
        "10": {
          "bias": -8.808135221668994,
          "call_true": 138.4428662855118,
          "n_valid": 100,
          "nbias": -0.0636228897739224,
          "nrmse": 0.0639126291036928,
          "nstd": 0.006078820260668995,
          "rmse": 8.848247564958053,
          "std": 0.8415693005214576
        },
        "100": {
          "bias": -21.569109809735846,
          "call_true": 208.6953518751655,
          "n_valid": 100,
          "nbias": -0.1033521332216242,
          "nrmse": 0.10448665704027194,
          "nstd": 0.015355717436546538,
          "rmse": 21.80587965727929,
          "std": 3.204666853715694
        }
      },
      "success_rate": 1.0,
      "t_idx": 30,
      "true_params": {
        "mu": 90.8145458565648,
        "sigma": 17.793147275241807,
        "xi": 0.15000000000000002
      },
      "true_return_levels": {
        "10": 138.44286628551177,
        "100": 208.69535187516553
      }
    },
    "pointwise": {
      "gev_params": {
        "mu": {
          "bias": 0.24571272471843908,
          "call_true": 90.8145458565648,
          "n_valid": 94,
          "nbias": 0.002705653839931381,
          "nrmse": 0.024675284139248525,
          "nstd": 0.024526497602615716,
          "rmse": 2.2408747229875514,
          "std": 2.2273627412336716
        },
        "sigma": {
          "bias": 0.022960830796902906,
          "call_true": 17.79314727524181,
          "n_valid": 94,
          "nbias": 0.0012904311104563072,
          "nrmse": 0.09282767768861123,
          "nstd": 0.09281870788052297,
          "rmse": 1.651696540332138,
          "std": 1.651536939215793
        },
        "xi": {
          "bias": -0.04680115725755934,
          "call_true": 0.15000000000000002,
          "n_valid": 94,
          "nbias": -0.31200771505039554,
          "nrmse": 0.6625742194606282,
          "nstd": 0.5845132864553996,
          "rmse": 0.09938613291909425,
          "std": 0.08767699296830996
        }
      },
      "n_runs": 100,
      "pixel": [
        7,
        2
      ],
      "return_levels": {
        "10": {
          "bias": -2.043826387998887,
          "call_true": 138.44286628551177,
          "n_valid": 94,
          "nbias": -0.014762959210797387,
          "nrmse": 0.04606591039078254,
          "nstd": 0.043636259412006655,
          "rmse": 6.377496672551475,
          "std": 6.041128826976342
        },
        "100": {
          "bias": -10.053671908462155,
          "call_true": 208.6953518751655,
          "n_valid": 94,
          "nbias": -0.048173913880343255,
          "nrmse": 0.12171482939232747,
          "nstd": 0.11177555061574358,
          "rmse": 25.401319148457517,
          "std": 23.327037866792978
        }
      },
      "success_rate": 0.94,
      "t_idx": 30,
      "true_params": {
        "mu": 90.8145458565648,
        "sigma": 17.793147275241807,
        "xi": 0.15000000000000002
      },
      "true_return_levels": {
        "10": 138.44286628551177,
        "100": 208.69535187516553
      }
    },
    "weighted": {
      "gev_params": {
        "mu": {
          "bias": -1.9366787300999613,
          "call_true": 90.81454585656482,
          "n_valid": 100,
          "nbias": -0.021325644607184502,
          "nrmse": 0.021646443804195652,
          "nstd": 0.0037128710530077227,
          "rmse": 1.9658119634876796,
          "std": 0.33718269850288196
        },
        "sigma": {
          "bias": -0.35991082026593946,
          "call_true": 17.793147275241807,
          "n_valid": 100,
          "nbias": -0.020227496276992867,
          "nrmse": 0.024592854612799586,
          "nstd": 0.013987740788652663,
          "rmse": 0.4375842840441529,
          "std": 0.2488859319004038
        },
        "xi": {
          "bias": -0.044319907873868976,
          "call_true": 0.15,
          "n_valid": 100,
          "nbias": -0.29546605249245983,
          "nrmse": 0.309596585540221,
          "nstd": 0.09246544004484251,
          "rmse": 0.04643948783103315,
          "std": 0.013869816006726376
        }
      },
      "n_runs": 100,
      "pixel": [
        7,
        2
      ],
      "return_levels": {
        "10": {
          "bias": -5.270962598988331,
          "call_true": 138.4428662855118,
          "n_valid": 100,
          "nbias": -0.03807319756092007,