{
  "i": 5,
  "j": 1,
  "local_selector_args": {
    "include_center": true,
    "max_points": 36,
    "mode": "circle",
    "radius": null
  },
  "local_selector_points": 36,
  "location": "(5,1)",
  "location_index": 51,
  "raw_report_path": "C:\\github\\EVT_Univariate\\EVT_Classes\\SIM\\_output\\sim_results_all\\blob\\bootstrap_k100\\t_030\\runs_100\\demo_weights_k100_5c6fff0c30fb1252\\raw\\loc_051_i05_j01.json",
  "reports": {
    "full": {
      "gev_params": {
        "mu": {
          "bias": -3.0845372712944936,
          "call_true": 89.10902831438534,
          "n_valid": 100,
          "nbias": -0.03461531709684843,
          "nrmse": 0.03466926815892424,
          "nstd": 0.0019333848452988721,
          "rmse": 3.089344798012598,
          "std": 0.17228204492234073
        },
        "sigma": {
          "bias": 0.7443819664247456,
          "call_true": 17.1056287516837,
          "n_valid": 100,
          "nbias": 0.04351678486834203,
          "nrmse": 0.04432988358034488,
          "nstd": 0.008451509508328547,
          "rmse": 0.7582905311307385,
          "std": 0.14456838404079297
        },
        "xi": {
          "bias": -0.046820398569107094,
          "call_true": 0.15,
          "n_valid": 100,
          "nbias": -0.312135990460714,
          "nrmse": 0.3161876209032193,
          "nstd": 0.05045527793548512,
          "rmse": 0.04742814313548289,
          "std": 0.007568291690322768
        }
      },
      "n_runs": 100,
      "pixel": [
        5,
        1
      ],
      "return_levels": {
        "10": {
          "bias": -3.6553590324706717,
          "call_true": 134.89701369555655,
          "n_valid": 100,
          "nbias": -0.02709740514137918,
          "nrmse": 0.027373205637079345,
          "nstd": 0.00387595426363491,
          "rmse": 3.692563695716378,
          "std": 0.5228546553849093
        },
        "100": {
          "bias": -11.303188753590694,
          "call_true": 202.43497754143257,
          "n_valid": 100,
          "nbias": -0.05583614497290746,
          "nrmse": 0.05669101850430417,
          "nstd": 0.009807981118447422,
          "rmse": 11.476245057719753,
          "std": 1.9854784374396988
        }
      },
      "success_rate": 1.0,
      "t_idx": 30,
      "true_params": {
        "mu": 89.10902831438531,
        "sigma": 17.105628751683703,
        "xi": 0.15000000000000002
      },
      "true_return_levels": {
        "10": 134.8970136955566,
        "100": 202.4349775414325
      }
    },
    "local": {
      "gev_params": {
        "mu": {
          "bias": -0.9201374757622659,
          "call_true": 89.10902831438534,
          "n_valid": 100,
          "nbias": -0.010325973620943674,
          "nrmse": 0.01093306963767762,
          "nstd": 0.0035925312081989762,
          "rmse": 0.9742352119069616,
          "std": 0.32012696515171557
        },
        "sigma": {
          "bias": 0.6390052483491605,
          "call_true": 17.1056287516837,
          "n_valid": 100,
          "nbias": 0.037356431477928775,
          "nrmse": 0.039947093928446656,
          "nstd": 0.014151584383486928,
          "rmse": 0.6833201584486465,
          "std": 0.24207174871205203
        },
        "xi": {
          "bias": -0.04205782018601898,
          "call_true": 0.15,
          "n_valid": 100,
          "nbias": -0.2803854679067932,
          "nrmse": 0.29069832486680597,
          "nstd": 0.07674311348294197,
          "rmse": 0.04360474873002089,
          "std": 0.011511467022441295
        }
      },
      "n_runs": 100,
      "pixel": [
        5,
        1
      ],
      "return_levels": {
        "10": {
          "bias": -1.5036001518554372,
          "call_true": 134.89701369555655,
          "n_valid": 100,
          "nbias": -0.011146281972178047,
          "nrmse": 0.013114812462300481,
          "nstd": 0.006910767259719479,
          "rmse": 1.7691490363416038,
          "std": 0.9322418656811824
        },
        "100": {
          "bias": -8.482719698414913,
          "call_true": 202.43497754143257,
          "n_valid": 100,
          "nbias": -0.04190342895006248,
          "nrmse": 0.04491327031746084,
          "nstd": 0.01616491549116097,
          "rmse": 9.092016868027475,
          "std": 3.272344304412327
        }
      },
      "success_rate": 1.0,
      "t_idx": 30,
      "true_params": {
        "mu": 89.10902831438531,
        "sigma": 17.105628751683703,
        "xi": 0.15000000000000002
      },
      "true_return_levels": {
        "10": 134.8970136955566,
        "100": 202.4349775414325
      }
    },
    "pointwise": {
      "gev_params": {
        "mu": {
          "bias": -0.12504026773919463,
          "call_true": 89.10902831438533,
          "n_valid": 96,
          "nbias": -0.0014032278221914889,
          "nrmse": 0.02154654738839649,
          "nstd": 0.02150080593930012,
          "rmse": 1.9199919013098683,
          "std": 1.915915925227199
        },
        "sigma": {
          "bias": -0.031150570940046324,
          "call_true": 17.1056287516837,
          "n_valid": 96,
          "nbias": -0.001821071379032483,
          "nrmse": 0.08940039361584715,
          "nstd": 0.0893818442285729,
          "rmse": 1.5292499434470748,
          "std": 1.5289326445147904
        },
        "xi": {
          "bias": -0.0538229994136297,
          "call_true": 0.15,
          "n_valid": 96,
          "nbias": -0.3588199960908647,
          "nrmse": 0.6393613657422295,
          "nstd": 0.5291797108819657,
          "rmse": 0.09590420486133441,
          "std": 0.07937695663229485
        }
      },
      "n_runs": 100,
      "pixel": [
        5,
        1
      ],
      "return_levels": {
        "10": {
          "bias": -2.8660613214161876,
          "call_true": 134.89701369555658,
          "n_valid": 96,
          "nbias": -0.02124629184071103,
          "nrmse": 0.043389047818253104,
          "nstd": 0.03783126423467752,
          "rmse": 5.8530529777760485,
          "std": 5.103324569585513
        },
        "100": {
          "bias": -12.650434662963656,
          "call_true": 202.43497754143252,
          "n_valid": 96,
          "nbias": -0.06249134816820123,
          "nrmse": 0.11356210326580908,
          "nstd": 0.09482184717814213,
          "rmse": 22.988941824171903,
          "std": 19.19525850394435
        }
      },
      "success_rate": 0.96,
      "t_idx": 30,
      "true_params": {
        "mu": 89.10902831438531,
        "sigma": 17.105628751683703,
        "xi": 0.15000000000000002
      },
      "true_return_levels": {
        "10": 134.8970136955566,
        "100": 202.4349775414325
      }
    },
    "weighted": {
      "gev_params": {
        "mu": {
          "bias": -0.34799331072320344,
          "call_true": 89.10902831438534,
          "n_valid": 100,
          "nbias": -0.0039052531186340527,
          "nrmse": 0.0052539505549027594,
          "nstd": 0.003514682704421839,
          "rmse": 0.46817442875921056,
          "std": 0.31318996062440607
        },
        "sigma": {
          "bias": 0.26530929281406196,
          "call_true": 17.1056287516837,
          "n_valid": 100,
          "nbias": 0.01551005792686502,
          "nrmse": 0.02170361531042545,
          "nstd": 0.01518173312399562,
          "rmse": 0.37125398606949617,
          "std": 0.25969309062620827
        },
        "xi": {
          "bias": -0.04509589351713661,
          "call_true": 0.15,
          "n_valid": 100,
          "nbias": -0.30063929011424406,
          "nrmse": 0.31175490678969275,
          "nstd": 0.08250538859403954,
          "rmse": 0.04676323601845391,
          "std": 0.01237580828910593
        }
      },
      "n_runs": 100,
      "pixel": [
        5,
        1
      ],
      "return_levels": {
        "10": {
          "bias": -2.0413549736327807,
          "call_true": 134.89701369555655,
          "n_valid": 100,
          "nbias": -0.015132692101248658,
          "nrmse": 0.016501363356401535,