{
  "i": 6,
  "j": 6,
  "local_selector_args": {
    "include_center": true,
    "max_points": 15,
    "mode": "circle",
    "radius": null
  },
  "local_selector_points": 15,
  "location": "(6,6)",
  "location_index": 66,
  "raw_report_path": "C:\\github\\EVT_Univariate\\EVT_Classes\\SIM\\_output\\sim_results_all\\blob\\bootstrap_k100\\t_030\\runs_100\\demo_weights_k100_5c6fff0c30fb1252\\raw\\loc_066_i06_j06.json",
  "reports": {
    "full": {
      "gev_params": {
        "mu": {
          "bias": 13.17386674945648,
          "call_true": 72.85062429363437,
          "n_valid": 100,
          "nbias": 0.18083395821506504,
          "nrmse": 0.18084942090078437,
          "nstd": 0.002364867104335777,
          "rmse": 13.17499321576439,
          "std": 0.17228204492234073
        },
        "sigma": {
          "bias": 6.101121761942714,
          "call_true": 11.74888895616573,
          "n_valid": 100,
          "nbias": 0.5192935080674919,
          "nrmse": 0.5194392717118291,
          "nstd": 0.012304855768078778,
          "rmse": 6.102834322813879,
          "std": 0.14456838404079295
        },
        "xi": {
          "bias": -0.046820398569107094,
          "call_true": 0.15,
          "n_valid": 100,
          "nbias": -0.312135990460714,
          "nrmse": 0.3161876209032193,
          "nstd": 0.05045527793548512,
          "rmse": 0.04742814313548289,
          "std": 0.007568291690322768
        }
      },
      "n_runs": 100,
      "pixel": [
        6,
        6
      ],
      "return_levels": {
        "10": {
          "bias": 26.94185281630436,
          "call_true": 104.29980184678163,
          "n_valid": 100,
          "nbias": 0.25831163951665453,
          "nrmse": 0.2583602780123678,
          "nstd": 0.005012997590858251,
          "rmse": 26.94692580176938,
          "std": 0.5228546553849093
        },
        "100": {
          "bias": 40.44397928173179,
          "call_true": 150.68780950610994,
          "n_valid": 100,
          "nbias": 0.2683958272025443,
          "nrmse": 0.26871905367727245,
          "nstd": 0.013176105246650317,
          "rmse": 40.49268557118296,
          "std": 1.9854784374396988
        }
      },
      "success_rate": 1.0,
      "t_idx": 30,
      "true_params": {
        "mu": 72.85062429363434,
        "sigma": 11.748888956165734,
        "xi": 0.15000000000000002
      },
      "true_return_levels": {
        "10": 104.29980184678159,
        "100": 150.68780950611
      }
    },
    "local": {
      "gev_params": {
        "mu": {
          "bias": 5.0197941786557,
          "call_true": 72.85062429363437,
          "n_valid": 100,
          "nbias": 0.06890530077577284,
          "nrmse": 0.06915388750196755,
          "nstd": 0.005858300234288457,
          "rmse": 5.037903876850096,
          "std": 0.4267808293674586
        },
        "sigma": {
          "bias": 2.6858192439583974,
          "call_true": 11.74888895616573,
          "n_valid": 100,
          "nbias": 0.22860197708728017,
          "nrmse": 0.2303106681496075,
          "nstd": 0.028002498733242984,
          "rmse": 2.705894465510074,
          "std": 0.32899824811204337
        },
        "xi": {
          "bias": -0.04019162923097612,
          "call_true": 0.15,
          "n_valid": 100,
          "nbias": -0.26794419487317417,
          "nrmse": 0.29446215454824626,
          "nstd": 0.12212235215128191,
          "rmse": 0.04416932318223694,
          "std": 0.018318352822692285
        }
      },
      "n_runs": 100,
      "pixel": [
        6,
        6
      ],
      "return_levels": {
        "10": {
          "bias": 10.426751421651026,
          "call_true": 104.29980184678163,
          "n_valid": 100,
          "nbias": 0.09996904344044795,
          "nrmse": 0.10060243007753503,
          "nstd": 0.011271170795758288,
          "rmse": 10.492813522391607,
          "std": 1.1755808805788215
        },
        "100": {
          "bias": 13.671338443108752,
          "call_true": 150.68780950610994,
          "n_valid": 100,
          "nbias": 0.09072624048300616,
          "nrmse": 0.09458460553643393,
          "nstd": 0.02673942580353111,
          "rmse": 14.252747021284707,
          "std": 4.029305501785257
        }
      },
      "success_rate": 1.0,
      "t_idx": 30,
      "true_params": {
        "mu": 72.85062429363434,
        "sigma": 11.748888956165734,
        "xi": 0.15000000000000002
      },
      "true_return_levels": {
        "10": 104.29980184678159,
        "100": 150.68780950611
      }
    },
    "pointwise": {
      "gev_params": {
        "mu": {
          "bias": -0.15129857798171983,
          "call_true": 72.85062429363437,
          "n_valid": 99,
          "nbias": -0.002076832964009894,
          "nrmse": 0.017821540717351862,
          "nstd": 0.017700115208094898,
          "rmse": 1.2983103671335077,
          "std": 1.2894644429789652
        },
        "sigma": {
          "bias": -0.02010524043589964,
          "call_true": 11.74888895616573,
          "n_valid": 99,
          "nbias": -0.0017112461025813473,
          "nrmse": 0.08121514848189729,
          "nstd": 0.08119711805053813,
          "rmse": 0.9541877610723231,
          "std": 0.9539759235364524
        },
        "xi": {
          "bias": -0.050472156764619615,
          "call_true": 0.15,
          "n_valid": 99,
          "nbias": -0.3364810450974641,
          "nrmse": 0.6442347477056438,
          "nstd": 0.5493804842197009,
          "rmse": 0.09663521215584657,
          "std": 0.08240707263295513
        }
      },
      "n_runs": 100,
      "pixel": [
        6,
        6
      ],
      "return_levels": {
        "10": {
          "bias": -1.870722078147989,
          "call_true": 104.29980184678162,
          "n_valid": 99,
          "nbias": -0.017936007979153356,
          "nrmse": 0.04070273058674002,
          "nstd": 0.036537814589661606,
          "rmse": 4.2452867348199215,
          "std": 3.810886821616152
        },
        "100": {
          "bias": -7.840477158586916,
          "call_true": 150.68780950610994,
          "n_valid": 99,
          "nbias": -0.05203126373848448,
          "nrmse": 0.11359395593101822,
          "nstd": 0.10097690041704774,
          "rmse": 17.11722439237872,
          "std": 15.215987934561523
        }
      },
      "success_rate": 0.99,
      "t_idx": 30,
      "true_params": {
        "mu": 72.85062429363434,
        "sigma": 11.748888956165734,
        "xi": 0.15000000000000002
      },
      "true_return_levels": {
        "10": 104.29980184678159,
        "100": 150.68780950611
      }
    },
    "weighted": {
      "gev_params": {
        "mu": {
          "bias": 2.3665777022152703,
          "call_true": 72.85062429363437,
          "n_valid": 100,
          "nbias": 0.03248534552945568,
          "nrmse": 0.03284700398613123,
          "nstd": 0.004860863780933984,
          "rmse": 2.392924746565157,
          "std": 0.3541169610473567
        },
        "sigma": {
          "bias": 1.0274248163763904,
          "call_true": 11.74888895616573,
          "n_valid": 100,
          "nbias": 0.087448678782278,
          "nrmse": 0.090609949252537,
          "nstd": 0.02372533419746266,
          "rmse": 1.0645662320918692,
          "std": 0.2787463169339102
        },
        "xi": {
          "bias": -0.05309418637305502,
          "call_true": 0.15,
          "n_valid": 100,
          "nbias": -0.3539612424870335,
          "nrmse": 0.37525168048218216,
          "nstd": 0.12460041140276107,
          "rmse": 0.05628775207232732,
          "std": 0.01869006171041416
        }
      },
      "n_runs": 100,
      "pixel": [
        6,
        6
      ],
      "return_levels": {
        "10": {
          "bias": 3.0525367915240738,
          "call_true": 104.29980184678163,
          "n_valid": 100,
          "nbias": 0.029266947179902678,
          "nrmse": 0.030785857797247258,
          "nstd": 0.00955064621275005,