{
  "i": 6,
  "j": 4,
  "local_selector_args": {
    "include_center": true,
    "max_points": 15,
    "mode": "circle",
    "radius": null
  },
  "local_selector_points": 15,
  "location": "(6,4)",
  "location_index": 64,
  "raw_report_path": "C:\\github\\EVT_Univariate\\EVT_Classes\\SIM\\_output\\sim_results_all\\blob\\bootstrap_k100\\t_030\\runs_100\\demo_weights_k100_5c6fff0c30fb1252\\raw\\loc_064_i06_j04.json",
  "reports": {
    "full": {
      "gev_params": {
        "mu": {
          "bias": 9.12166724814449,
          "call_true": 76.90282379494633,
          "n_valid": 100,
          "nbias": 0.11861290389630558,
          "nrmse": 0.11863405800845389,
          "nstd": 0.002240256422595268,
          "rmse": 9.123294059103571,
          "std": 0.17228204492234073
        },
        "sigma": {
          "bias": 4.947984530454334,
          "call_true": 12.90202618765412,
          "n_valid": 100,
          "nbias": 0.38350445569464386,
          "nrmse": 0.3836681138865918,
          "nstd": 0.011205091505637286,
          "rmse": 4.95009605273267,
          "std": 0.14456838404079297
        },
        "xi": {
          "bias": -0.046820398569107094,
          "call_true": 0.15,
          "n_valid": 100,
          "nbias": -0.312135990460714,
          "nrmse": 0.3161876209032193,
          "nstd": 0.05045527793548512,
          "rmse": 0.04742814313548289,
          "std": 0.007568291690322768
        }
      },
      "n_runs": 100,
      "pixel": [
        6,
        4
      ],
      "return_levels": {
        "10": {
          "bias": 19.802959954324322,
          "call_true": 111.43869470876167,
          "n_valid": 100,
          "nbias": 0.1777027271010143,
          "nrmse": 0.1777646555451339,
          "nstd": 0.004691859113671051,
          "rmse": 19.809861179302356,
          "std": 0.5228546553849094
        },
        "100": {
          "bias": 28.752167507494306,
          "call_true": 162.37962128034752,
          "n_valid": 100,
          "nbias": 0.1770675857030966,
          "nrmse": 0.17748926416721986,
          "nstd": 0.012227386797582077,
          "rmse": 28.820639496800716,
          "std": 1.9854784374396988
        }
      },
      "success_rate": 1.0,
      "t_idx": 30,
      "true_params": {
        "mu": 76.90282379494633,
        "sigma": 12.902026187654116,
        "xi": 0.15000000000000002
      },
      "true_return_levels": {
        "10": 111.43869470876162,
        "100": 162.3796212803475
      }
    },
    "local": {
      "gev_params": {
        "mu": {
          "bias": 5.059603115454061,
          "call_true": 76.90282379494633,
          "n_valid": 100,
          "nbias": 0.06579216296328709,
          "nrmse": 0.06600418855318839,
          "nstd": 0.005286227310390311,
          "rmse": 5.07590848203426,
          "std": 0.40652580739097915
        },
        "sigma": {
          "bias": 2.6485349122306308,
          "call_true": 12.90202618765412,
          "n_valid": 100,
          "nbias": 0.20528054072351828,
          "nrmse": 0.20695390707300806,
          "nstd": 0.026264410388264835,
          "rmse": 2.670124728693287,
          "std": 0.3388641106326878
        },
        "xi": {
          "bias": -0.04681534543633464,
          "call_true": 0.15,
          "n_valid": 100,
          "nbias": -0.3121023029088976,
          "nrmse": 0.34040027570787534,
          "nstd": 0.13588414263982496,
          "rmse": 0.0510600413561813,
          "std": 0.020382621395973743
        }
      },
      "n_runs": 100,
      "pixel": [
        6,
        4
      ],
      "return_levels": {
        "10": {
          "bias": 9.925264870706155,
          "call_true": 111.43869470876167,
          "n_valid": 100,
          "nbias": 0.08906479833279847,
          "nrmse": 0.08979199846390487,
          "nstd": 0.01140459057046021,
          "rmse": 10.006303104108692,
          "std": 1.2709126868599374
        },
        "100": {
          "bias": 11.264095150316571,
          "call_true": 162.37962128034752,
          "n_valid": 100,
          "nbias": 0.06936889654933467,
          "nrmse": 0.07517432295766327,
          "nstd": 0.028967827389550015,
          "rmse": 12.206778091871897,
          "std": 4.703784840829609
        }
      },
      "success_rate": 1.0,
      "t_idx": 30,
      "true_params": {
        "mu": 76.90282379494633,
        "sigma": 12.902026187654116,
        "xi": 0.15000000000000002
      },
      "true_return_levels": {
        "10": 111.43869470876162,
        "100": 162.3796212803475
      }
    },
    "pointwise": {
      "gev_params": {
        "mu": {
          "bias": -0.06622161284701547,
          "call_true": 76.90282379494634,
          "n_valid": 99,
          "nbias": -0.0008611076886277772,
          "nrmse": 0.018357668027015772,
          "nstd": 0.018337460809466053,
          "rmse": 1.4117565095677143,
          "std": 1.410202517477102
        },
        "sigma": {
          "bias": -0.34926546408395104,
          "call_true": 12.902026187654117,
          "n_valid": 99,
          "nbias": -0.027070590231646048,
          "nrmse": 0.0862731151225445,
          "nstd": 0.08191601514635663,
          "rmse": 1.1130979906015677,
          "std": 1.0568825726065645
        },
        "xi": {
          "bias": -0.06007249347037742,
          "call_true": 0.15,
          "n_valid": 99,
          "nbias": -0.4004832898025162,
          "nrmse": 0.6472229954484744,
          "nstd": 0.508439515012602,
          "rmse": 0.09708344931727116,
          "std": 0.0762659272518903
        }
      },
      "n_runs": 100,
      "pixel": [
        6,
        4
      ],
      "return_levels": {
        "10": {
          "bias": -3.2037242306652223,
          "call_true": 111.43869470876166,
          "n_valid": 99,
          "nbias": -0.028748759477468425,
          "nrmse": 0.043723584274335904,
          "nstd": 0.032943294466425535,
          "rmse": 4.872499159520531,
          "std": 3.6711577347448325
        },
        "100": {
          "bias": -12.718914712101556,
          "call_true": 162.3796212803475,
          "n_valid": 99,
          "nbias": -0.07832826934694238,
          "nrmse": 0.1143646873872976,
          "nstd": 0.08333045027063729,
          "rmse": 18.57049462579472,
          "std": 13.531166956066913
        }
      },
      "success_rate": 0.99,
      "t_idx": 30,
      "true_params": {
        "mu": 76.90282379494633,
        "sigma": 12.902026187654116,
        "xi": 0.15000000000000002
      },
      "true_return_levels": {
        "10": 111.43869470876162,
        "100": 162.3796212803475
      }
    },
    "weighted": {
      "gev_params": {
        "mu": {
          "bias": 0.04595428122554608,
          "call_true": 76.90282379494633,
          "n_valid": 100,
          "nbias": 0.0005975629886891873,
          "nrmse": 0.004772577010232238,
          "nstd": 0.004735019513491591,
          "rmse": 0.3670246488657016,
          "std": 0.3641363713116763
        },
        "sigma": {
          "bias": 0.388804028914438,
          "call_true": 12.90202618765412,
          "n_valid": 100,
          "nbias": 0.030135113916175627,
          "nrmse": 0.03721473339162892,
          "nstd": 0.02183600903711892,
          "rmse": 0.4801454647853625,
          "std": 0.2817287604307603
        },
        "xi": {
          "bias": -0.052628727629780804,
          "call_true": 0.15,
          "n_valid": 100,
          "nbias": -0.3508581841985387,
          "nrmse": 0.37206431241966925,
          "nstd": 0.12381594064265564,
          "rmse": 0.05580964686295039,
          "std": 0.018572391096398345
        }
      },
      "n_runs": 100,
      "pixel": [
        6,
        4
      ],
      "return_levels": {
        "10": {
          "bias": -1.042727606710835,
          "call_true": 111.43869470876167,
          "n_valid": 100,
          "nbias": -0.009356961775583796,
          "nrmse": 0.013025786837438791,