{
  "i": 9,
  "j": 9,
  "local_selector_args": {
    "include_center": true,
    "max_points": 10,
    "mode": "circle",
    "radius": null
  },
  "local_selector_points": 10,
  "location": "(9,9)",
  "location_index": 99,
  "raw_report_path": "C:\\github\\EVT_Univariate\\EVT_Classes\\SIM\\_output\\sim_results_all\\blob\\bootstrap_k100\\t_030\\runs_100\\demo_weights_k100_5c6fff0c30fb1252\\raw\\loc_099_i09_j09.json",
  "reports": {
    "full": {
      "gev_params": {
        "mu": {
          "bias": -8.364843534032971,
          "call_true": 94.38933457712375,
          "n_valid": 100,
          "nbias": -0.08862064312147698,
          "nrmse": 0.08863943729555923,
          "nstd": 0.001825227878702464,
          "rmse": 8.36661750361852,
          "std": 0.17228204492234073
        },
        "sigma": {
          "bias": -1.4751624653383157,
          "call_true": 19.32517318344677,
          "n_valid": 100,
          "nbias": -0.07633372551620317,
          "nrmse": 0.07669941659753854,
          "nstd": 0.007480832521833486,
          "rmse": 1.4822295088167636,
          "std": 0.14456838404079295
        },
        "xi": {
          "bias": -0.046820398569107094,
          "call_true": 0.15,
          "n_valid": 100,
          "nbias": -0.312135990460714,
          "nrmse": 0.3161876209032193,
          "nstd": 0.05045527793548512,
          "rmse": 0.04742814313548289,
          "std": 0.007568291690322768
        }
      },
      "n_runs": 100,
      "pixel": [
        9,
        9
      ],
      "return_levels": {
        "10": {
          "bias": -14.876894902710346,
          "call_true": 146.11854956579623,
          "n_valid": 100,
          "nbias": -0.10181386926518442,
          "nrmse": 0.1018767301177851,
          "nstd": 0.003578290757324218,
          "rmse": 14.886080039316827,
          "std": 0.5228546553849093
        },
        "100": {
          "bias": -31.28812723023697,
          "call_true": 222.4199160180788,
          "n_valid": 100,
          "nbias": -0.14067142812738856,
          "nrmse": 0.14095437868626415,
          "nstd": 0.008926711568753198,
          "rmse": 31.351061069779348,
          "std": 1.9854784374396988
        }
      },
      "success_rate": 1.0,
      "t_idx": 30,
      "true_params": {
        "mu": 94.38933457712379,
        "sigma": 19.325173183446765,
        "xi": 0.15000000000000002
      },
      "true_return_levels": {
        "10": 146.1185495657963,
        "100": 222.41991601807877
      }
    },
    "local": {
      "gev_params": {
        "mu": {
          "bias": 0.012244326074451806,
          "call_true": 94.38933457712375,
          "n_valid": 100,
          "nbias": 0.0001297215000964669,
          "nrmse": 0.007185670901279119,
          "nstd": 0.007184499887528858,
          "rmse": 0.6782506948619371,
          "std": 0.6781401636532693
        },
        "sigma": {
          "bias": 0.15048453162140243,
          "call_true": 19.32517318344677,
          "n_valid": 100,
          "nbias": 0.0077869693685488905,
          "nrmse": 0.028623132570895774,
          "nstd": 0.027543544184152405,
          "rmse": 0.5531469939853167,
          "std": 0.5322837614446633
        },
        "xi": {
          "bias": -0.045095274075865784,
          "call_true": 0.15,
          "n_valid": 100,
          "nbias": -0.3006351605057719,
          "nrmse": 0.3379339994789289,
          "nstd": 0.15433045153660868,
          "rmse": 0.05069009992183933,
          "std": 0.023149567730491302
        }
      },
      "n_runs": 100,
      "pixel": [
        9,
        9
      ],
      "return_levels": {
        "10": {
          "bias": -2.26280829382363,
          "call_true": 146.11854956579623,
          "n_valid": 100,
          "nbias": -0.015486112478858834,
          "nrmse": 0.02064972298715761,
          "nstd": 0.013659845523961028,
          "rmse": 3.017307571818951,
          "std": 1.9959568152540192
        },
        "100": {
          "bias": -12.637916964123688,
          "call_true": 222.4199160180788,
          "n_valid": 100,
          "nbias": -0.056820077942554614,
          "nrmse": 0.0651282824156365,
          "nstd": 0.03183036149673647,
          "rmse": 14.485827105287585,
          "std": 7.0797063309292145
        }
      },
      "success_rate": 1.0,
      "t_idx": 30,
      "true_params": {
        "mu": 94.38933457712379,
        "sigma": 19.325173183446765,
        "xi": 0.15000000000000002
      },
      "true_return_levels": {
        "10": 146.1185495657963,
        "100": 222.41991601807877
      }
    },
    "pointwise": {
      "gev_params": {
        "mu": {
          "bias": 0.21901284361681883,
          "call_true": 94.38933457712376,
          "n_valid": 99,
          "nbias": 0.0023203134612403433,
          "nrmse": 0.025762308532481088,
          "nstd": 0.02565760484465249,
          "rmse": 2.4316871595514478,
          "std": 2.4218042481295354
        },
        "sigma": {
          "bias": -0.28138836471297657,
          "call_true": 19.32517318344677,
          "n_valid": 99,
          "nbias": -0.014560716327965613,
          "nrmse": 0.08980526942947215,
          "nstd": 0.08861699587165321,
          "rmse": 1.735502384510647,
          "std": 1.7125387922164856
        },
        "xi": {
          "bias": -0.04160818386954644,
          "call_true": 0.15,
          "n_valid": 99,
          "nbias": -0.277387892463643,
          "nrmse": 0.6240780640414608,
          "nstd": 0.5590432784072411,
          "rmse": 0.09361170960621912,
          "std": 0.08385649176108616
        }
      },
      "n_runs": 100,
      "pixel": [
        9,
        9
      ],
      "return_levels": {
        "10": {
          "bias": -2.73441718054238,
          "call_true": 146.11854956579623,
          "n_valid": 99,
          "nbias": -0.01871368959429131,
          "nrmse": 0.049912996926196385,
          "nstd": 0.04627207671936719,
          "rmse": 7.293214715337862,
          "std": 6.761208735631181
        },
        "100": {
          "bias": -11.304358280053986,
          "call_true": 222.4199160180788,
          "n_valid": 99,
          "nbias": -0.05082439775372967,
          "nrmse": 0.1257454016760341,
          "nstd": 0.11501646245489314,
          "rmse": 27.968281680443088,
          "std": 25.581951919913845
        }
      },
      "success_rate": 0.99,
      "t_idx": 30,
      "true_params": {
        "mu": 94.38933457712379,
        "sigma": 19.325173183446765,
        "xi": 0.15000000000000002
      },
      "true_return_levels": {
        "10": 146.1185495657963,
        "100": 222.41991601807877
      }
    },
    "weighted": {
      "gev_params": {
        "mu": {
          "bias": 0.5251073326662486,
          "call_true": 94.38933457712375,
          "n_valid": 100,
          "nbias": 0.005563206214121505,
          "nrmse": 0.009416460303301545,
          "nstd": 0.007597398321979288,
          "rmse": 0.8888134221005337,
          "std": 0.7171133721289815
        },
        "sigma": {
          "bias": 0.3452674174695881,
          "call_true": 19.32517318344677,
          "n_valid": 100,
          "nbias": 0.017866200431535147,
          "nrmse": 0.034356750509186934,
          "nstd": 0.02934595692238933,
          "rmse": 0.6639501536105105,
          "std": 0.5671156997591423
        },
        "xi": {
          "bias": -0.045098738782107864,
          "call_true": 0.15,
          "n_valid": 100,
          "nbias": -0.30065825854738576,
          "nrmse": 0.3391764734342744,
          "nstd": 0.15698818967860112,
          "rmse": 0.05087647101514115,
          "std": 0.023548228451790165
        }
      },
      "n_runs": 100,
      "pixel": [
        9,
        9
      ],
      "return_levels": {
        "10": {
          "bias": -1.252205571655661,
          "call_true": 146.11854956579623,
          "n_valid": 100,
          "nbias": -0.008569791962599526,
          "nrmse": 0.017330423400947443,