{
  "i": 8,
  "j": 0,
  "local_selector_args": {
    "include_center": true,
    "max_points": 21,
    "mode": "circle",
    "radius": null
  },
  "local_selector_points": 21,
  "location": "(8,0)",
  "location_index": 80,
  "raw_report_path": "C:\\github\\EVT_Univariate\\EVT_Classes\\SIM\\_output\\sim_results_all\\blob\\bootstrap_k100\\t_030\\runs_100\\demo_weights_k100_5c6fff0c30fb1252\\raw\\loc_080_i08_j00.json",
  "reports": {
    "full": {
      "gev_params": {
        "mu": {
          "bias": -4.451637102544367,
          "call_true": 90.47612814563519,
          "n_valid": 100,
          "nbias": -0.04920233871390667,
          "nrmse": 0.04923917143077479,
          "nstd": 0.0019041712820096186,
          "rmse": 4.454969584155679,
          "std": 0.1722820449223407
        },
        "sigma": {
          "bias": 0.19544750007024672,
          "call_true": 17.6545632180382,
          "n_valid": 100,
          "nbias": 0.01107065055399117,
          "nrmse": 0.013770059555386018,
          "nstd": 0.008188726181176947,
          "rmse": 0.2431043869367134,
          "std": 0.14456838404079295
        },
        "xi": {
          "bias": 0.053179601430892946,
          "call_true": 0.04999999999999999,
          "n_valid": 100,
          "nbias": 1.063592028617859,
          "nrmse": 1.0743089029619817,
          "nstd": 0.1513658338064554,
          "rmse": 0.05371544514809907,
          "std": 0.007568291690322769
        }
      },
      "n_runs": 100,
      "pixel": [
        8,
        0
      ],
      "return_levels": {
        "10": {
          "bias": -1.2851044800505929,
          "call_true": 132.52675914313656,
          "n_valid": 100,
          "nbias": -0.00969694338229916,
          "nrmse": 0.01046880673526847,
          "nstd": 0.00394527609944944,
          "rmse": 1.3873970287209703,
          "std": 0.5228546553849093
        },
        "100": {
          "bias": 9.34294033616487,
          "call_true": 181.78884845167696,
          "n_valid": 100,
          "nbias": 0.051394463498394445,
          "nrmse": 0.052542160550665476,
          "nstd": 0.010921893473391344,
          "rmse": 9.551578861668606,
          "std": 1.9854784374396988
        }
      },
      "success_rate": 1.0,
      "t_idx": 30,
      "true_params": {
        "mu": 90.47612814563519,
        "sigma": 17.654563218038202,
        "xi": 0.05
      },
      "true_return_levels": {
        "10": 132.52675914313653,
        "100": 181.78884845167693
      }
    },
    "local": {
      "gev_params": {
        "mu": {
          "bias": -2.5696286644340147,
          "call_true": 90.47612814563519,
          "n_valid": 100,
          "nbias": -0.028401178488736873,
          "nrmse": 0.028785906424890498,
          "nstd": 0.004690572369494141,
          "rmse": 2.604437358486656,
          "std": 0.4243848267787275
        },
        "sigma": {
          "bias": -0.49727407651728966,
          "call_true": 17.6545632180382,
          "n_valid": 100,
          "nbias": -0.02816688639508282,
          "nrmse": 0.033269041532397854,
          "nstd": 0.017704678344745817,
          "rmse": 0.5873503969372563,
          "std": 0.3125683630923469
        },
        "xi": {
          "bias": 0.05807069465517998,
          "call_true": 0.04999999999999999,
          "n_valid": 100,
          "nbias": 1.1614138931035998,
          "nrmse": 1.2144918018394093,
          "nstd": 0.3551170309082271,
          "rmse": 0.06072459009197045,
          "std": 0.01775585154541135
        }
      },
      "n_runs": 100,
      "pixel": [
        8,
        0
      ],
      "return_levels": {
        "10": {
          "bias": -0.9012049439177804,
          "call_true": 132.52675914313656,
          "n_valid": 100,
          "nbias": -0.006800173412106358,
          "nrmse": 0.010798982650846542,
          "nstd": 0.008389020673390092,
          "rmse": 1.43115417275965,
          "std": 1.111769722229162
        },
        "100": {
          "bias": 8.472978177961744,
          "call_true": 181.78884845167696,
          "n_valid": 100,
          "nbias": 0.046608899556421515,
          "nrmse": 0.052552517773250165,
          "nstd": 0.024277100453867696,
          "rmse": 9.553461689235434,
          "std": 4.413306135254293
        }
      },
      "success_rate": 1.0,
      "t_idx": 30,
      "true_params": {
        "mu": 90.47612814563519,
        "sigma": 17.654563218038202,
        "xi": 0.05
      },
      "true_return_levels": {
        "10": 132.52675914313653,
        "100": 181.78884845167693
      }
    },
    "pointwise": {
      "gev_params": {
        "mu": {
          "bias": 0.26614689974044464,
          "call_true": 90.47612814563519,
          "n_valid": 99,
          "nbias": 0.00294162565524511,
          "nrmse": 0.022713356817658004,
          "nstd": 0.022522065101376807,
          "rmse": 2.0550165820519624,
          "std": 2.037709248216506
        },
        "sigma": {
          "bias": -0.07502209973543146,
          "call_true": 17.6545632180382,
          "n_valid": 99,
          "nbias": -0.004249445245905553,
          "nrmse": 0.08278710164006595,
          "nstd": 0.08267796812370669,
          "rmse": 1.461570119542698,
          "std": 1.4596434149789268
        },
        "xi": {
          "bias": 0.060071500429337975,
          "call_true": 0.049999999999999996,
          "n_valid": 99,
          "nbias": 1.2014300085867595,
          "nrmse": 2.0218889323721396,
          "nstd": 1.6262228596708908,
          "rmse": 0.10109444661860696,
          "std": 0.08131114298354453
        }
      },
      "n_runs": 100,
      "pixel": [
        8,
        0
      ],
      "return_levels": {
        "10": {
          "bias": 3.2572628702098236,
          "call_true": 132.52675914313656,
          "n_valid": 99,
          "nbias": 0.024578152301240472,
          "nrmse": 0.04773407160599758,
          "nstd": 0.04092011756512354,
          "rmse": 6.326041810649275,
          "std": 5.423010564661959
        },
        "100": {
          "bias": 16.39165886144452,
          "call_true": 181.78884845167696,
          "n_valid": 99,
          "nbias": 0.09016867096664483,
          "nrmse": 0.14385838889055,
          "nstd": 0.11209302757216286,
          "rmse": 26.1518508565266,
          "std": 20.37726240180556
        }
      },
      "success_rate": 0.99,
      "t_idx": 30,
      "true_params": {
        "mu": 90.47612814563519,
        "sigma": 17.654563218038202,
        "xi": 0.05
      },
      "true_return_levels": {
        "10": 132.52675914313653,
        "100": 181.78884845167693
      }
    },
    "weighted": {
      "gev_params": {
        "mu": {
          "bias": -1.4681561912894836,
          "call_true": 90.47612814563519,
          "n_valid": 100,
          "nbias": -0.0162270006617244,
          "nrmse": 0.01700774260509476,
          "nstd": 0.0050938941926144616,
          "rmse": 1.5387946994065325,
          "std": 0.4608758237312929
        },
        "sigma": {
          "bias": -0.24285302231478983,
          "call_true": 17.6545632180382,
          "n_valid": 100,
          "nbias": -0.013755821614813988,
          "nrmse": 0.022752948371257672,
          "nstd": 0.018123852550893632,
          "rmse": 0.40169336541712786,
          "std": 0.3199687006141545
        },
        "xi": {
          "bias": 0.056539124026894566,
          "call_true": 0.04999999999999999,
          "n_valid": 100,
          "nbias": 1.1307824805378917,
          "nrmse": 1.1823604202475377,
          "nstd": 0.34540866387006985,
          "rmse": 0.05911802101237687,
          "std": 0.01727043319350349
        }
      },
      "n_runs": 100,
      "pixel": [
        8,
        0
      ],
      "return_levels": {
        "10": {
          "bias": 0.7700760314240165,
          "call_true": 132.52675914313656,
          "n_valid": 100,
          "nbias": 0.005810721067979108,
          "nrmse": 0.011027297878368146,