{
  "i": 2,
  "j": 0,
  "local_selector_args": {
    "include_center": true,
    "max_points": 11,
    "mode": "circle",
    "radius": null
  },
  "local_selector_points": 11,
  "location": "(2,0)",
  "location_index": 20,
  "raw_report_path": "C:\\github\\EVT_Univariate\\EVT_Classes\\SIM\\_output\\sim_results_all\\blob\\bootstrap_k100\\t_030\\runs_100\\demo_weights_k100_5c6fff0c30fb1252\\raw\\loc_020_i02_j00.json",
  "reports": {
    "full": {
      "gev_params": {
        "mu": {
          "bias": -11.72210157283796,
          "call_true": 97.7465926159288,
          "n_valid": 100,
          "nbias": -0.1199233779830779,
          "nrmse": 0.11993632946555234,
          "nstd": 0.0017625376016868499,
          "rmse": 11.723367536119163,
          "std": 0.1722820449223407
        },
        "sigma": {
          "bias": -3.033871746637563,
          "call_true": 20.883882464746016,
          "n_valid": 100,
          "nbias": -0.1452733586180169,
          "nrmse": 0.1454381983407875,
          "nstd": 0.006922486002535122,
          "rmse": 3.0373142400334254,
          "std": 0.14456838404079297
        },
        "xi": {
          "bias": 0.053179601430892946,
          "call_true": 0.04999999999999999,
          "n_valid": 100,
          "nbias": 1.063592028617859,
          "nrmse": 1.0743089029619817,
          "nstd": 0.1513658338064554,
          "rmse": 0.05371544514809907,
          "std": 0.007568291690322769
        }
      },
      "n_runs": 100,
      "pixel": [
        2,
        0
      ],
      "return_levels": {
        "10": {
          "bias": -16.247343045196523,
          "call_true": 147.48899770828248,
          "n_valid": 100,
          "nbias": -0.11015969528338673,
          "nrmse": 0.11021672189816933,
          "nstd": 0.003545041755718349,
          "rmse": 16.255753843453505,
          "std": 0.5228546553849093
        },
        "100": {
          "bias": -14.63017044215303,
          "call_true": 205.76195922999486,
          "n_valid": 100,
          "nbias": -0.07110240637726356,
          "nrmse": 0.07175418467298246,
          "nstd": 0.009649395081917875,
          "rmse": 14.76428162126374,
          "std": 1.9854784374396988
        }
      },
      "success_rate": 1.0,
      "t_idx": 30,
      "true_params": {
        "mu": 97.74659261592878,
        "sigma": 20.883882464746012,
        "xi": 0.05
      },
      "true_return_levels": {
        "10": 147.48899770828245,
        "100": 205.76195922999483
      }
    },
    "local": {
      "gev_params": {
        "mu": {
          "bias": -4.096435526695377,
          "call_true": 97.7465926159288,
          "n_valid": 100,
          "nbias": -0.041908729676044185,
          "nrmse": 0.04250415928164595,
          "nstd": 0.0070895650910180585,
          "rmse": 4.154636741785596,
          "std": 0.6929808307758524
        },
        "sigma": {
          "bias": -1.4184865523413805,
          "call_true": 20.883882464746016,
          "n_valid": 100,
          "nbias": -0.06792255006873943,
          "nrmse": 0.07261246536146829,
          "nstd": 0.025672890722121994,
          "rmse": 1.516430192084345,
          "std": 0.5361496323710642
        },
        "xi": {
          "bias": 0.06036927457898855,
          "call_true": 0.04999999999999999,
          "n_valid": 100,
          "nbias": 1.2073854915797713,
          "nrmse": 1.2915853875495862,
          "nstd": 0.45870806408247133,
          "rmse": 0.06457926937747929,
          "std": 0.022935403204123562
        }
      },
      "n_runs": 100,
      "pixel": [
        2,
        0
      ],
      "return_levels": {
        "10": {
          "bias": -4.09354009719847,
          "call_true": 147.48899770828248,
          "n_valid": 100,
          "nbias": -0.02775488450531785,
          "nrmse": 0.031471462380724576,
          "nstd": 0.014836419058446305,
          "rmse": 4.641694442946985,
          "std": 2.1882085765103056
        },
        "100": {
          "bias": 4.78633651585478,
          "call_true": 205.76195922999486,
          "n_valid": 100,
          "nbias": 0.02326152284788827,
          "nrmse": 0.04272763384742842,
          "nstd": 0.03584065078925162,
          "rmse": 8.791721653708715,
          "std": 7.374642526474474
        }
      },
      "success_rate": 1.0,
      "t_idx": 30,
      "true_params": {
        "mu": 97.74659261592878,
        "sigma": 20.883882464746012,
        "xi": 0.05
      },
      "true_return_levels": {
        "10": 147.48899770828245,
        "100": 205.76195922999483
      }
    },
    "pointwise": {
      "gev_params": {
        "mu": {
          "bias": 0.11165120458630864,
          "call_true": 97.7465926159288,
          "n_valid": 94,
          "nbias": 0.0011422516284021744,
          "nrmse": 0.02528862920894401,
          "nstd": 0.02526281909219295,
          "rmse": 2.4718773371019283,
          "std": 2.4693544861344927
        },
        "sigma": {
          "bias": -0.19122003913696745,
          "call_true": 20.883882464746012,
          "n_valid": 94,
          "nbias": -0.009156345304076727,
          "nrmse": 0.08752028766448798,
          "nstd": 0.08704000283517481,
          "rmse": 1.8277634008659274,
          "std": 1.8177331889409505
        },
        "xi": {
          "bias": 0.04885173354377138,
          "call_true": 0.04999999999999998,
          "n_valid": 94,
          "nbias": 0.9770346708754281,
          "nrmse": 1.8268352252626352,
          "nstd": 1.5436094687995818,
          "rmse": 0.09134176126313173,
          "std": 0.07718047343997907
        }
      },
      "n_runs": 100,
      "pixel": [
        2,
        0
      ],
      "return_levels": {
        "10": {
          "bias": 2.6535737612882735,
          "call_true": 147.48899770828245,
          "n_valid": 94,
          "nbias": 0.017991672616399224,
          "nrmse": 0.045605733348621884,
          "nstd": 0.04190683274514924,
          "rmse": 6.726343901339434,
          "std": 6.1807967587106925
        },
        "100": {
          "bias": 14.677082232355573,
          "call_true": 205.7619592299949,
          "n_valid": 94,
          "nbias": 0.07133039696589372,
          "nrmse": 0.12510005527116877,
          "nstd": 0.10277158312265851,
          "rmse": 25.740832472376336,
          "std": 21.14648229648649
        }
      },
      "success_rate": 0.94,
      "t_idx": 30,
      "true_params": {
        "mu": 97.74659261592878,
        "sigma": 20.883882464746012,
        "xi": 0.05
      },
      "true_return_levels": {
        "10": 147.48899770828245,
        "100": 205.76195922999483
      }
    },
    "weighted": {
      "gev_params": {
        "mu": {
          "bias": -2.1344078625108067,
          "call_true": 97.7465926159288,
          "n_valid": 100,
          "nbias": -0.021836135719814166,
          "nrmse": 0.02295330424314675,
          "nstd": 0.007073708539678056,
          "rmse": 2.2436072790443355,
          "std": 0.6914309069117276
        },
        "sigma": {
          "bias": -0.752238118300113,
          "call_true": 20.883882464746016,
          "n_valid": 100,
          "nbias": -0.036020032174092276,
          "nrmse": 0.04526041092972103,
          "nstd": 0.02740551184897973,
          "rmse": 0.9452131021624,
          "std": 0.572333488340297
        },
        "xi": {
          "bias": 0.0552111629396677,
          "call_true": 0.04999999999999999,
          "n_valid": 100,
          "nbias": 1.1042232587933543,
          "nrmse": 1.1931424139044753,
          "nstd": 0.45197324544444406,
          "rmse": 0.059657120695223755,
          "std": 0.022598662272222198
        }
      },
      "n_runs": 100,
      "pixel": [
        2,
        0
      ],
      "return_levels": {
        "10": {
          "bias": -0.7455039033508137,
          "call_true": 147.48899770828248,
          "n_valid": 100,
          "nbias": -0.005054640786327269,
          "nrmse": 0.014885732915745834,