{
  "i": 4,
  "j": 1,
  "local_selector_args": {
    "include_center": true,
    "max_points": 23,
    "mode": "circle",
    "radius": null
  },
  "local_selector_points": 23,
  "location": "(4,1)",
  "location_index": 41,
  "raw_report_path": "C:\\github\\EVT_Univariate\\EVT_Classes\\SIM\\_output\\sim_results_all\\blob\\bootstrap_k100\\t_030\\runs_100\\demo_weights_k100_5c6fff0c30fb1252\\raw\\loc_041_i04_j01.json",
  "reports": {
    "full": {
      "gev_params": {
        "mu": {
          "bias": -7.6121371704346075,
          "call_true": 93.63662821352546,
          "n_valid": 100,
          "nbias": -0.08129443910641651,
          "nrmse": 0.08131525725308177,
          "nstd": 0.001839900135334596,
          "rmse": 7.614086511493996,
          "std": 0.17228204492234073
        },
        "sigma": {
          "bias": -1.141979945477638,
          "call_true": 18.991990663586087,
          "n_valid": 100,
          "nbias": -0.060129554911123165,
          "nrmse": 0.0606094629646701,
          "nstd": 0.00761207114101937,
          "rmse": 1.1510943547499812,
          "std": 0.14456838404079297
        },
        "xi": {
          "bias": 0.053179601430892946,
          "call_true": 0.04999999999999999,
          "n_valid": 100,
          "nbias": 1.063592028617859,
          "nrmse": 1.0743089029619817,
          "nstd": 0.1513658338064554,
          "rmse": 0.05371544514809907,
          "std": 0.007568291690322769
        }
      },
      "n_runs": 100,
      "pixel": [
        4,
        1
      ],
      "return_levels": {
        "10": {
          "bias": -7.631164411648087,
          "call_true": 138.872819074734,
          "n_valid": 100,
          "nbias": -0.0549507417109564,
          "nrmse": 0.05507957114751147,
          "nstd": 0.0037649891380366995,
          "rmse": 7.649055318682299,
          "std": 0.5228546553849093
        },
        "100": {
          "bias": -0.7349859380083807,
          "call_true": 191.86677472585018,
          "n_valid": 100,
          "nbias": -0.0038307098196577764,
          "nrmse": 0.0110344854871671,
          "nstd": 0.010348213963968799,
          "rmse": 2.117151141181953,
          "std": 1.9854784374396988
        }
      },
      "success_rate": 1.0,
      "t_idx": 30,
      "true_params": {
        "mu": 93.63662821352543,
        "sigma": 18.991990663586087,
        "xi": 0.05
      },
      "true_return_levels": {
        "10": 138.87281907473402,
        "100": 191.86677472585018
      }
    },
    "local": {
      "gev_params": {
        "mu": {
          "bias": -3.1190768677002323,
          "call_true": 93.63662821352546,
          "n_valid": 100,
          "nbias": -0.03331043553370596,
          "nrmse": 0.0335799587140646,
          "nstd": 0.00424599950460466,
          "rmse": 3.144314109534401,
          "std": 0.39758107700747974
        },
        "sigma": {
          "bias": -0.8487242578311102,
          "call_true": 18.991990663586087,
          "n_valid": 100,
          "nbias": -0.04468853596576343,
          "nrmse": 0.04833699421980478,
          "nstd": 0.01842280552581796,
          "rmse": 0.9180157429283471,
          "std": 0.3498857505433969
        },
        "xi": {
          "bias": 0.05728207066655159,
          "call_true": 0.04999999999999999,
          "n_valid": 100,
          "nbias": 1.145641413331032,
          "nrmse": 1.1812758539960602,
          "nstd": 0.28795554395600176,
          "rmse": 0.059063792699803,
          "std": 0.014397777197800084
        }
      },
      "n_runs": 100,
      "pixel": [
        4,
        1
      ],
      "return_levels": {
        "10": {
          "bias": -2.1694741955836343,
          "call_true": 138.872819074734,
          "n_valid": 100,
          "nbias": -0.015622021717699401,
          "nrmse": 0.018095252183576986,
          "nstd": 0.009131844777424548,
          "rmse": 2.5129386826015723,
          "std": 1.2681650275938339
        },
        "100": {
          "bias": 6.6362251520795095,
          "call_true": 191.86677472585018,
          "n_valid": 100,
          "nbias": 0.03458767241781029,
          "nrmse": 0.0408343773853613,
          "nstd": 0.021705743322179765,
          "rmse": 7.834760286867469,
          "std": 4.164610964253792
        }
      },
      "success_rate": 1.0,
      "t_idx": 30,
      "true_params": {
        "mu": 93.63662821352543,
        "sigma": 18.991990663586087,
        "xi": 0.05
      },
      "true_return_levels": {
        "10": 138.87281907473402,
        "100": 191.86677472585018
      }
    },
    "pointwise": {
      "gev_params": {
        "mu": {
          "bias": -0.1743141418701532,
          "call_true": 93.63662821352546,
          "n_valid": 100,
          "nbias": -0.0018616020802527593,
          "nrmse": 0.02498510414478691,
          "nstd": 0.024915655055018054,
          "rmse": 2.3395209076816257,
          "std": 2.3330179290831716
        },
        "sigma": {
          "bias": -0.19687565745570862,
          "call_true": 18.991990663586087,
          "n_valid": 100,
          "nbias": -0.010366246537451402,
          "nrmse": 0.08491115851812747,
          "nstd": 0.0842760094784711,
          "rmse": 1.6126319298105551,
          "std": 1.6005691851794155
        },
        "xi": {
          "bias": 0.04862597274594009,
          "call_true": 0.04999999999999999,
          "n_valid": 100,
          "nbias": 0.972519454918802,
          "nrmse": 2.015887989894799,
          "nstd": 1.7657888598602407,
          "rmse": 0.10079439949473992,
          "std": 0.08828944299301202
        }
      },
      "n_runs": 100,
      "pixel": [
        4,
        1
      ],
      "return_levels": {
        "10": {
          "bias": 2.2258238085667563,
          "call_true": 138.872819074734,
          "n_valid": 100,
          "nbias": 0.016027785879171474,
          "nrmse": 0.04775379943973527,
          "nstd": 0.04498372417599384,
          "rmse": 6.63170474972549,
          "std": 6.2470165888005305
        },
        "100": {
          "bias": 14.147971367899826,
          "call_true": 191.86677472585018,
          "n_valid": 100,
          "nbias": 0.0737385166770809,
          "nrmse": 0.14920468114196211,
          "nstd": 0.12970993806543293,
          "rmse": 28.62742094470715,
          "std": 24.8870274665044
        }
      },
      "success_rate": 1.0,
      "t_idx": 30,
      "true_params": {
        "mu": 93.63662821352543,
        "sigma": 18.991990663586087,
        "xi": 0.05
      },
      "true_return_levels": {
        "10": 138.87281907473402,
        "100": 191.86677472585018
      }
    },
    "weighted": {
      "gev_params": {
        "mu": {
          "bias": -0.4842957550293329,
          "call_true": 93.63662821352546,
          "n_valid": 100,
          "nbias": -0.005172075973570546,
          "nrmse": 0.006861004223873087,
          "nstd": 0.0045081048217203885,
          "rmse": 0.642441301682232,
          "std": 0.4221237351390335
        },
        "sigma": {
          "bias": 0.11966278408617882,
          "call_true": 18.991990663586087,
          "n_valid": 100,
          "nbias": 0.006300697288968864,
          "nrmse": 0.018731372377874023,
          "nstd": 0.017639884490306686,
          "rmse": 0.35574604931673776,
          "std": 0.3350165215466416
        },
        "xi": {
          "bias": 0.057043597623705866,
          "call_true": 0.04999999999999999,
          "n_valid": 100,
          "nbias": 1.1408719524741175,
          "nrmse": 1.1811206150900748,
          "nstd": 0.30570753253502236,
          "rmse": 0.059056030754503726,
          "std": 0.015285376626751116
        }
      },
      "n_runs": 100,
      "pixel": [
        4,
        1
      ],
      "return_levels": {
        "10": {
          "bias": 2.9198631152073813,
          "call_true": 138.872819074734,
          "n_valid": 100,
          "nbias": 0.021025447129694008,
          "nrmse": 0.023050292353153506,