{
  "i": 1,
  "j": 4,
  "local_selector_args": {
    "include_center": true,
    "max_points": 32,
    "mode": "circle",
    "radius": null
  },
  "local_selector_points": 32,
  "location": "(1,4)",
  "location_index": 14,
  "raw_report_path": "C:\\github\\EVT_Univariate\\EVT_Univariate\\EVT_Classes\\SIM\\_output\\sim_results_all\\blob\\bootstrap_k100\\t_030\\runs_100\\demo_weights_k100_5c6fff0c30fb1252\\raw\\loc_014_i01_j04.json",
  "reports": {
    "full": {
      "gev_params": {
        "mu": {
          "bias": -0.5709642622501496,
          "call_true": 86.59545561051677,
          "n_valid": 100,
          "nbias": -0.006593466807521568,
          "nrmse": 0.006887085986288879,
          "nstd": 0.0019895096985558993,
          "rmse": 0.5963903488114907,
          "std": 0.17228249878798996
        },
        "sigma": {
          "bias": 1.7095106154195363,
          "call_true": 16.140501189877615,
          "n_valid": 100,
          "nbias": 0.10591434524298676,
          "nrmse": 0.10629240088778977,
          "nstd": 0.008956894452878934,
          "rmse": 1.7156126230043192,
          "std": 0.14456876557430065
        },
        "xi": {
          "bias": 0.05317958064377308,
          "call_true": 0.04999999999999999,
          "n_valid": 100,
          "nbias": 1.063591612875462,
          "nrmse": 1.074308515611656,
          "nstd": 0.15136600588207905,
          "rmse": 0.05371542578058279,
          "std": 0.00756830029410395
        }
      },
      "n_runs": 100,
      "pixel": [
        1,
        4
      ],
      "return_levels": {
        "10": {
          "bias": 6.20184792694421,
          "call_true": 125.0398085671964,
          "n_valid": 100,
          "nbias": 0.049598987698476336,
          "nrmse": 0.04977493962466244,
          "nstd": 0.0041815109619832294,
          "rmse": 6.22384892211155,
          "std": 0.5228553302080163
        },
        "100": {
          "bias": 21.054629095568888,
          "call_true": 170.0771624388549,
          "n_valid": 100,
          "nbias": 0.1237945694392586,
          "nrmse": 0.12434378890080063,
          "nstd": 0.01167400597718921,
          "rmse": 21.148038783144152,
          "std": 1.9854818108945722
        }
      },
      "success_rate": 1.0,
      "t_idx": 30,
      "true_params": {
        "mu": 86.59545561051675,
        "sigma": 16.140501189877615,
        "xi": 0.05
      },
      "true_return_levels": {
        "10": 125.03980856719642,
        "100": 170.07716243885494
      }
    },
    "local": {
      "gev_params": {
        "mu": {
          "bias": 2.55873414778403,
          "call_true": 86.59545561051677,
          "n_valid": 100,
          "nbias": 0.0295481342495908,
          "nrmse": 0.029762164394486913,
          "nstd": 0.003562890934707914,
          "rmse": 2.577268185695694,
          "std": 0.30853016378161174
        },
        "sigma": {
          "bias": 1.7246174269298917,
          "call_true": 16.140501189877615,
          "n_valid": 100,
          "nbias": 0.10685030202231091,
          "nrmse": 0.10774146389041471,
          "nstd": 0.01382881046910684,
          "rmse": 1.7390012261223946,
          "std": 0.22320393183121098
        },
        "xi": {
          "bias": 0.057925905585289005,
          "call_true": 0.04999999999999999,
          "n_valid": 100,
          "nbias": 1.1585181117057803,
          "nrmse": 1.185244563586924,
          "nstd": 0.2502807630682612,
          "rmse": 0.059262228179346184,
          "std": 0.012514038153413056
        }
      },
      "n_runs": 100,
      "pixel": [
        1,
        4
      ],
      "return_levels": {
        "10": {
          "bias": 9.626264888614132,
          "call_true": 125.0398085671964,
          "n_valid": 100,
          "nbias": 0.07698560161695207,
          "nrmse": 0.07734689005528989,
          "nstd": 0.007467164448507291,
          "rmse": 9.671440325781434,
          "std": 0.9336928131811264
        },
        "100": {
          "bias": 25.56614551402592,
          "call_true": 170.0771624388549,
          "n_valid": 100,
          "nbias": 0.15032086111630244,
          "nrmse": 0.15175841216302285,
          "nstd": 0.02083877096892318,
          "rmse": 25.81064011691313,
          "std": 3.544199035107642
        }
      },
      "success_rate": 1.0,
      "t_idx": 30,
      "true_params": {
        "mu": 86.59545561051675,
        "sigma": 16.140501189877615,
        "xi": 0.05
      },
      "true_return_levels": {
        "10": 125.03980856719642,
        "100": 170.07716243885494
      }
    },
    "pointwise": {
      "gev_params": {
        "mu": {
          "bias": 0.08752908491781909,
          "call_true": 86.59545561051677,
          "n_valid": 100,
          "nbias": 0.0010107815046496381,
          "nrmse": 0.021004368486180692,
          "nstd": 0.020980033752430398,
          "rmse": 1.8188828588719974,
          "std": 1.81677558151573
        },
        "sigma": {
          "bias": -0.10026921266199426,
          "call_true": 16.140501189877615,
          "n_valid": 100,
          "nbias": -0.006212273800077366,
          "nrmse": 0.08151221440408224,
          "nstd": 0.08127514227172994,
          "rmse": 1.3156479935786487,
          "std": 1.3118215305443295
        },
        "xi": {
          "bias": 0.04884507487760858,
          "call_true": 0.04999999999999999,
          "n_valid": 100,
          "nbias": 0.9769014975521718,
          "nrmse": 1.8954897198835983,
          "nstd": 1.624359794585155,
          "rmse": 0.0947744859941799,
          "std": 0.08121798972925773
        }
      },
      "n_runs": 100,
      "pixel": [
        1,
        4
      ],
      "return_levels": {
        "10": {
          "bias": 2.2384525412020206,
          "call_true": 125.0398085671964,
          "n_valid": 100,
          "nbias": 0.017901919131610603,
          "nrmse": 0.04308990505998253,
          "nstd": 0.03919516819052551,
          "rmse": 5.387953479878883,
          "std": 4.900956327302375
        },
        "100": {
          "bias": 12.074234503283733,
          "call_true": 170.0771624388549,
          "n_valid": 100,
          "nbias": 0.07099268549723475,
          "nrmse": 0.1289138506494909,
          "nstd": 0.10760492319206388,
          "rmse": 21.925301917531744,
          "std": 18.301140000957155
        }
      },
      "success_rate": 1.0,
      "t_idx": 30,
      "true_params": {
        "mu": 86.59545561051675,
        "sigma": 16.140501189877615,
        "xi": 0.05
      },
      "true_return_levels": {
        "10": 125.03980856719642,
        "100": 170.07716243885494
      }
    },
    "weighted": {
      "gev_params": {
        "mu": {
          "bias": 2.663630388018405,
          "call_true": 86.59545561051677,
          "n_valid": 100,
          "nbias": 0.030759470797159415,
          "nrmse": 0.030954330187614867,
          "nstd": 0.0034677822369033246,
          "rmse": 2.680504325714882,
          "std": 0.30029418276270037
        },
        "sigma": {
          "bias": 1.4219176575131447,
          "call_true": 16.140501189877615,
          "n_valid": 100,
          "nbias": 0.08809625183168965,
          "nrmse": 0.08910782187947201,
          "nstd": 0.013388589668491187,
          "rmse": 1.4382449050730206,
          "std": 0.21609854747506513
        },
        "xi": {
          "bias": 0.057101410552859305,
          "call_true": 0.04999999999999999,
          "n_valid": 100,
          "nbias": 1.1420282110571864,
          "nrmse": 1.1669168647143462,
          "nstd": 0.23972178521002768,
          "rmse": 0.0583458432357173,
          "std": 0.011986089260501381
        }
      },
      "n_runs": 100,
      "pixel": [
        1,
        4
      ],
      "return_levels": {
        "10": {
          "bias": 8.915533229678585,
          "call_true": 125.0398085671964,
          "n_valid": 100,
          "nbias": 0.0713015585343557,
          "nrmse": 0.07162952834870304,