{
  "i": 9,
  "j": 6,
  "local_selector_args": {
    "include_center": true,
    "max_points": 25,
    "mode": "circle",
    "radius": null
  },
  "local_selector_points": 25,
  "location": "(9,6)",
  "location_index": 96,
  "raw_report_path": "C:\\github\\EVT_Univariate\\EVT_Classes\\SIM\\_output\\sim_results_all\\blob\\bootstrap_k100\\t_030\\runs_100\\demo_weights_k100_5c6fff0c30fb1252\\raw\\loc_096_i09_j06.json",
  "reports": {
    "full": {
      "gev_params": {
        "mu": {
          "bias": -9.713188111457967,
          "call_true": 95.73767915454877,
          "n_valid": 100,
          "nbias": -0.10145627298712792,
          "nrmse": 0.10147223072006092,
          "nstd": 0.0017995218438941563,
          "rmse": 9.71471586777354,
          "std": 0.17228204492234073
        },
        "sigma": {
          "bias": -2.086682831465031,
          "call_true": 19.936693549573477,
          "n_valid": 100,
          "nbias": -0.10466544145228503,
          "nrmse": 0.10491633348636017,
          "nstd": 0.007251372133564538,
          "rmse": 2.0916847890624166,
          "std": 0.14456838404079297
        },
        "xi": {
          "bias": 0.053179601430892946,
          "call_true": 0.04999999999999999,
          "n_valid": 100,
          "nbias": 1.063592028617859,
          "nrmse": 1.0743089029619817,
          "nstd": 0.1513658338064554,
          "rmse": 0.05371544514809907,
          "std": 0.007568291690322769
        }
      },
      "n_runs": 100,
      "pixel": [
        9,
        6
      ],
      "return_levels": {
        "10": {
          "bias": -11.982361786220254,
          "call_true": 143.22401644930622,
          "n_valid": 100,
          "nbias": -0.0836616796768954,
          "nrmse": 0.0837412895816831,
          "nstd": 0.0036506074075221343,
          "rmse": 11.993763836533097,
          "std": 0.5228546553849093
        },
        "100": {
          "bias": -7.722217824722834,
          "call_true": 198.85400661256466,
          "n_valid": 100,
          "nbias": -0.03883360439283652,
          "nrmse": 0.04009664748960468,
          "nstd": 0.00998460363591309,
          "rmse": 7.973379005039524,
          "std": 1.9854784374396988
        }
      },
      "success_rate": 1.0,
      "t_idx": 30,
      "true_params": {
        "mu": 95.73767915454879,
        "sigma": 19.93669354957348,
        "xi": 0.05
      },
      "true_return_levels": {
        "10": 143.2240164493062,
        "100": 198.85400661256463
      }
    },
    "local": {
      "gev_params": {
        "mu": {
          "bias": -9.89885568347945,
          "call_true": 95.73767915454877,
          "n_valid": 100,
          "nbias": -0.1033956094496482,
          "nrmse": 0.10346824697331758,
          "nstd": 0.0038763485740144366,
          "rmse": 9.905809831415091,
          "std": 0.3711126160701868
        },
        "sigma": {
          "bias": -2.1979832399698216,
          "call_true": 19.936693549573477,
          "n_valid": 100,
          "nbias": -0.11024813289648247,
          "nrmse": 0.11114675696463003,
          "nstd": 0.014104991194398942,
          "rmse": 2.2158988326327504,
          "std": 0.28120688696216406
        },
        "xi": {
          "bias": 0.06113981079310179,
          "call_true": 0.04999999999999999,
          "n_valid": 100,
          "nbias": 1.222796215862036,
          "nrmse": 1.2675174343583313,
          "nstd": 0.33372123228199324,
          "rmse": 0.06337587171791655,
          "std": 0.01668606161409966
        }
      },
      "n_runs": 100,
      "pixel": [
        9,
        6
      ],
      "return_levels": {
        "10": {
          "bias": -12.020072586391152,
          "call_true": 143.22401644930622,
          "n_valid": 100,
          "nbias": -0.08392497909486868,
          "nrmse": 0.08431909904970022,
          "nstd": 0.008142993827764568,
          "rmse": 12.076520029284945,
          "std": 1.1662722819343516
        },
        "100": {
          "bias": -6.37855251100213,
          "call_true": 198.85400661256466,
          "n_valid": 100,
          "nbias": -0.03207656018432519,
          "nrmse": 0.03966664649836089,
          "nstd": 0.023335319392870733,
          "rmse": 7.88787158508332,
          "std": 4.640321756856225
        }
      },
      "success_rate": 1.0,
      "t_idx": 30,
      "true_params": {
        "mu": 95.73767915454879,
        "sigma": 19.93669354957348,
        "xi": 0.05
      },
      "true_return_levels": {
        "10": 143.2240164493062,
        "100": 198.85400661256463
      }
    },
    "pointwise": {
      "gev_params": {
        "mu": {
          "bias": 0.12614927562699507,
          "call_true": 95.73767915454877,
          "n_valid": 100,
          "nbias": 0.0013176554595955166,
          "nrmse": 0.02495620401863198,
          "nstd": 0.024921394485649895,
          "rmse": 2.389249053251249,
          "std": 2.385916469351091
        },
        "sigma": {
          "bias": 0.13782573070450338,
          "call_true": 19.936693549573477,
          "n_valid": 100,
          "nbias": 0.006913168944579178,
          "nrmse": 0.09263502879489373,
          "nstd": 0.09237671056589151,
          "rmse": 1.8468361810397111,
          "std": 1.8416861696698255
        },
        "xi": {
          "bias": 0.038916070857085296,
          "call_true": 0.04999999999999999,
          "n_valid": 100,
          "nbias": 0.7783214171417061,
          "nrmse": 1.9094351865980888,
          "nstd": 1.7436050308018167,
          "rmse": 0.09547175932990441,
          "std": 0.08718025154009082
        }
      },
      "n_runs": 100,
      "pixel": [
        9,
        6
      ],
      "return_levels": {
        "10": {
          "bias": 2.9096213985941994,
          "call_true": 143.22401644930622,
          "n_valid": 100,
          "nbias": 0.02031517807367211,
          "nrmse": 0.052836781725028065,
          "nstd": 0.04877518880428094,
          "rmse": 7.567496094913822,
          "std": 6.985778443622349
        },
        "100": {
          "bias": 14.269105722640443,
          "call_true": 198.85400661256466,
          "n_valid": 100,
          "nbias": 0.07175669208637833,
          "nrmse": 0.15508848893937327,
          "nstd": 0.13748969613145118,
          "rmse": 30.839967405082792,
          "std": 27.3403769436831
        }
      },
      "success_rate": 1.0,
      "t_idx": 30,
      "true_params": {
        "mu": 95.73767915454879,
        "sigma": 19.93669354957348,
        "xi": 0.05
      },
      "true_return_levels": {
        "10": 143.2240164493062,
        "100": 198.85400661256463
      }
    },
    "weighted": {
      "gev_params": {
        "mu": {
          "bias": -4.721303422126912,
          "call_true": 95.73767915454877,
          "n_valid": 100,
          "nbias": -0.0493149976458625,
          "nrmse": 0.049495819623496314,
          "nstd": 0.004226957225979496,
          "rmse": 4.738614898605709,
          "std": 0.40467907470082654
        },
        "sigma": {
          "bias": -1.5271459810288979,
          "call_true": 19.936693549573477,
          "n_valid": 100,
          "nbias": -0.07659976200324198,
          "nrmse": 0.07845630215949628,
          "nstd": 0.016966667604125095,
          "rmse": 1.564159253186617,
          "std": 0.33825925258091805
        },
        "xi": {
          "bias": 0.05668790251016617,
          "call_true": 0.04999999999999999,
          "n_valid": 100,
          "nbias": 1.1337580502033238,
          "nrmse": 1.1812683849270993,
          "nstd": 0.33164390666411364,
          "rmse": 0.05906341924635495,
          "std": 0.01658219533320568
        }
      },
      "n_runs": 100,
      "pixel": [
        9,
        6
      ],
      "return_levels": {
        "10": {
          "bias": -5.372039368007363,
          "call_true": 143.22401644930622,
          "n_valid": 100,
          "nbias": -0.03750795083943748,
          "nrmse": 0.038630877669041774,