{
  "i": 5,
  "j": 3,
  "local_selector_args": {
    "include_center": true,
    "max_points": 29,
    "mode": "circle",
    "radius": null
  },
  "local_selector_points": 29,
  "location": "(5,3)",
  "location_index": 53,
  "raw_report_path": "C:\\github\\EVT_Univariate\\EVT_Classes\\SIM\\_output\\sim_results_all\\blob\\bootstrap_k100\\t_030\\runs_100\\demo_weights_k100_5c6fff0c30fb1252\\raw\\loc_053_i05_j03.json",
  "reports": {
    "full": {
      "gev_params": {
        "mu": {
          "bias": -2.493435644659597,
          "call_true": 88.51792668775046,
          "n_valid": 100,
          "nbias": -0.028168708169761626,
          "nrmse": 0.028235867017646916,
          "nstd": 0.001946295528702006,
          "rmse": 2.499380406633141,
          "std": 0.1722820449223407
        },
        "sigma": {
          "bias": 0.9764114229970623,
          "call_true": 16.873599295111386,
          "n_valid": 100,
          "nbias": 0.057866220829360805,
          "nrmse": 0.05849705505975572,
          "nstd": 0.008567726512426859,
          "rmse": 0.9870558670223861,
          "std": 0.14456838404079297
        },
        "xi": {
          "bias": -0.046820398569107094,
          "call_true": 0.15,
          "n_valid": 100,
          "nbias": -0.312135990460714,
          "nrmse": 0.3161876209032193,
          "nstd": 0.05045527793548512,
          "rmse": 0.04742814313548289,
          "std": 0.007568291690322768
        }
      },
      "n_runs": 100,
      "pixel": [
        5,
        3
      ],
      "return_levels": {
        "10": {
          "bias": -2.4431658622414445,
          "call_true": 133.68482052532738,
          "n_valid": 100,
          "nbias": -0.01827556675949288,
          "nrmse": 0.01868938310616675,
          "nstd": 0.003911099654622728,
          "rmse": 2.4984868262769875,
          "std": 0.5228546553849093
        },
        "100": {
          "bias": -9.174876259328075,
          "call_true": 200.30666504716987,
          "n_valid": 100,
          "nbias": -0.04580414863962464,
          "nrmse": 0.0468643960164104,
          "nstd": 0.009912193570653986,
          "rmse": 9.38725087549704,
          "std": 1.9854784374396988
        }
      },
      "success_rate": 1.0,
      "t_idx": 30,
      "true_params": {
        "mu": 88.51792668775042,
        "sigma": 16.873599295111386,
        "xi": 0.15000000000000002
      },
      "true_return_levels": {
        "10": 133.68482052532738,
        "100": 200.30666504716987
      }
    },
    "local": {
      "gev_params": {
        "mu": {
          "bias": -2.803822912726005,
          "call_true": 88.51792668775046,
          "n_valid": 100,
          "nbias": -0.03167519865909841,
          "nrmse": 0.031856010375723595,
          "nstd": 0.0033892752860841206,
          "rmse": 2.8198279910025192,
          "std": 0.30001162129819864
        },
        "sigma": {
          "bias": 0.1411914919194046,
          "call_true": 16.873599295111386,
          "n_valid": 100,
          "nbias": 0.008367597775082319,
          "nrmse": 0.017596586874678237,
          "nstd": 0.015479766700843264,
          "rmse": 0.29691775588493696,
          "std": 0.2611993804918376
        },
        "xi": {
          "bias": -0.04321967005729679,
          "call_true": 0.15,
          "n_valid": 100,
          "nbias": -0.2881311337153119,
          "nrmse": 0.3004402394816659,
          "nstd": 0.08511631620159466,
          "rmse": 0.045066035922249885,
          "std": 0.012767447430239198
        }
      },
      "n_runs": 100,
      "pixel": [
        5,
        3
      ],
      "return_levels": {
        "10": {
          "bias": -4.6841671439797254,
          "call_true": 133.68482052532738,
          "n_valid": 100,
          "nbias": -0.03503888568330226,
          "nrmse": 0.03570919029915656,
          "nstd": 0.0068864186551394575,
          "rmse": 4.773776696247507,
          "std": 0.9206096419745847
        },
        "100": {
          "bias": -13.464421394826122,
          "call_true": 200.30666504716987,
          "n_valid": 100,
          "nbias": -0.06721903832633531,
          "nrmse": 0.0692690102640396,
          "nstd": 0.01672712376478059,
          "rmse": 13.875044437107952,
          "std": 3.350554377154461
        }
      },
      "success_rate": 1.0,
      "t_idx": 30,
      "true_params": {
        "mu": 88.51792668775042,
        "sigma": 16.873599295111386,
        "xi": 0.15000000000000002
      },
      "true_return_levels": {
        "10": 133.68482052532738,
        "100": 200.30666504716987
      }
    },
    "pointwise": {
      "gev_params": {
        "mu": {
          "bias": 0.2781574243001643,
          "call_true": 88.51792668775045,
          "n_valid": 98,
          "nbias": 0.0031423852174189836,
          "nrmse": 0.021117370138348447,
          "nstd": 0.020882258898532922,
          "rmse": 1.8692658217444185,
          "std": 1.8484542622549616
        },
        "sigma": {
          "bias": -0.21712894971052693,
          "call_true": 16.873599295111386,
          "n_valid": 98,
          "nbias": -0.012867968825918098,
          "nrmse": 0.0884875039793634,
          "nstd": 0.0875468659564296,
          "rmse": 1.4931026847723523,
          "std": 1.4772307356916217
        },
        "xi": {
          "bias": -0.05090782319822789,
          "call_true": 0.15,
          "n_valid": 98,
          "nbias": -0.33938548798818596,
          "nrmse": 0.6315832669020562,
          "nstd": 0.5326489590468519,
          "rmse": 0.09473749003530843,
          "std": 0.07989734385702779
        }
      },
      "n_runs": 100,
      "pixel": [
        5,
        3
      ],
      "return_levels": {
        "10": {
          "bias": -2.6881573733722637,
          "call_true": 133.68482052532735,
          "n_valid": 98,
          "nbias": -0.02010817206328206,
          "nrmse": 0.04823664292712656,
          "nstd": 0.04384558286934445,
          "rmse": 6.448506952457215,
          "std": 5.86148887671668
        },
        "100": {
          "bias": -12.11087656637228,
          "call_true": 200.30666504716987,
          "n_valid": 98,
          "nbias": -0.0604616754191395,
          "nrmse": 0.12265653126581225,
          "nstd": 0.1067193069115041,
          "rmse": 24.56892072410877,
          "std": 21.37658846358877
        }
      },
      "success_rate": 0.98,
      "t_idx": 30,
      "true_params": {
        "mu": 88.51792668775042,
        "sigma": 16.873599295111386,
        "xi": 0.15000000000000002
      },
      "true_return_levels": {
        "10": 133.68482052532738,
        "100": 200.30666504716987
      }
    },
    "weighted": {
      "gev_params": {
        "mu": {
          "bias": 1.345587640252512,
          "call_true": 88.51792668775046,
          "n_valid": 100,
          "nbias": 0.015201300918390365,
          "nrmse": 0.01571971930325282,
          "nstd": 0.004003751411064822,
          "rmse": 1.3914769608373487,
          "std": 0.35440377388061334
        },
        "sigma": {
          "bias": 0.8956437743267729,
          "call_true": 16.873599295111386,
          "n_valid": 100,
          "nbias": 0.05307959248423414,
          "nrmse": 0.0552335957991055,
          "nstd": 0.015274389238414699,
          "rmse": 0.9319895631422538,
          "std": 0.2577339234865712
        },
        "xi": {
          "bias": -0.04405795082449917,
          "call_true": 0.15,
          "n_valid": 100,
          "nbias": -0.2937196721633278,
          "nrmse": 0.3058526019055062,
          "nstd": 0.08529107970142809,
          "rmse": 0.04587789028582593,
          "std": 0.012793661955214213
        }
      },
      "n_runs": 100,
      "pixel": [
        5,
        3
      ],
      "return_levels": {
        "10": {
          "bias": 1.3405214241355088,
          "call_true": 133.68482052532738,
          "n_valid": 100,
          "nbias": 0.010027476708782648,
          "nrmse": 0.012538851271351908,