{
  "i": 8,
  "j": 9,
  "local_selector_args": {
    "include_center": true,
    "max_points": 7,
    "mode": "circle",
    "radius": null
  },
  "local_selector_points": 7,
  "location": "(8,9)",
  "location_index": 89,
  "raw_report_path": "C:\\github\\EVT_Univariate\\EVT_Classes\\SIM\\_output\\sim_results_all\\blob\\bootstrap_k100\\t_030\\runs_100\\demo_weights_k100_5c6fff0c30fb1252\\raw\\loc_089_i08_j09.json",
  "reports": {
    "full": {
      "gev_params": {
        "mu": {
          "bias": -11.874812504969627,
          "call_true": 97.89930354806042,
          "n_valid": 100,
          "nbias": -0.12129618980527355,
          "nrmse": 0.12130895480545749,
          "nstd": 0.0017597882587363305,
          "rmse": 11.876062189597425,
          "std": 0.1722820449223407
        },
        "sigma": {
          "bias": -3.107687996245316,
          "call_true": 20.957698714353764,
          "n_valid": 100,
          "nbias": -0.14828383777255488,
          "nrmse": 0.148444199558292,
          "nstd": 0.0068981039383765545,
          "rmse": 3.11104881023609,
          "std": 0.14456838404079295
        },
        "xi": {
          "bias": 0.053179601430892946,
          "call_true": 0.04999999999999999,
          "n_valid": 100,
          "nbias": 1.063592028617859,
          "nrmse": 1.0743089029619817,
          "nstd": 0.1513658338064554,
          "rmse": 0.05371544514809907,
          "std": 0.007568291690322769
        }
      },
      "n_runs": 100,
      "pixel": [
        8,
        9
      ],
      "return_levels": {
        "10": {
          "bias": -16.57587366969551,
          "call_true": 147.81752833278145,
          "n_valid": 100,
          "nbias": -0.11213740248976606,
          "nrmse": 0.11219317518231421,
          "nstd": 0.0035371627524971683,
          "rmse": 16.584117851256444,
          "std": 0.5228546553849094
        },
        "100": {
          "bias": -15.164672895900285,
          "call_true": 206.29646168374205,
          "n_valid": 100,
          "nbias": -0.07350912745730041,
          "nrmse": 0.07413650099834068,
          "nstd": 0.009624394045514411,
          "rmse": 15.294097837570893,
          "std": 1.9854784374396988
        }
      },
      "success_rate": 1.0,
      "t_idx": 30,
      "true_params": {
        "mu": 97.89930354806044,
        "sigma": 20.957698714353764,
        "xi": 0.05
      },
      "true_return_levels": {
        "10": 147.81752833278145,
        "100": 206.29646168374208
      }
    },
    "local": {
      "gev_params": {
        "mu": {
          "bias": -2.6897423145399375,
          "call_true": 97.89930354806042,
          "n_valid": 100,
          "nbias": -0.0274745806870781,
          "nrmse": 0.028686539232052978,
          "nstd": 0.008250148433898019,
          "rmse": 2.8083922120220985,
          "std": 0.8076837858467374
        },
        "sigma": {
          "bias": -1.2033210599383013,
          "call_true": 20.957698714353764,
          "n_valid": 100,
          "nbias": -0.057416659927177795,
          "nrmse": 0.06451598152644963,
          "nstd": 0.029421744257062763,
          "rmse": 1.3521065030921446,
          "std": 0.6166120517902896
        },
        "xi": {
          "bias": 0.05439450666308403,
          "call_true": 0.04999999999999999,
          "n_valid": 100,
          "nbias": 1.0878901332616808,
          "nrmse": 1.2228299225606736,
          "nstd": 0.5583977770923033,
          "rmse": 0.06114149612803367,
          "std": 0.02791988885461516
        }
      },
      "n_runs": 100,
      "pixel": [
        8,
        9
      ],
      "return_levels": {
        "10": {
          "bias": -2.469287671160356,
          "call_true": 147.81752833278145,
          "n_valid": 100,
          "nbias": -0.016704971994939945,
          "nrmse": 0.02290587871708885,
          "nstd": 0.015672370288193682,
          "rmse": 3.385890376250537,
          "std": 2.3166510391169117
        },
        "100": {
          "bias": 5.886528275974715,
          "call_true": 206.29646168374205,
          "n_valid": 100,
          "nbias": 0.028534315266147994,
          "nrmse": 0.04933140217414592,
          "nstd": 0.040241521998545256,
          "rmse": 10.176893718423964,
          "std": 8.301683601068355
        }
      },
      "success_rate": 1.0,
      "t_idx": 30,
      "true_params": {
        "mu": 97.89930354806044,
        "sigma": 20.957698714353764,
        "xi": 0.05
      },
      "true_return_levels": {
        "10": 147.81752833278145,
        "100": 206.29646168374208
      }
    },
    "pointwise": {
      "gev_params": {
        "mu": {
          "bias": 0.01780728430961263,
          "call_true": 97.89930354806043,
          "n_valid": 98,
          "nbias": 0.0001818938814091842,
          "nrmse": 0.025104476169336507,
          "nstd": 0.025103817206805233,
          "rmse": 2.457710732916924,
          "std": 2.457646220944048
        },
        "sigma": {
          "bias": -0.4069444165188479,
          "call_true": 20.957698714353768,
          "n_valid": 98,
          "nbias": -0.019417418966908555,
          "nrmse": 0.08523939378487282,
          "nstd": 0.08299830175055485,
          "rmse": 1.7864215335375235,
          "std": 1.7394534018911494
        },
        "xi": {
          "bias": 0.046626788368258544,
          "call_true": 0.049999999999999996,
          "n_valid": 98,
          "nbias": 0.932535767365171,
          "nrmse": 1.855390400063572,
          "nstd": 1.6040107790263487,
          "rmse": 0.09276952000317859,
          "std": 0.08020053895131743
        }
      },
      "n_runs": 100,
      "pixel": [
        8,
        9
      ],
      "return_levels": {
        "10": {
          "bias": 1.9367044241641018,
          "call_true": 147.81752833278145,
          "n_valid": 98,
          "nbias": 0.013101994371087042,
          "nrmse": 0.042734357810406624,
          "nstd": 0.04067632088780726,
          "rmse": 6.316887146423001,
          "std": 6.0126732153067595
        },
        "100": {
          "bias": 13.089399148627976,
          "call_true": 206.29646168374205,
          "n_valid": 98,
          "nbias": 0.06344946026604359,
          "nrmse": 0.1274394781205319,
          "nstd": 0.11052143039058666,
          "rmse": 26.290313415088395,
          "std": 22.800180029804025
        }
      },
      "success_rate": 0.98,
      "t_idx": 30,
      "true_params": {
        "mu": 97.89930354806044,
        "sigma": 20.957698714353764,
        "xi": 0.05
      },
      "true_return_levels": {
        "10": 147.81752833278145,
        "100": 206.29646168374208
      }
    },
    "weighted": {
      "gev_params": {
        "mu": {
          "bias": -1.9353318378553672,
          "call_true": 97.89930354806042,
          "n_valid": 100,
          "nbias": -0.019768596585626172,
          "nrmse": 0.021444671809515134,
          "nstd": 0.008311229635413921,
          "rmse": 2.099418434968256,
          "std": 0.8136635929350229
        },
        "sigma": {
          "bias": -0.8687948462066046,
          "call_true": 20.957698714353764,
          "n_valid": 100,
          "nbias": -0.04145468727497136,
          "nrmse": 0.0520898743072818,
          "nstd": 0.03154146331866585,
          "rmse": 1.091683891800569,
          "std": 0.6610364852424396
        },
        "xi": {
          "bias": 0.051647097952663895,
          "call_true": 0.04999999999999999,
          "n_valid": 100,
          "nbias": 1.0329419590532782,
          "nrmse": 1.1560498618098916,
          "nstd": 0.5191167423786724,
          "rmse": 0.05780249309049456,
          "std": 0.02595583711893362
        }
      },
      "n_runs": 100,
      "pixel": [
        8,
        9
      ],
      "return_levels": {
        "10": {
          "bias": -1.0322387209650434,
          "call_true": 147.81752833278145,
          "n_valid": 100,
          "nbias": -0.006983195650797011,
          "nrmse": 0.01739312074192292,