{
  "i": 9,
  "j": 5,
  "local_selector_args": {
    "include_center": true,
    "max_points": 28,
    "mode": "circle",
    "radius": null
  },
  "local_selector_points": 28,
  "location": "(9,5)",
  "location_index": 95,
  "raw_report_path": "C:\\github\\EVT_Univariate\\EVT_Classes\\SIM\\_output\\sim_results_all\\blob\\bootstrap_k100\\t_030\\runs_100\\demo_weights_k100_5c6fff0c30fb1252\\raw\\loc_095_i09_j05.json",
  "reports": {
    "full": {
      "gev_params": {
        "mu": {
          "bias": -2.940732808115072,
          "call_true": 88.9652238512059,
          "n_valid": 100,
          "nbias": -0.03305485762654225,
          "nrmse": 0.0331115339973827,
          "nstd": 0.0019365099919321505,
          "rmse": 2.945775034133967,
          "std": 0.1722820449223407
        },
        "sigma": {
          "bias": 0.8011226185061261,
          "call_true": 17.04888809960232,
          "n_valid": 100,
          "nbias": 0.04698972823481744,
          "nrmse": 0.04774870474606997,
          "nstd": 0.008479637099862552,
          "rmse": 0.8140623241166971,
          "std": 0.14456838404079297
        },
        "xi": {
          "bias": 0.053179601430892946,
          "call_true": 0.04999999999999999,
          "n_valid": 100,
          "nbias": 1.063592028617859,
          "nrmse": 1.0743089029619817,
          "nstd": 0.1513658338064554,
          "rmse": 0.05371544514809907,
          "std": 0.007568291690322769
        }
      },
      "n_runs": 100,
      "pixel": [
        9,
        5
      ],
      "return_levels": {
        "10": {
          "bias": 1.6684308551564573,
          "call_true": 129.57322380792945,
          "n_valid": 100,
          "nbias": 0.012876355207690331,
          "nrmse": 0.013493828634718912,
          "nstd": 0.004035206040408113,
          "rmse": 1.7484388777122808,
          "std": 0.5228546553849093
        },
        "100": {
          "bias": 13.986510219825904,
          "call_true": 177.14527856801587,
          "n_valid": 100,
          "nbias": 0.0789550268169056,
          "nrmse": 0.07974659770615758,
          "nstd": 0.011208192809256069,
          "rmse": 14.12673326550878,
          "std": 1.9854784374396988
        }
      },
      "success_rate": 1.0,
      "t_idx": 30,
      "true_params": {
        "mu": 88.96522385120589,
        "sigma": 17.048888099602323,
        "xi": 0.05
      },
      "true_return_levels": {
        "10": 129.57322380792948,
        "100": 177.1452785680159
      }
    },
    "local": {
      "gev_params": {
        "mu": {
          "bias": -4.0920395708103845,
          "call_true": 88.9652238512059,
          "n_valid": 100,
          "nbias": -0.04599594531065655,
          "nrmse": 0.046155698232027,
          "nstd": 0.0038368599485820013,
          "rmse": 4.10625202522099,
          "std": 0.34134710421132414
        },
        "sigma": {
          "bias": 0.07187432446472002,
          "call_true": 17.04888809960232,
          "n_valid": 100,
          "nbias": 0.004215777829311728,
          "nrmse": 0.01455231620670771,
          "nstd": 0.01392828504425048,
          "rmse": 0.24810081059818903,
          "std": 0.23746177313879097
        },
        "xi": {
          "bias": 0.06255223885178567,
          "call_true": 0.04999999999999999,
          "n_valid": 100,
          "nbias": 1.2510447770357136,
          "nrmse": 1.2856727021449463,
          "nstd": 0.29638026738018436,
          "rmse": 0.0642836351072473,
          "std": 0.014819013369009214
        }
      },
      "n_runs": 100,
      "pixel": [
        9,
        5
      ],
      "return_levels": {
        "10": {
          "bias": -0.8465554119333865,
          "call_true": 129.57322380792945,
          "n_valid": 100,
          "nbias": -0.006533413208798931,
          "nrmse": 0.009628269567675384,
          "nstd": 0.007072346619822558,
          "rmse": 1.2475659275754787,
          "std": 0.9163867514175217
        },
        "100": {
          "bias": 10.981799373878639,
          "call_true": 177.14527856801587,
          "n_valid": 100,
          "nbias": 0.06199318131790974,
          "nrmse": 0.06552919307772788,
          "nstd": 0.021234891464354352,
          "rmse": 11.608187162091403,
          "std": 3.761660763814634
        }
      },
      "success_rate": 1.0,
      "t_idx": 30,
      "true_params": {
        "mu": 88.96522385120589,
        "sigma": 17.048888099602323,
        "xi": 0.05
      },
      "true_return_levels": {
        "10": 129.57322380792948,
        "100": 177.1452785680159
      }
    },
    "pointwise": {
      "gev_params": {
        "mu": {
          "bias": 0.05348696915592985,
          "call_true": 88.96522385120589,
          "n_valid": 99,
          "nbias": 0.0006012121010945431,
          "nrmse": 0.021633697897086447,
          "nstd": 0.021625342279647273,
          "rmse": 1.9246467761436579,
          "std": 1.9239034167677669
        },
        "sigma": {
          "bias": -0.2707518443491628,
          "call_true": 17.04888809960232,
          "n_valid": 99,
          "nbias": -0.015880909228061523,
          "nrmse": 0.08133735843735626,
          "nstd": 0.07977194118019844,
          "rmse": 1.3867115223157314,
          "std": 1.3600228986692613
        },
        "xi": {
          "bias": 0.061573611704204605,
          "call_true": 0.049999999999999996,
          "n_valid": 99,
          "nbias": 1.2314722340840922,
          "nrmse": 2.160403520616759,
          "nstd": 1.7750547903017586,
          "rmse": 0.10802017603083794,
          "std": 0.08875273951508793
        }
      },
      "n_runs": 100,
      "pixel": [
        9,
        5
      ],
      "return_levels": {
        "10": {
          "bias": 2.612860130206765,
          "call_true": 129.57322380792948,
          "n_valid": 99,
          "nbias": 0.02016512403889781,
          "nrmse": 0.04764283798912988,
          "nstd": 0.04316489064221458,
          "rmse": 6.1732361096104515,
          "std": 5.59301403582847
        },
        "100": {
          "bias": 15.664617111188258,
          "call_true": 177.14527856801587,
          "n_valid": 99,
          "nbias": 0.08842808139068604,
          "nrmse": 0.15768970388528367,
          "nstd": 0.13056231130380105,
          "rmse": 27.93398652206651,
          "std": 23.128497006395843
        }
      },
      "success_rate": 0.99,
      "t_idx": 30,
      "true_params": {
        "mu": 88.96522385120589,
        "sigma": 17.048888099602323,
        "xi": 0.05
      },
      "true_return_levels": {
        "10": 129.57322380792948,
        "100": 177.1452785680159
      }
    },
    "weighted": {
      "gev_params": {
        "mu": {
          "bias": -0.49244240284163365,
          "call_true": 88.9652238512059,
          "n_valid": 100,
          "nbias": -0.005535223557299673,
          "nrmse": 0.006815078709610811,
          "nstd": 0.0039757512483687045,
          "rmse": 0.6063050029641133,
          "std": 0.3537035997878331
        },
        "sigma": {
          "bias": 0.2748302694594107,
          "call_true": 17.04888809960232,
          "n_valid": 100,
          "nbias": 0.01612012864732342,
          "nrmse": 0.02246077946062,
          "nstd": 0.015640590346030804,
          "rmse": 0.38293131565395655,
          "std": 0.2666546746211995
        },
        "xi": {
          "bias": 0.05652161344885826,
          "call_true": 0.04999999999999999,
          "n_valid": 100,
          "nbias": 1.1304322689771655,
          "nrmse": 1.1735832973601894,
          "nstd": 0.3153103885030627,
          "rmse": 0.058679164868009455,
          "std": 0.01576551942515313
        }
      },
      "n_runs": 100,
      "pixel": [
        9,
        5
      ],
      "return_levels": {
        "10": {
          "bias": 2.961523048759973,
          "call_true": 129.57322380792945,
          "n_valid": 100,
          "nbias": 0.022855980284552723,
          "nrmse": 0.024173282926977936,